year,extension,count
1970,1,5
1970,2,1
1970,am,1
1970,ansi,2
1970,apt,211
1970,bat,1
1970,bcc,3
1970,c,313
1970,cfg,3
1970,classpath,1
1970,conf,2
1970,config,1
1970,css,6
1970,dj,3
1970,doc,9
1970,ds,2
1970,fields,3
1970,filter,1
1970,fla,2
1970,gif,6
1970,graffle,1
1970,guess,1
1970,h,180
1970,hpp,2
1970,htaccess,1
1970,html,65
1970,i,1
1970,ico,1
1970,iml,3
1970,in,1
1970,ipr,2
1970,iws,5
1970,jar,3
1970,java,872
1970,jpg,2
1970,js,9
1970,jsfdia,1
1970,jsp,1
1970,launch,4
1970,log,1
1970,mac,2
1970,manx,3
1970,mc6,4
1970,md,5
1970,me,1
1970,mms,2
1970,number,6
1970,odt,4
1970,overview,1
1970,pasl,1
1970,pdf,6
1970,pl,1
1970,png,16
1970,prefs,20
1970,productderivation,1
1970,properties,12
1970,py,161
1970,sas,3
1970,sch,5
1970,sh,7
1970,spec,1
1970,st,5
1970,sub,1
1970,tgz,1
1970,ttf,1
1970,txt,75
1970,unix,2
1970,v2,1
1970,vc,2
1970,vc9,8
1970,vim,6
1970,vm,4
1970,vms,2
1970,wat,3
1970,wsdl,1
1970,xml,500
1970,xsd,12
1970,zip,1
1980,example,1
1980,gitignore,1
1980,hpp,4
1980,jpg,14
1980,js,1
1980,lock,2
1980,md,6
1980,py,2
1980,rb,43
1980,rbs,1
1980,yml,4
1982,asm,1
1982,com,1
1982,doc,2
1982,me,1
1982,scr,1
1993,fnt,1
1994,c,12
1994,con,2
1994,h,4
1994,md,1
1998,cpp,9
1998,def,1
1998,dsp,1
1998,dsw,1
1998,h,11
1998,pal,1
1998,tex,1
1999,ac,8
1999,am,19
1999,bat,8
1999,bmp,1
1999,c,22
1999,cdtproject,2
1999,cpp,376
1999,cproject,2
1999,csv,1
1999,doc,9
1999,dsp,15
1999,dsw,5
1999,gif,21
1999,gitignore,1
1999,gz,1
1999,h,279
1999,hpp,6
1999,html,44
1999,i,1
1999,ico,1
1999,in,38
1999,ini,4
1999,inl,7
1999,jar,2
1999,java,215
1999,jpg,6
1999,lnt,3
1999,m4,7
1999,mak,4
1999,mf,3
1999,old,1
1999,png,2
1999,product,1
1999,project,6
1999,properties,2
1999,py,534
1999,pydevproject,2
1999,rc,1
1999,resx,1
1999,rst,123
1999,sh,1
1999,targetd64rc,3
1999,tgz,8
1999,txt,2
1999,ui,25
1999,vice,1
1999,win32,1
1999,xml,2
1999,zip,10
2000,am,3
2000,c,35
2000,cpp,180
2000,def,15
2000,dos,1
2000,dsp,3
2000,dsw,1
2000,gitattributes,13
2000,h,247
2000,hpp,84
2000,html,55
2000,java,342
2000,js,2
2000,mak,3
2000,map,8
2000,opt,1
2000,patch,1
2000,pfb,2
2000,png,1
2000,ppm,1
2000,ps3,1
2000,py,81
2000,sty,2
2000,tfm,40
2000,ts,9
2000,txt,21
2000,vc,1
2000,vf,4
2001,am,1
2001,bat,7
2001,bin,4
2001,bmp,6
2001,c,10
2001,cache,1
2001,cpp,60
2001,cxx,16
2001,dsp,2
2001,dsw,1
2001,f,8
2001,fhlp,1
2001,ftpc,1
2001,gif,122
2001,gitattributes,28
2001,gitmodules,3
2001,h,37
2001,hpp,79
2001,htm,3
2001,html,18
2001,in,2
2001,ini,1
2001,java,322
2001,jhbuildrc,7
2001,jpg,9
2001,js,1
2001,jsp,1
2001,patch,6
2001,php,1
2001,pl,4
2001,pm,5
2001,png,72
2001,properties,25
2001,py,24
2001,rc,1
2001,scss,1
2001,sgml,1
2001,sh,6
2001,txt,28
2001,xbm,46
2001,xml,3
2001,zip,11
2002,am,10
2002,bat,1
2002,bin,26
2002,bmp,2
2002,c,197
2002,cache,2
2002,cfg,1
2002,cpp,233
2002,cvsignore,5
2002,cxx,11
2002,dat,1
2002,debian,1
2002,def,2
2002,desktop,2
2002,diff,1
2002,dll,1
2002,eps,4
2002,f,7
2002,form,21
2002,gif,10
2002,gitattributes,82
2002,glade,1
2002,gmo,1
2002,h,196
2002,header,6
2002,hpp,22
2002,htf,6
2002,htm,9
2002,html,154
2002,in,51
2002,info,5
2002,jar,2
2002,java,712
2002,jhbuildrc,10
2002,jj,3
2002,jpg,1
2002,log,1
2002,lyx,1
2002,m,3
2002,m4,1
2002,mac,2
2002,mcp,2
2002,mtl,1
2002,nbattrs,3
2002,nib,12
2002,obj,1
2002,output,2
2002,p,35
2002,patch,12
2002,pbxbtree,36
2002,pbxproj,14
2002,pbxsymbols,7
2002,pbxuser,3
2002,plg,1
2002,png,3
2002,po,1
2002,policy,1
2002,prj,2
2002,properties,2
2002,pws,4
2002,py,171
2002,rtf,128
2002,sc,221
2002,scsyndef,20
2002,scw,1
2002,spec,4
2002,status,3
2002,strings,1
2002,sty,2
2002,tags,1
2002,tiff,2
2002,txt,12
2002,user,1
2002,v2,1
2002,vtk3,1
2002,vtk4,5
2002,xml,7
2002,xsl,5
2003,a,1
2003,all,1
2003,am,66
2003,aps,3
2003,bat,14
2003,bib,4
2003,bmp,71
2003,c,355
2003,ccf,6
2003,cfg,3
2003,cmd,1
2003,cnt,2
2003,conf,7
2003,config,3
2003,cpp,947
2003,css,1
2003,cvsignore,22
2003,cxx,2
2003,darwin,1
2003,dat,8
2003,db,5
2003,def,1
2003,dgn,1
2003,diff,2
2003,dll,10
2003,doc,9
2003,doxy,1
2003,dsp,2
2003,dtd,6
2003,dwt,1
2003,ebs,2
2003,ebx,2
2003,el,50
2003,eps,4
2003,exe,2
2003,f,15
2003,fig,2
2003,form,24
2003,gid,1
2003,gif,36
2003,gitattributes,73
2003,gitignore,3
2003,glade,3
2003,grammar,3
2003,gz,1
2003,h,633
2003,hbs,2
2003,hh,31
2003,hlp,2
2003,homer,1
2003,hpp,5
2003,htm,83
2003,html,373
2003,htmsave,1
2003,hva,2
2003,i,1
2003,in,48
2003,ini,1
2003,init,1
2003,ipr,3
2003,isu,1
2003,iws,7
2003,jam,6
2003,jape,21
2003,jar,2
2003,java,2940
2003,jhbuildrc,13
2003,jj,8
2003,jjt,1
2003,jpeg,2
2003,jpg,29
2003,js,1
2003,jsp,12
2003,lbl,2
2003,life,3
2003,links,1
2003,linux,2
2003,log,1
2003,m,72
2003,m4,1
2003,machines,1
2003,mak,6
2003,manifest,1
2003,md,1
2003,mdl,4
2003,mf,1
2003,ml,129
2003,mli,59
2003,mm,2
2003,mnu,3
2003,modules,156
2003,names,1
2003,nbattrs,1
2003,ncb,3
2003,netframe,2
2003,nib,18
2003,ocl,74
2003,opt,3
2003,output,9
2003,patch,2
2003,pbxproj,37
2003,pbxuser,3
2003,pdf,3
2003,perspectivev3,1
2003,php,16
2003,pl,14
2003,plg,3
2003,plm,5
2003,png,2
2003,poesia,2
2003,policy,1
2003,pre,2
2003,pro,1
2003,project,2
2003,prop,6
2003,properties,24
2003,pty,2
2003,py,61
2003,rat,2
2003,rb,1
2003,rc,2
2003,rc2,1
2003,res,4
2003,rst,1
2003,rtf,1300
2003,sc,2198
2003,scc,6
2003,sgml,2
2003,sh,46
2003,share,1
2003,shweby,2
2003,sim,1
2003,sln,4
2003,startup,2
2003,strings,1
2003,sty,3
2003,suo,6
2003,targetd64rc,1
2003,template,17
2003,tex,122
2003,tgz,5
2003,tld,2
2003,trace,2
2003,txt,186
2003,unix,1
2003,url,4
2003,vcproj,17
2003,vthought,5
2003,vtk4,1
2003,w9x,2
2003,x6agg,1
2003,x6data,2
2003,x6dbid,8
2003,x6template,22
2003,xmi,1
2003,xml,77
2003,xpm,86
2003,xsd,2
2003,xsl,34
2003,xslt,1
2003,zargo,1
2003,zip,1
2004,am,81
2004,bak,1
2004,bash,3
2004,bat,4
2004,bib,8
2004,bmp,2
2004,c,108
2004,cfg,3
2004,class,399
2004,classpath,1
2004,conf,1
2004,cpp,650
2004,css,9
2004,cvsignore,2
2004,cxx,3
2004,dat,8
2004,def,2
2004,deps,1
2004,dll,1
2004,doc,2
2004,dsp,8
2004,dsw,3
2004,dtd,12
2004,el,49
2004,eps,19
2004,exceptions,1
2004,f,9
2004,fml,1
2004,form,14
2004,gif,28
2004,gitattributes,38
2004,gitmodules,1
2004,grammar,4
2004,h,361
2004,heavyfilter,1
2004,hh,3
2004,hpp,1
2004,htm,24
2004,html,193
2004,hxx,3
2004,i,4
2004,icns,1
2004,ico,3
2004,in,15
2004,ipf,2
2004,ipr,5
2004,iws,7
2004,jam,6
2004,jar,6
2004,java,2625
2004,jhbuildrc,19
2004,jj,1
2004,jmgomez,4
2004,jpg,24
2004,js,1
2004,jsp,1
2004,jwc,5
2004,key,1
2004,langid,1
2004,library,3
2004,lightfilter,1
2004,lo,2
2004,log,2
2004,m,17
2004,mf,4
2004,ml,16
2004,mm,1
2004,module,10
2004,modules,294
2004,mysql,3
2004,ncb,2
2004,net,4
2004,nib,9
2004,number,1
2004,ocl,58
2004,opt,2
2004,output,8
2004,pbxproj,8
2004,pdf,19
2004,php,19
2004,pl,7
2004,plg,1
2004,plm,1
2004,png,52
2004,pod,3
2004,ppt,1
2004,preamble,1
2004,project,4
2004,prop,1
2004,properties,37
2004,ps,1
2004,py,210
2004,pythonproj,1
2004,r,9
2004,rc,2
2004,rc2,1
2004,rdf,1
2004,rnc,7
2004,rtf,831
2004,rules,2
2004,sc,1149
2004,script,2
2004,sfd,2
2004,sh,34
2004,sln,4
2004,small,1
2004,swp,1
2004,template,8
2004,tex,140
2004,tgz,1
2004,tiff,9
2004,tld,1
2004,ttf,1
2004,txt,66
2004,v2,2
2004,vcproj,20
2004,vcprojtemplate,1
2004,vthought,18
2004,vtk3,1
2004,vtk4,2
2004,wav,4
2004,world,2
2004,xmi,15
2004,xml,132
2004,xmlc,1
2004,xsd,1
2004,xsl,5
2004,zip,4
2004,zuml,3
2005,0,1
2005,1,1
2005,8,8
2005,a,1
2005,ac,1
2005,afl,2
2005,am,6
2005,aux,17
2005,bat,6
2005,boo,2
2005,c,549
2005,cab,19
2005,cc,39
2005,cdtbuild,2
2005,cfg,2
2005,chm,2
2005,class,5
2005,classpath,14
2005,cmbx,1
2005,config,3
2005,cpp,341
2005,cs,91
2005,csdproj,2
2005,csproj,8
2005,css,28
2005,csv,2
2005,cvsignore,22
2005,cxx,2
2005,db,4
2005,dcu,13
2005,defs,1
2005,dev,3
2005,dfm,8
2005,dll,21
2005,doc,2
2005,dof,9
2005,dpr,6
2005,dsp,2
2005,dtd,1
2005,dvi,9
2005,el,42
2005,eps,1
2005,exe,29
2005,f90,90
2005,fedora,2
2005,flow,2
2005,form,16
2005,fs,10
2005,gif,124
2005,gitattributes,49
2005,gpl,1
2005,h,183
2005,hhc,1
2005,hhk,1
2005,hhp,2
2005,hpp,25
2005,htf,534
2005,htm,71
2005,html,352
2005,hxx,3
2005,i,7
2005,ico,2
2005,in,15
2005,inc,4
2005,inf,4
2005,ini,15
2005,ipr,7
2005,iss,2
2005,iws,17
2005,j2ee,1
2005,jam,4
2005,jar,8
2005,java,2063
2005,jhbuildrc,6
2005,jj,1
2005,jpeg,1
2005,jpg,111
2005,js,3
2005,jsmooth,2
2005,jsp,11
2005,jude,1
2005,jwc,9
2005,lib,8
2005,library,5
2005,linux,2
2005,llb,1
2005,lng,10
2005,lof,1
2005,log,2
2005,m,95
2005,m4,2
2005,make,12
2005,map,1
2005,mdb,3
2005,mingw,1
2005,mm,11
2005,mode1,9
2005,modules,261
2005,mysql,3
2005,ncb,1
2005,nib,35
2005,nt,1
2005,number,10
2005,odt,8
2005,opt,1
2005,out,1
2005,ovml,6
2005,owl,2
2005,pal,1
2005,pas,5
2005,patch,2
2005,pbxproj,16
2005,pbxuser,9
2005,pdf,20
2005,php,381
2005,pl,13
2005,plist,5
2005,png,63
2005,ppm,11
2005,ppt,1
2005,prefs,3
2005,prj,3
2005,prjx,2
2005,pro,1
2005,project,6
2005,properties,43
2005,py,79
2005,rc,3
2005,rdf,4
2005,res,7
2005,resx,15
2005,rnc,2
2005,rst,2
2005,rtf,474
2005,runtime,1
2005,sc,539
2005,scc,2
2005,sconscript,2
2005,script,1
2005,sed,2
2005,sh,32
2005,sha1,1
2005,sln,4
2005,spec,6
2005,sql,25
2005,strings,1
2005,sty,8
2005,sun,1
2005,sxd,4
2005,sxw,2
2005,tcp,1
2005,template,25
2005,tex,26
2005,tiff,7
2005,tpl,2
2005,tpm,4
2005,tps,2
2005,txt,82
2005,ub,9
2005,ui,7
2005,user,4
2005,v2,1
2005,vc,2
2005,vcproj,26
2005,vm,1
2005,websettings,1
2005,win,2
2005,windows,4
2005,wtpmodules,1
2005,xcproj,1
2005,xls,2
2005,xml,207
2005,xrc,1
2005,xsl,2
2005,zip,5
2006,0,2
2006,0000000001,1
2006,001,1
2006,1,6
2006,2,2
2006,8,3
2006,a,16
2006,a51,5
2006,ac,121
2006,activity,33
2006,all,1
2006,am,357
2006,apt,21
2006,arff,1
2006,aux,3
2006,awk,1
2006,bak,1
2006,bat,5
2006,bib,2
2006,bogus,1
2006,boo,5
2006,booproj,1
2006,bzrignore,1
2006,c,242
2006,cab,5
2006,cbp,1
2006,cc,79
2006,cfg,23
2006,cfindrefs,1
2006,cfm,1
2006,class,229
2006,classpath,106
2006,cmbx,1
2006,cmd,4
2006,conf,6
2006,config,3
2006,cpp,600
2006,cs,716
2006,csproj,52
2006,css,57
2006,cvsignore,13
2006,cxx,9
2006,dat,4
2006,db,7
2006,def,1
2006,defs,18
2006,desktop,1
2006,dev,1
2006,dia,10
2006,dll,19
2006,doc,27
2006,ds,1
2006,dsp,14
2006,dsw,4
2006,dtd,3
2006,el,8
2006,example,1
2006,exe,23
2006,f90,70
2006,fatjar,1
2006,findrefs,1
2006,form,71
2006,fs,4
2006,g,22
2006,gd,1
2006,gen,3
2006,gif,86
2006,gitattributes,19
2006,gitignore,25
2006,glade,3
2006,gpj,1
2006,h,656
2006,helpindex,5
2006,hpp,7
2006,htaccess,1
2006,htf,5
2006,htm,14
2006,html,709
2006,i,2
2006,icns,12
2006,ico,10
2006,iml,10
2006,in,63
2006,inc,8
2006,inf,5
2006,info,4
2006,ini,6
2006,init,1
2006,ipf,10
2006,ipr,7
2006,irix,1
2006,iws,67
2006,jar,78
2006,jardesc,4
2006,java,6698
2006,jbx,1
2006,jhbuildrc,4
2006,jhm,1
2006,jj,1
2006,jpg,26
2006,js,101
2006,jsp,75
2006,jude,4
2006,jwc,4
2006,kdevelop,4
2006,kdevses,7
2006,launch,1
2006,layout,1
2006,lib,2
2006,library,1
2006,list,4
2006,llb,1
2006,log,2
2006,lyx,11
2006,m,140
2006,m4,1
2006,mak,8
2006,make,1
2006,map,1
2006,mex,3
2006,mf,25
2006,mingw2,1
2006,mm,1
2006,mode1,52
2006,module,3
2006,modules,278
2006,mysql,2
2006,nbattrs,2
2006,ndoc,1
2006,nib,143
2006,nsi,3
2006,number,6
2006,odg,3
2006,old,3
2006,orig2,1
2006,override,14
2006,ovml,5
2006,patch,3
2006,pbxproj,36
2006,pbxuser,55
2006,pch,1
2006,pcs,7
2006,pdb,2
2006,pdf,71
2006,pfm,26
2006,php,1982
2006,pl,14
2006,plantilla,4
2006,plist,7
2006,plm,1
2006,pmproj,2
2006,pnd,1
2006,png,229
2006,po,4
2006,ppt,3
2006,preamble,1
2006,prefs,13
2006,prjx,1
2006,pro,7
2006,project,36
2006,properties,166
2006,py,2428
2006,pyc,26
2006,qbk,1
2006,qrc,1
2006,rake,4
2006,rb,198
2006,rc,13
2006,rdf,1
2006,res,1
2006,resx,28
2006,rmg,1
2006,rnc,7
2006,rss,1
2006,rtf,209
2006,rules,1
2006,sample,3
2006,sc,220
2006,scd,4
2006,scm,25
2006,sconscript,1
2006,script,2
2006,sed,1
2006,ser,1
2006,sh,48
2006,sln,12
2006,solaris,1
2006,spec,4
2006,sql,78
2006,src,11
2006,status,1
2006,strings,26
2006,sty,1
2006,suo,6
2006,swp,2
2006,targetd64rc,1
2006,tcp,1
2006,tcsh,4
2006,template,9
2006,tex,412
2006,tgz,4
2006,tif,1
2006,tld,1
2006,tmp,3
2006,tomcatplugin,3
2006,tpl,1
2006,txt,358
2006,ui,20
2006,unitlib,4
2006,url,1
2006,user,3
2006,v2,3
2006,vbs,2
2006,vcp,1
2006,vcproj,30
2006,vcw,1
2006,vm,9
2006,vsdotnet,1
2006,war,1
2006,wat,2
2006,win32,1
2006,windows,1
2006,wsdd,3
2006,wsdl,1
2006,wsmode,1
2006,wstcref,1
2006,wtpmodules,3
2006,xcproj,1
2006,xmap,1
2006,xml,1071
2006,xpm,3
2006,xsd,46
2006,xsl,5
2006,zip,14
2007,000,1
2007,001,2
2007,002,1
2007,1,21
2007,10,1
2007,2,1
2007,20060531,1
2007,20060601,1
2007,20060603,1
2007,2dm,1
2007,3,3
2007,3ds,5
2007,3t,33
2007,4xt,1
2007,5,1
2007,7,1
2007,9,1
2007,a,7
2007,a51,2
2007,ac,118
2007,actionscriptproperties,1
2007,addin,1
2007,all,1
2007,alpha,1
2007,am,412
2007,application,8
2007,apt,9
2007,arm,1
2007,armv4,1
2007,as,26
2007,asm,9
2007,aspx,3
2007,atg,9
2007,autonant,3
2007,backup,4
2007,bak,15
2007,bas,43
2007,bat,35
2007,ben,13
2007,bi,6
2007,bib,3
2007,bin,1
2007,bkl,1
2007,blend,3
2007,bmp,114
2007,boo,9
2007,bsc,1
2007,btm,2
2007,build,6
2007,bxrc,4
2007,bz2,14
2007,bzrignore,1
2007,c,1854
2007,cache,9
2007,cbp,20
2007,cc,40
2007,cd,2
2007,cdtbuild,16
2007,cdtproject,3
2007,cfc,7
2007,cfg,5
2007,cfm,36
2007,cgi,2
2007,chm,4
2007,class,502
2007,classpath,199
2007,cmake,2
2007,cmd,6
2007,command,7
2007,component,1
2007,conf,9
2007,config,21
2007,contentproj,2
2007,cpp,6745
2007,cpr,1
2007,cproject,1
2007,cs,543
2007,csd,2
2007,csproj,66
2007,css,92
2007,csv,38
2007,cup,1
2007,cur,1
2007,cvsignore,2
2007,d,22
2007,dat,15
2007,data,1
2007,datastorefactoryspi,1
2007,db,11
2007,dbf,21
2007,dbml,1
2007,dbt,3
2007,deb,7
2007,def,18
2007,defaults,4
2007,defs,43
2007,dep,7
2007,dev,6
2007,dia,1
2007,dll,31
2007,dmf,50
2007,doc,25
2007,docbook,1
2007,dpt,1
2007,dsp,96
2007,dss,13
2007,dsw,5
2007,dtd,15
2007,dylib,1
2007,el,16
2007,em,3
2007,env,1
2007,err,6
2007,etd,1
2007,ettm,1
2007,etup,1
2007,exe,29
2007,exsd,1
2007,extra,21
2007,f90,134
2007,fcgi,1
2007,flac,1
2007,flex,9
2007,fml,2
2007,form,32
2007,frag,3
2007,fs,3
2007,fth,6
2007,fx,8
2007,g,15
2007,gdbinit,3
2007,gif,91
2007,gitattributes,5
2007,gitignore,31
2007,glade,1
2007,gtkrc,3
2007,gz,20
2007,h,5726
2007,head,2
2007,header,2
2007,helpindex,2
2007,hlsl,5
2007,hmap,1
2007,hpp,743
2007,hs,1
2007,htf,2
2007,htm,248
2007,html,2271
2007,hxs,2
2007,i,20
2007,icns,4
2007,ico,61
2007,icproj,1
2007,idb,1
2007,idl,3
2007,ilk,1
2007,iml,7
2007,in,100
2007,inc,24
2007,index,4
2007,inf,2
2007,info,109
2007,ini,26
2007,inputrc,2
2007,install,1
2007,ipf,274
2007,ipl,3
2007,ipr,4
2007,iso,6
2007,iss,1
2007,iws,23
2007,j9,1
2007,j9cdc,1
2007,j9cldc,1
2007,j9foun,1
2007,j9midp,1
2007,j9w,1
2007,j9wcdc,1
2007,j9wcldc,1
2007,j9wfoun,1
2007,j9wmidp,1
2007,jad,5
2007,jam,2
2007,jar,105
2007,jardesc,7
2007,java,12005
2007,jflex,1
2007,jhbuildrc,15
2007,jhm,2
2007,jj,1
2007,jpage,2
2007,jpg,231
2007,js,188
2007,jsp,68
2007,jude,2
2007,jwc,37
2007,k,19
2007,kdevelop,6
2007,kdevses,3
2007,kpf,3
2007,languages,1
2007,launch,12
2007,layout,2
2007,lcc,2
2007,lck,3
2007,leemeelcorreorc,1
2007,lex,1
2007,lib,5
2007,library,9
2007,linkfilelist,3
2007,linux,8
2007,list,2
2007,llb,11
2007,lnk,1
2007,log,6
2007,lst,173
2007,lua,1
2007,lvclass,2
2007,lvlib,5
2007,lvproj,3
2007,lyx,53
2007,m,414
2007,m4,2
2007,mak,6
2007,make,1
2007,manifest,3
2007,map,4
2007,mdp,1
2007,menu,3
2007,mf,36
2007,mips,1
2007,mk,48
2007,mm,9
2007,mo,2
2007,mode1,8
2007,mode1v3,2
2007,module,7
2007,modules,399
2007,msi,1
2007,mtl,2
2007,mtoolsrc,1
2007,mxml,6
2007,nbattrs,1
2007,nc,84
2007,ncb,5
2007,ndoc,1
2007,next,3
2007,nib,131
2007,nsi,1
2007,number,6
2007,o,18
2007,ob,2
2007,obj,3
2007,odp,8
2007,odt,11
2007,ogg,8
2007,old,13
2007,opml,1
2007,opt,1
2007,orc,5
2007,out,8
2007,override,27
2007,ovml,3
2007,page,6
2007,pal,2
2007,patch,2
2007,pbxbtree,12
2007,pbxproj,52
2007,pbxsymbols,4
2007,pbxuser,10
2007,pch,2
2007,pcs,2
2007,pct,3
2007,pdb,20
2007,pdf,70
2007,php,1513
2007,pl,14
2007,plantilla,1
2007,plg,2
2007,plist,23
2007,plo,15
2007,png,284
2007,po,129
2007,policy,1
2007,pot,14
2007,pp,2
2007,ppt,3
2007,pptx,1
2007,praat,1
2007,prefs,56
2007,pro,19
2007,project,109
2007,properties,245
2007,psd,6
2007,pwd,1
2007,py,3273
2007,pyc,11
2007,pydevproject,1
2007,qrc,16
2007,querycache,1
2007,r,5
2007,rake,2
2007,rb,104
2007,rc,67
2007,rc2,24
2007,rdf,1
2007,rdt,14
2007,resources,13
2007,resx,52
2007,rhtml,7
2007,rmg,1
2007,rnc,3
2007,rrf,1
2007,rt1,1
2007,rt2,1
2007,rt4,1
2007,rt5,1
2007,rt6,1
2007,rt7,1
2007,rt8,1
2007,rta,1
2007,rtc,1
2007,rte,1
2007,rtf,152
2007,rth,1
2007,rti,1
2007,rtm,1
2007,rtp,1
2007,rtr,1
2007,rts,1
2007,rtt,1
2007,rtz,1
2007,rxml,2
2007,s,16
2007,sbn,1
2007,sbx,1
2007,sc,481
2007,scc,5
2007,scd,19
2007,scm,37
2007,sco,6
2007,script,17
2007,security,1
2007,ser,1
2007,settings,5
2007,sgf,2
2007,sgfi,2
2007,sh,137
2007,sh3,1
2007,sh4,1
2007,shfb,7
2007,shp,2
2007,shx,1
2007,skip,1
2007,sln,73
2007,solaris,2
2007,spec,14
2007,springbeans,1
2007,sql,49
2007,ss,2
2007,strings,18
2007,sty,8
2007,suo,52
2007,svg,22
2007,swf,20
2007,swp,3
2007,t,4
2007,tag,1
2007,take,3
2007,tamrc,2
2007,tcp,1
2007,template,5
2007,testrunconfig,1
2007,tex,54
2007,tga,17
2007,tgz,7
2007,tlb,1
2007,tld,1
2007,toc,1
2007,tpl,89
2007,txt,597
2007,types,3
2007,ui,64
2007,uml,4
2007,unitlib,2
2007,user,17
2007,v2,1
2007,vb,36
2007,vbdproj,1
2007,vbproj,1
2007,vc,1
2007,vcproj,331
2007,vdproj,4
2007,version,1
2007,vert,3
2007,vi,92
2007,vim,1
2007,vm,7
2007,vp,5
2007,vsd,1
2007,vsmdi,1
2007,war,3
2007,wat,1
2007,wav,2
2007,wce420x86,1
2007,wiki,391
2007,wixet,1
2007,wmf,1
2007,wsdl,1
2007,wsmode,6
2007,wstcref,3
2007,wswmgr,1
2007,x,5
2007,x86,1
2007,xccurrentversion,1
2007,xcf,1
2007,xml,2472
2007,xpm,4
2007,xsd,176
2007,xsl,10
2007,yml,6
2007,zargo,1
2007,zerolink,1
2007,zip,20
2007,zpt,7
2007,zuml,1
2008,0,2
2008,1,3
2008,11cd,1
2008,2,1
2008,3,1
2008,4,1
2008,4xt,3
2008,5,1
2008,6,1
2008,8,2
2008,a,4
2008,ac,127
2008,ad,1
2008,addin,3
2008,afc,2
2008,aff,1
2008,afl,1
2008,aidl,1
2008,aip,5
2008,ajsv,6
2008,all,1
2008,alx,1
2008,am,305
2008,app,1
2008,apt,108
2008,as,8
2008,ascx,1
2008,asl,1
2008,asmx,3
2008,aspx,89
2008,asv,3
2008,attr,43
2008,au,11
2008,aux,1
2008,avi,1
2008,awk,3
2008,b32,1
2008,backup,1
2008,bak,48
2008,bak1,1
2008,bat,103
2008,bcc,1
2008,bdsgroup,1
2008,bdsproj,3
2008,ben,10
2008,bib,1
2008,bk,4
2008,blg,1
2008,blob,1
2008,bmarks,2
2008,bmp,127
2008,bog,2
2008,bom,6
2008,borderwalk,1
2008,bpg,1
2008,bsp,2
2008,build,5
2008,bzero,1
2008,c,5034
2008,cache,43
2008,cbp,14
2008,cbproj,6
2008,cc,17
2008,cfg,161
2008,chat,1
2008,chm,2
2008,class,481
2008,classpath,95
2008,cmake,2
2008,cmc,24
2008,cnf,14
2008,cnt,2
2008,command,2
2008,comments,1
2008,conf,22
2008,config,16
2008,contentproj,9
2008,cpp,4822
2008,cproject,6
2008,cs,1209
2008,csh,5
2008,csproj,134
2008,css,284
2008,csv,88
2008,ctp,18
2008,cub,1
2008,cvsignore,7
2008,cwconfig,1
2008,d,1
2008,dae,4
2008,dat,5
2008,data,8
2008,db,45
2008,dbd,4
2008,dblite,1
2008,dcu,25
2008,deb,1
2008,def,2
2008,defaults,4
2008,defs,1
2008,del,1
2008,dep,2
2008,depend,9
2008,desktop,5
2008,dev,1
2008,dfm,6
2008,dia,6
2008,dig,1
2008,dll,36
2008,doc,116
2008,docx,6
2008,dof,1
2008,dpk,5
2008,dpr,7
2008,dproj,7
2008,dsk,4
2008,dsp,22
2008,dss,13
2008,dsw,4
2008,dtd,27
2008,dvi,1
2008,dxx,1
2008,dylib,3
2008,eap,9
2008,eclipseproduct,1
2008,el,2
2008,elwood,1
2008,em,2
2008,env,1
2008,eps,1
2008,erb,3
2008,err,2
2008,etd,1
2008,etld,1
2008,etlp,2
2008,ettm,1
2008,example,2
2008,exe,56
2008,exsd,5
2008,extra,7
2008,f,2
2008,f90,78
2008,fatjar,2
2008,fbp,1
2008,fbz5,2
2008,filelist,2
2008,flt,334
2008,form,18
2008,fth,1
2008,ftp,1
2008,g,3
2008,gcc,1
2008,gdbinit,4
2008,gem,9
2008,gemspec,7
2008,gen,9
2008,genmodel,1
2008,gid,1
2008,gif,246
2008,gitattributes,7
2008,gitignore,18
2008,glade,1
2008,good,2
2008,good2,1
2008,good3,1
2008,good4,1
2008,good5,1
2008,graffle,4
2008,grid,1
2008,groovy,53
2008,groupproj,3
2008,gsp,15
2008,gtkrc,3
2008,gvc,2
2008,gz,14
2008,h,5001
2008,head,1
2008,hgignore,1
2008,hhc,1
2008,hhh,1
2008,hhk,1
2008,hlp,3
2008,hpj,1
2008,hpp,308
2008,hpr,1
2008,hpt,1
2008,hs,10
2008,htaccess,6
2008,htf,14
2008,htm,66
2008,html,1959
2008,i,1
2008,icns,7
2008,ico,32
2008,idb,6
2008,idea,1
2008,idl,63
2008,idx,1
2008,ignore,2
2008,ilk,5
2008,img,1
2008,iml,1
2008,in,306
2008,inc,22
2008,index,5
2008,inf,3
2008,info,44
2008,ini,26
2008,init,2
2008,inl,8
2008,inputrc,6
2008,install,9
2008,int,8
2008,ipf,6
2008,ipr,1
2008,iws,2
2008,jad,1
2008,jar,97
2008,jardesc,2
2008,java,17614
2008,javajet,6
2008,javajetinc,21
2008,jbf,1
2008,jetproperties,1
2008,jflex,1
2008,jhbuildrc,20
2008,jhm,1
2008,jj,1
2008,jnlp,1
2008,jpg,280
2008,js,362
2008,json,8
2008,jsp,185
2008,jspf,61
2008,jspx,164
2008,jude,1
2008,kdevelop,2
2008,kdevses,2
2008,key,2
2008,keystore,1
2008,kid,57
2008,kilepr,1
2008,kpf,4
2008,launch,5
2008,layout,17
2008,lck,3
2008,lib,2
2008,linux,3
2008,llb,5
2008,lnk,2
2008,lnt,2
2008,local,9
2008,log,12
2008,login,5
2008,lst,38
2008,lua,318
2008,lvproj,1
2008,lyx,3
2008,m,204
2008,m4,6
2008,make,1
2008,man,1
2008,manifest,3
2008,map,1
2008,mappings,2
2008,master,3
2008,mat,118
2008,max,2
2008,maxhelp,398
2008,maxpat,618
2008,md5,1
2008,mdb,1
2008,mdl,28
2008,mf,97
2008,mht,1
2008,mif,3
2008,mine,1
2008,mk,32
2008,mm,1
2008,mmp,3
2008,mode1,4
2008,mode1v3,5
2008,module,26
2008,modules,523
2008,movobj,1
2008,mp3,5
2008,msi,12
2008,mtl,7
2008,mud,41
2008,mwb,1
2008,mxml,1
2008,n3,9
2008,navdata,12
2008,nbattrs,3
2008,nc,34
2008,ncb,6
2008,new,1
2008,nib,50
2008,nsi,3
2008,number,1
2008,nut,4
2008,obj,8
2008,object,6
2008,obs,1
2008,ods,1
2008,odt,2
2008,ogg,2
2008,old,2
2008,opt,2
2008,orig,1
2008,osx,2
2008,out,15
2008,override,2
2008,p,9
2008,packaging,2
2008,pas,103
2008,passwd,1
2008,patch,33
2008,pbxproj,34
2008,pbxuser,9
2008,pc,1
2008,pch,4
2008,pci,3
2008,pcs,2
2008,pct,58
2008,pcx,2
2008,pdb,45
2008,pdf,127
2008,pem,32
2008,pfx,3
2008,php,1595
2008,pjd,1
2008,pkcs12,1
2008,pkgmeta,2
2008,pl,63
2008,plain,4
2008,plg,2
2008,plist,28
2008,pm,1
2008,pmproj,7
2008,png,667
2008,po,481
2008,pom,1
2008,pot,8
2008,ppt,7
2008,prefs,73
2008,prej,1
2008,prj,4
2008,pro,27
2008,product,21
2008,profile,1
2008,project,87
2008,properties,385
2008,prs,1
2008,prt,1
2008,ps,2
2008,ps1,13
2008,psd,9
2008,pspimage,1
2008,psproj,1
2008,py,3372
2008,pyc,34
2008,pyd,1
2008,pydevproject,3
2008,pyi,1
2008,pyw,2
2008,qbk,11
2008,qm,3
2008,qrc,8
2008,rake,3
2008,rar,8
2008,ravel,1
2008,rb,469
2008,rbbas,59
2008,rbfrm,19
2008,rbh,1
2008,rbmnu,1
2008,rbo,2
2008,rbp,1
2008,rbres,2
2008,rbuistate,2
2008,rbvcp,2
2008,rbx,7
2008,rc,31
2008,rc2,1
2008,rdf,28
2008,rdoc,2
2008,readme,1
2008,real,5
2008,ref,1
2008,res,3
2008,resources,7
2008,resx,100
2008,rgb,17
2008,rgba,76
2008,rid,1
2008,rnc,1
2008,rsp,8
2008,rta,1
2008,rtf,35
2008,rtk,1
2008,rts,1
2008,s,8
2008,sample,2
2008,save,66
2008,sc,1150
2008,scala,282
2008,scd,30
2008,sch,4
2008,scpt,15
2008,script,16
2008,sed,2
2008,settings,2
2008,sgm,1
2008,sh,1559
2008,sha1,5
2008,shtml,15
2008,sit,1
2008,sizes,1
2008,sln,81
2008,smap,6
2008,so,5
2008,sparql,29
2008,spec,19
2008,springbeans,6
2008,sql,104
2008,sqlite,1
2008,src,8
2008,status,1
2008,strings,15
2008,sty,2
2008,suo,48
2008,svg,45
2008,svnignore,1
2008,swf,2
2008,swp,4
2008,sxw,1
2008,symbian,2
2008,tab,1
2008,tac,1
2008,taki,1
2008,tar,1
2008,tdg,2
2008,template,22
2008,tests,1
2008,testsham,1
2008,tex,16
2008,tga,19
2008,tgproj,1
2008,tgz,2
2008,tif,5
2008,tiff,4
2008,tld,1
2008,tml,4
2008,tmp,2
2008,tmproj,3
2008,tmx,11
2008,toc,43
2008,tpl,161
2008,tra,7
2008,ts,8
2008,tsk,1
2008,tsp,1
2008,tsx,4
2008,ttf,1
2008,ttl,40
2008,txt,2687
2008,txvclassdiagram20,1
2008,ui,29
2008,uml,14
2008,user,2
2008,usermap,1
2008,vala,11
2008,vapi,9
2008,vbproj,2
2008,vbs,1
2008,vc,8
2008,vcp,7
2008,vcpro,1
2008,vcproj,158
2008,vddproj,7
2008,vdproj,6
2008,vi,21
2008,vim,6
2008,vm,3
2008,vmf,1
2008,vmx,1
2008,vsd,2
2008,vtf,3
2008,vto,2
2008,war,10
2008,wat,4
2008,wau,10
2008,wav,716
2008,wiki,222
2008,win,1
2008,win32,3
2008,wmf,18
2008,wmo,1
2008,workspace,4
2008,wsdd,22
2008,wsdl,35
2008,wsml,2
2008,wtf,3
2008,wxg,1
2008,wxs,1
2008,x,1
2008,xccurrentversion,1
2008,xcf,1
2008,xhtml,55
2008,xib,11
2008,xls,13
2008,xlsx,1
2008,xml,2316
2008,xo,1
2008,xpm,2
2008,xsd,115
2008,xsl,11
2008,xul,15
2008,yaml,2
2008,yml,22
2008,zip,12
2009,0,6
2009,1,11
2009,11,2
2009,2,7
2009,3,4
2009,4,2
2009,7z,3
2009,8,7
2009,a,2
2009,ac,97
2009,actionscriptproperties,11
2009,air,8
2009,aliases,13
2009,als,1
2009,am,96
2009,ant,5
2009,apk,4
2009,application,13
2009,aps,2
2009,apt,66
2009,args,13
2009,artefacts,41
2009,as,2043
2009,asax,2
2009,ascx,39
2009,ashx,3
2009,asm,6
2009,asmx,7
2009,aspx,430
2009,aux,10
2009,avi,1
2009,backup,7
2009,bak,10
2009,bas,10
2009,bash,23
2009,bat,60
2009,bb,6
2009,bbl,2
2009,bcc,1
2009,bib,12
2009,bid,1
2009,blend,1
2009,blg,2
2009,bmp,82
2009,bmx,1
2009,bnf,1
2009,bok,2
2009,bpm,1
2009,bpr,1
2009,brd,24
2009,brx,1
2009,bsc,3
2009,bsh,1
2009,bsp,7
2009,bz2,3
2009,c,4148
2009,cab,1
2009,cache,74
2009,cachefile,21
2009,cat,1
2009,cbp,40
2009,cbplugin,1
2009,cc,71
2009,cd,1
2009,cer,50
2009,cert,1
2009,cfg,70
2009,cfm,1
2009,cg,3
2009,cgfx,39
2009,cgi,4
2009,class,1584
2009,classpath,119
2009,cls,2
2009,cmake,8
2009,cmd,3
2009,cnf,1
2009,command,2
2009,component,23
2009,conf,19
2009,config,55
2009,contentproj,51
2009,cpp,7348
2009,cproject,7
2009,cs,2065
2009,csh,5
2009,csi,1
2009,csproj,195
2009,css,282
2009,csv,500
2009,ctl,7
2009,ctp,116
2009,cu,111
2009,cvsignore,4
2009,cwconfig,1
2009,cxx,3
2009,d,6
2009,dat,11
2009,datamodel,3
2009,datasource,1
2009,datastorefactory,1
2009,db,99
2009,db3,6
2009,dbd,1
2009,dblite,2
2009,dbml,8
2009,ddl,4
2009,dds,1
2009,debug,2
2009,def,1
2009,defaults,1
2009,del,2
2009,dep,9
2009,depend,12
2009,deploy,1
2009,der,3
2009,desktop,7
2009,dex,4
2009,dff,1
2009,dfm,2
2009,dia,4
2009,directory,1
2009,dll,138
2009,dmc,1
2009,dms,1
2009,doap,4
2009,doc,87
2009,docx,61
2009,dof,1
2009,dot,1
2009,dpatch,9
2009,dpr,1
2009,dpt,1
2009,drl,1
2009,dropbox,1
2009,dsp,6
2009,dsw,2
2009,dtd,8
2009,dtx,329
2009,dwt,3
2009,e4pz,3
2009,e4q,2
2009,e4sz,2
2009,e4tz,2
2009,eclipseme,3
2009,ecore,22
2009,ecoredi,2
2009,ecorediag,7
2009,egg,1
2009,el,20
2009,elc,1
2009,em,1
2009,env,1
2009,enwiki,1
2009,epj,1
2009,eps,64
2009,erb,119
2009,exclude,1
2009,exe,91
2009,exp,2
2009,exsd,45
2009,f,5
2009,f90,900
2009,fatjar,3
2009,fbprefs,4
2009,fbx,11
2009,feature,21
2009,fig,6
2009,filelist,1
2009,fits,2
2009,flexproperties,1
2009,flv,1
2009,form,85
2009,forth,11
2009,frm,2
2009,fth,30
2009,ftl,60
2009,fx,1
2009,g,21
2009,gaudete,3
2009,gcc,1
2009,gd,1
2009,gdbinit,1
2009,gdbtkinit,1
2009,gemspec,29
2009,gen,20
2009,generated,1
2009,genmodel,22
2009,gif,230
2009,gih,1
2009,gitattributes,51
2009,gitconfig,1
2009,gitignore,44
2009,gitmodules,4
2009,glade,15
2009,gp,29
2009,gpx,5
2009,graffle,1
2009,groovy,238
2009,gsp,299
2009,gy,4
2009,gz,5
2009,h,6037
2009,haml,23
2009,header,1
2009,hgignore,7
2009,hgsvnexternals,7
2009,hgtags,1
2009,hh,7
2009,history,1
2009,hlp,1
2009,hmap,1
2009,hpp,928
2009,hs,1
2009,htm,509
2009,html,2405
2009,htmljet,1
2009,hxx,7
2009,i,52
2009,icns,1
2009,ico,38
2009,icproj,2
2009,idb,12
2009,idl,6
2009,ilk,12
2009,iml,16
2009,in,373
2009,inc,16
2009,index,7
2009,inf,1
2009,info,14
2009,ini,35
2009,inl,5
2009,ins,11
2009,install,2
2009,ipr,11
2009,irafdev,5
2009,irafx,1
2009,iss,8
2009,iws,7
2009,jad,10
2009,jam,3
2009,jar,177
2009,jardesc,3
2009,jasper,3
2009,java,16616
2009,javajet,13
2009,javajetinc,4
2009,jflex,1
2009,jhbuildrc,34
2009,jj,9
2009,jks,2
2009,joe,1
2009,jou,1
2009,jpg,400
2009,js,561
2009,jsdtscope,1
2009,json,32
2009,jsp,199
2009,jspf,19
2009,jude,1
2009,kdevelop,2
2009,keys,1
2009,keystore,54
2009,launch,22
2009,layout,25
2009,lck,1
2009,ld,1
2009,lhs,1
2009,lib,46
2009,libmv,4
2009,lin,2
2009,linkfilelist,1
2009,linux,8
2009,list,4
2009,ll,8
2009,lnk,1
2009,loc,4
2009,lock,1
2009,lof,2
2009,log,108
2009,lst,2
2009,lua,241
2009,lvproj,16
2009,lyx,12
2009,m,390
2009,m4,34
2009,mac,3
2009,macosx,2
2009,mak,2
2009,make,1
2009,manifest,7
2009,map,4
2009,markdown,13
2009,master,43
2009,mat,5
2009,material,1
2009,max,9
2009,maxhelp,263
2009,maxpat,295
2009,mcp,1
2009,md,2
2009,mdl,9
2009,mexa64,2
2009,mexw32,4
2009,mf,360
2009,mht,2
2009,mif,1
2009,mine,1
2009,mingw,1
2009,mk,58
2009,mkl,1
2009,mm,8
2009,mo,35
2009,mod,4
2009,mode1,3
2009,mode1v3,2
2009,model,1
2009,modeldoc,11
2009,module,5
2009,modules,652
2009,mp3,14
2009,mpg,10
2009,mpp,12
2009,mwb,7
2009,mxml,468
2009,myhibernatedata,2
2009,mymetadata,1
2009,n3,12
2009,navdata,7
2009,nbattrs,2
2009,ncb,24
2009,net,2
2009,nib,21
2009,nsi,9
2009,nt,1
2009,o,11
2009,obj,30
2009,odp,2
2009,ods,4
2009,odt,15
2009,office,2
2009,ogg,4
2009,old,20
2009,oms,1
2009,onlyfordiffractometerdevice,1
2009,opt,16
2009,orig,4
2009,osx,2
2009,out,3
2009,p,2
2009,pap,1
2009,pas,2
2009,patch,41
2009,pbxbtree,6
2009,pbxproj,36
2009,pbxsymbols,1
2009,pbxuser,5
2009,pc,1
2009,pcb,1
2009,pch,3
2009,pcs,2
2009,pdb,96
2009,pdf,273
2009,pdn,1
2009,pem,4
2009,perspective,1
2009,pfx,1
2009,php,1426
2009,phtml,50
2009,pi1,1
2009,pik,1
2009,piklab,4
2009,pkt,3
2009,pl,42
2009,plain,8
2009,plg,22
2009,plist,10
2009,plo,1
2009,png,1083
2009,po,415
2009,pot,6
2009,ppm,1
2009,ppr,1
2009,pps,1
2009,ppt,21
2009,pptx,17
2009,prefs,165
2009,pro,20
2009,product,10
2009,proj,1
2009,project,216
2009,properties,413
2009,proto,10
2009,prt,3
2009,pty,1
2009,py,4066
2009,pyc,41
2009,pydevproject,5
2009,pyo,8
2009,qbk,19
2009,qm,5
2009,qrc,70
2009,qss,3
2009,r,13
2009,rake,2
2009,rar,5
2009,rb,341
2009,rbbas,6
2009,rbfrm,4
2009,rbmnu,1
2009,rbuistate,1
2009,rbvcp,3
2009,rc,34
2009,rc2,6
2009,rcc,1
2009,rcp,1
2009,rd,1
2009,rda,1
2009,rdf,38
2009,rdoc,1
2009,refresh,1
2009,release,2
2009,res,1
2009,resources,10
2009,resx,74
2009,retro,7
2009,rhtml,1
2009,rnc,2
2009,rnw,1
2009,ro,1
2009,rsa,5
2009,rsd,23
2009,rsp,23
2009,rst,35
2009,rtf,7
2009,s,125
2009,sample,1
2009,sass,9
2009,sc,1325
2009,scala,431
2009,scd,10
2009,sch,15
2009,script,3
2009,scsyndef,11
2009,sdat,2
2009,sdx,3
2009,sed,3
2009,server,2
2009,session,1
2009,settings,6
2009,sf,5
2009,sh,127
2009,skip,1
2009,skn,24
2009,sln,139
2009,snap,2
2009,snippets,3
2009,snout,2
2009,so,4
2009,source,26
2009,spar,2
2009,sparql,3
2009,spec,40
2009,spl,1
2009,spr,2
2009,springbeans,2
2009,spritefont,2
2009,sql,325
2009,sqlite3,16
2009,src,53
2009,stat,1
2009,status,2
2009,stg,2
2009,strings,5
2009,sty,11
2009,substitutions,1
2009,suo,91
2009,supp,1
2009,svg,133
2009,swc,1
2009,swf,18
2009,swp,3
2009,tab,18
2009,table,1
2009,tar,1
2009,tbl,1
2009,tca,6
2009,tdt,3
2009,template,16
2009,teste,4
2009,tex,285
2009,textile,2
2009,tga,13
2009,tgz,1
2009,thor,2
2009,tiff,2
2009,tiles,1
2009,tld,2
2009,tml,2
2009,tmp,6
2009,tmproj,3
2009,toc,5
2009,tokens,4
2009,tomcatplugin,1
2009,topdeps,7
2009,topmsg,14
2009,tpl,164
2009,truststore,50
2009,ts,6
2009,ttl,10
2009,txt,1423
2009,txtjet,1
2009,ucd,7
2009,udb,1
2009,ui,80
2009,uml,6
2009,umlclass,4
2009,umlusc,1
2009,unitlib,1
2009,usd,9
2009,user,25
2009,v2,3
2009,vala,7
2009,vapi,1
2009,vb,115
2009,vbp,1
2009,vbw,2
2009,vc,8
2009,vcf,2
2009,vcp,2
2009,vcproj,392
2009,vddproj,3
2009,vi,180
2009,vim,21
2009,vimrc,2
2009,vm,13
2009,vmf,12
2009,vmt,4
2009,vmx,8
2009,vrs,1
2009,vsd,12
2009,vt,26
2009,vtf,25
2009,vts,33
2009,war,2
2009,wat,2
2009,wav,5
2009,wiki,292
2009,win32,2
2009,windows,12
2009,withtau,2
2009,workspace,7
2009,wsdd,2
2009,wsdl,13
2009,wsdldatamodel,3
2009,wsml,18
2009,wxs,4
2009,x,6
2009,xaml,48
2009,xap,3
2009,xcf,6
2009,xgs,1
2009,xhtml,555
2009,xib,22
2009,xls,76
2009,xlsx,8
2009,xmi,4
2009,xmind,1
2009,xml,3085
2009,xnb,151
2009,xpdl,18
2009,xpm,12
2009,xsb,1
2009,xsc,2
2009,xsd,70
2009,xsi,88
2009,xsl,94
2009,xslt,1
2009,xss,2
2009,xul,33
2009,xwb,1
2009,yaml,3
2009,yml,22
2009,zip,20
2009,zsh,5
2009,zshrc,1
2009,zul,18
2010,0,4
2010,1,23
2010,2,4
2010,20100114,1
2010,3,5
2010,3ds,1
2010,4xt,7
2010,7,1
2010,7z,1
2010,8,3
2010,a,3
2010,ac,106
2010,actionscriptproperties,5
2010,afm,1
2010,ahk,9
2010,ai,2
2010,aj,1
2010,alchemy,2
2010,alf,5
2010,als,1
2010,am,112
2010,amateras,2
2010,ant,10
2010,apk,73
2010,application,3
2010,aps,4
2010,apt,42
2010,args,2
2010,as,298
2010,asax,2
2010,ascx,4
2010,asd,2
2010,asm,11
2010,asp,131
2010,aspx,339
2010,aterm,2
2010,aux,3
2010,avi,1
2010,aws,2
2010,backup,1
2010,bak,11
2010,baml,1
2010,bash,5
2010,bashrc,7
2010,bat,68
2010,bc,1
2010,bck,1
2010,bdsproj,1
2010,beam,4
2010,bib,8
2010,bin,4
2010,bk,1
2010,blend,55
2010,blg,1
2010,bmp,557
2010,bmx,6
2010,bpg,1
2010,bpm,2
2010,bpr,1
2010,brd,13
2010,bsc,2
2010,bsd,1
2010,bsp,12
2010,build,2
2010,buildinfo,2
2010,bx,6
2010,c,4439
2010,cab,1
2010,cache,56
2010,cachefile,17
2010,car,17
2010,cbp,46
2010,cbx,1
2010,cc,163
2010,ccproj,4
2010,cd,1
2010,cdb,2
2010,cdm,3
2010,cdr,36
2010,cfc,5
2010,cfg,14
2010,cfm,3
2010,cgi,1
2010,chain,1
2010,checkstyle,1
2010,chm,3
2010,cl,3
2010,class,938
2010,classpath,124
2010,cls,34
2010,cmake,46
2010,cmd,21
2010,cnet,12
2010,cnt,1
2010,cof,14
2010,com,1
2010,common,1
2010,compiled,3
2010,component,25
2010,conf,27
2010,config,57
2010,conkerorrc,1
2010,contentproj,39
2010,cpp,6084
2010,cproject,24
2010,cpt,1
2010,crontab,1
2010,cs,3844
2010,cscfg,5
2010,csdef,10
2010,csdl,1
2010,csh,3
2010,cshtml,4
2010,csproj,406
2010,css,533
2010,csv,75
2010,ctp,1
2010,cvsignore,5
2010,cvspass,1
2010,cwconfig,2
2010,cxx,5
2010,d,27
2010,dat,419
2010,dat0,26
2010,dat1,26
2010,dat100,25
2010,dat2,26
2010,dat3,26
2010,dat4,26
2010,dat5,26
2010,dat6,26
2010,dat7,26
2010,dat8,26
2010,data,1
2010,db,127
2010,dbd,1
2010,dblite,1
2010,dbml,3
2010,dcu,1
2010,ddb,2
2010,ddf,1
2010,ddl,8
2010,dds,5
2010,deb,3
2010,debian,3
2010,debug,1
2010,def,3
2010,default,1
2010,del,1
2010,dep,25
2010,depend,42
2010,design,3
2010,desktop,17
2010,dex,62
2010,dfm,20
2010,dia,30
2010,diff,2
2010,directory,1
2010,disabled,1
2010,dll,153
2010,dmg,2
2010,dnx,1
2010,doc,245
2010,docs,1
2010,doctree,15
2010,docx,160
2010,dof,2
2010,dotx,1
2010,dox,1
2010,dpr,9
2010,dsk,1
2010,dsp,10
2010,dsw,2
2010,dtd,11
2010,dtx,4
2010,eap,1
2010,edl,1
2010,edmx,1
2010,egg,9
2010,el,1
2010,elc,1
2010,elf,20
2010,ent,1
2010,epf,1
2010,eps,40
2010,erb,392
2010,erl,8
2010,erwin,1
2010,esv,8
2010,ex,3
2010,exe,58
2010,exp,3
2010,exsd,7
2010,f,3
2010,f90,385
2010,f95,2
2010,fatjar,1
2010,fbx,4
2010,feature,42
2010,filters,5
2010,fla,6
2010,folders,1
2010,form,97
2010,fr,1
2010,frag,1
2010,fripx,13
2010,fs,6
2010,fth,14
2010,ftl,114
2010,fx,24
2010,g,2
2010,gch,1
2010,gems,5
2010,gemspec,3
2010,get,1
2010,gif,753
2010,gitattributes,24
2010,gitconfig,3
2010,gitignore,70
2010,gitk,2
2010,gitmodules,35
2010,glade,23
2010,gnu,5
2010,gnuplot,2
2010,gph,167
2010,gpx,1
2010,gram,1
2010,groovy,611
2010,gsp,659
2010,gz,11
2010,h,5478
2010,haml,50
2010,hdf5,2
2010,header,15
2010,hex,12
2010,hgignore,7
2010,hh,8
2010,history,2
2010,hlp,2
2010,hm,1
2010,hmap,23
2010,hpj,1
2010,hpp,1008
2010,hs,26
2010,htaccess,8
2010,htm,187
2010,html,2145
2010,htpasswd,3
2010,htpl,1
2010,i,20
2010,ice,3
2010,icns,7
2010,ico,35
2010,icproj,2
2010,idb,3
2010,idl,9
2010,iff,32
2010,ii,1
2010,ilk,1
2010,ima,1
2010,iml,80
2010,in,289
2010,inc,29
2010,includecache,3
2010,index,14
2010,inf,2
2010,info,6
2010,ini,113
2010,inl,1
2010,ins,1
2010,install,2
2010,int,1
2010,interface,2
2010,internal,3
2010,inv,2
2010,ipr,9
2010,iws,12
2010,jad,1
2010,jar,120
2010,jardesc,31
2010,jarr,1
2010,jasper,2
2010,java,25278
2010,jcp,1
2010,jdw,1
2010,jflex,5
2010,jhbuildrc,19
2010,jhm,3
2010,jj,3
2010,jmx,8
2010,jnlp,3
2010,joe,22
2010,jpa,1
2010,jpg,1237
2010,jpk,2
2010,jrxml,2
2010,js,1028
2010,jsmooth,5
2010,json,23
2010,jsp,1119
2010,jude,20
2010,kdev4,1
2010,kmk,1
2010,kml,2
2010,kpf,2
2010,kumac,1
2010,l,3
2010,launch,32
2010,layout,75
2010,ld,4
2010,lfm,3
2010,lib,40
2010,license,1
2010,licx,6
2010,linkfilelist,13
2010,linux,6
2010,llb,3
2010,lm,6
2010,lnk,1
2010,location,2
2010,lock,14
2010,log,67
2010,lpi,4
2010,lpr,1
2010,lref,1
2010,lrs,3
2010,lss,12
2010,lst,19
2010,lua,36
2010,lvproj,2
2010,lwo,5
2010,lyx,9
2010,m,702
2010,m4,6
2010,mac,1
2010,macosx,1
2010,maint,1
2010,mak,5
2010,make,19
2010,manifest,2
2010,manual,1
2010,map,22
2010,markdown,14
2010,markers,2
2010,master,11
2010,mat,2
2010,max,1
2010,maxhelp,31
2010,maxpat,36
2010,mb,7
2010,mcl,1
2010,mcml,27
2010,md,29
2010,mdb,1
2010,mdi,1
2010,mdr,1
2010,mdzip,1
2010,me,2
2010,mf,118
2010,mine,4
2010,mk,23
2010,mm,10
2010,mmap,4
2010,mo,70
2010,mobileprovision,1
2010,mod,5
2010,mode1v3,15
2010,mode2v3,11
2010,module,9
2010,modules,1069
2010,mov,4
2010,mp3,5
2010,mpdconf,2
2010,mpp,8
2010,mpt,1
2010,msi,2
2010,msl,1
2010,mtd,20
2010,mtl,1
2010,mtlw,1
2010,mvg,4
2010,mwb,1
2010,mxml,290
2010,myd,1
2010,mymetadata,1
2010,myumldata,1
2010,name,1
2010,navdata,1
2010,ncb,1
2010,net,6
2010,netrwhist,2
2010,nib,16
2010,node,1
2010,nsi,23
2010,nupkg,1
2010,o,131
2010,obb,17
2010,obj,15
2010,obu,12
2010,odg,5
2010,odl,2
2010,odm,2
2010,ods,17
2010,odt,67
2010,old,3
2010,onetoc2,13
2010,oom,3
2010,origi,1
2010,otf,2
2010,ott,2
2010,out,117
2010,ovml,2
2010,owl,7
2010,p,6
2010,pageflow,21
2010,pair,2
2010,pas,85
2010,patch,87
2010,pbxbtree,104
2010,pbxproj,104
2010,pbxsymbols,18
2010,pbxuser,61
2010,pc,2
2010,pch,10
2010,pdb,74
2010,pde,7
2010,pdf,137
2010,pdm,9
2010,pdom,5
2010,pem,1
2010,perspectivev3,28
2010,pfb,1
2010,pfm,1
2010,pfx,1
2010,php,3268
2010,phps,3
2010,phtml,572
2010,pickle,2
2010,pig,2
2010,piklab,2
2010,pl,64
2010,planner,1
2010,plantilla,1
2010,plist,29
2010,plot,24
2010,plugins,1
2010,pm,42
2010,pmd,1
2010,png,2042
2010,pnproj,6
2010,pnps,1
2010,po,449
2010,postamble,3
2010,pot,11
2010,ppg,2
2010,ppt,34
2010,pptx,5
2010,ppu,4
2010,preamble,1
2010,prefs,203
2010,prepl,1
2010,prerm,1
2010,pri,5
2010,pro,134
2010,prof,1
2010,project,144
2010,prolog,6
2010,properties,423
2010,proto,3
2010,prt,6
2010,prx,1
2010,ps,13
2010,ps3,1
2010,psd,25
2010,psf,2
2010,pub,2
2010,pws,2
2010,pxm,2
2010,py,6955
2010,pyc,24
2010,pyx,15
2010,qbk,2
2010,qbquery,2
2010,qm,13
2010,qrc,82
2010,qss,7
2010,r,47
2010,r13,1
2010,r182,2
2010,r55,1
2010,r67,1
2010,rar,32
2010,raw,9
2010,rb,975
2010,rc,9
2010,rc2,1
2010,rcc,16
2010,rd,6
2010,rda,1
2010,rdata,1
2010,rdf,5
2010,rdw,1
2010,red,63
2010,ref,6
2010,release,1
2010,req,1
2010,res,4
2010,resources,6
2010,resx,55
2010,rfq,1
2010,rgs,1
2010,rhistory,1
2010,rhtml,1
2010,rnc,2
2010,rni,11
2010,rosinstall,5
2010,rp,9
2010,rpc,2
2010,rpt,4
2010,rsp,5
2010,rst,331
2010,rtf,24
2010,ru,8
2010,rules,1
2010,ruleset,1
2010,rvmrc,1
2010,s,19
2010,sass,48
2010,sc,956
2010,scala,1
2010,scc,1
2010,scd,35
2010,sch,26
2010,schelp,3388
2010,screenrc,1
2010,sdf,3
2010,sdx,1
2010,server,2
2010,sess,4
2010,settings,20
2010,sh,185
2010,shtml,3
2010,skincfg,1
2010,sln,133
2010,snap,2
2010,snippet,5
2010,snk,19
2010,so,13
2010,spa,8
2010,spd,9
2010,spdia,2
2010,spec,93
2010,specification,2
2010,sph,12
2010,spi,9
2010,spo,1
2010,spp,9
2010,springbeans,1
2010,spritefont,3
2010,spvdinfo,1
2010,sql,226
2010,sqlite3,3
2010,ssdl,1
2010,status,5
2010,stl,1
2010,str,10
2010,strings,1
2010,stumpwmrc,5
2010,sty,2
2010,substitutions,4
2010,suo,122
2010,svg,85
2010,svm,2
2010,swa,1
2010,swatch,1
2010,swc,4
2010,swf,31
2010,swn,1
2010,swo,3
2010,swp,5
2010,sym,12
2010,sys,1
2010,tag,1
2010,tap,68
2010,targetd64rc,1
2010,tcp,2
2010,tdg,3
2010,template,77
2010,tex,222
2010,texi,7
2010,textile,2
2010,tga,76
2010,tgz,4
2010,tic,70
2010,tiling,3
2010,tlb,2
2010,tld,5
2010,tlog,2
2010,tml,3
2010,tmp,7
2010,tmproj,3
2010,toc,11
2010,top,5
2010,tpl,186
2010,tps,2
2010,tree,3
2010,trk,2
2010,ts,69
2010,tsptask,3
2010,tsu,8
2010,tsv,1
2010,ttf,1
2010,txt,5265
2010,uc,16
2010,ucd,4
2010,ucproj,3
2010,udk,10
2010,ufo,1
2010,ui,216
2010,uml,26
2010,umlclass,9
2010,umlprofile,1
2010,upj,1
2010,upk,1
2010,url,18
2010,usd,7
2010,use,4
2010,user,37
2010,vala,180
2010,vapi,1
2010,vb,193
2010,vbproj,16
2010,vbs,2
2010,vc,3
2010,vcf,2
2010,vcproj,168
2010,vcxproj,34
2010,vddproj,6
2010,vdproj,7
2010,vim,19
2010,vimballrecord,2
2010,vimrc,1
2010,vm,241
2010,vmdk,3
2010,vmf,13
2010,vmt,8
2010,vmx,11
2010,vpp,7
2010,vsd,33
2010,vtf,8
2010,war,5
2010,wat,1
2010,wav,31
2010,wfc,1
2010,wiki,522
2010,win32,1
2010,wl,6
2010,wmf,18
2010,workspace,5
2010,wsdl,2
2010,wsp,24
2010,wxl,2
2010,wxs,4
2010,x,4
2010,xaml,167
2010,xap,7
2010,xbm,14
2010,xcent,1
2010,xcf,42
2010,xgs,1
2010,xhtml,1171
2010,xib,66
2010,xls,39
2010,xlsx,18
2010,xmi,1
2010,xml,3817
2010,xmodmap,1
2010,xnb,42
2010,xpm,2
2010,xpt,8
2010,xresources,2
2010,xsb,1
2010,xsd,74
2010,xsl,77
2010,xslt,1
2010,xss,4
2010,xul,14
2010,xwb,1
2010,y,9
2010,yaml,29
2010,yasnippet,1
2010,yast,1
2010,ym,4
2010,yml,23
2010,yuml,1
2010,zip,204
2010,zsh,2
2010,zul,4
2011,0,15
2011,1,35
2011,11,1
2011,12,2
2011,13,2
2011,2,13
2011,3,20
2011,3ds,2
2011,4,3
2011,4th,3
2011,5,9
2011,6,1
2011,8257,2
2011,8258,2
2011,8259,2
2011,8260,1
2011,8261,4
2011,8262,1
2011,8263,4
2011,8264,1
2011,8269,5
2011,8270,7
2011,8271,8
2011,8274,9
2011,8275,8
2011,8276,8
2011,8280,5
2011,8281,2
2011,8282,5
2011,8285,6
2011,8286,5
2011,8287,3
2011,8290,4
2011,8291,4
2011,8293,6
2011,8294,8
2011,8295,1
2011,8296,1
2011,8297,4
2011,8298,2
2011,8299,1
2011,8300,1
2011,8301,2
2011,8302,2
2011,8303,4
2011,8306,2
2011,8307,2
2011,8308,6
2011,8312,2
2011,8313,4
2011,8314,10
2011,8317,11
2011,8318,6
2011,8319,4
2011,8320,2
2011,8321,2
2011,8322,2
2011,8323,2
2011,8324,4
2011,8325,1
2011,8326,4
2011,8327,2
2011,8328,2
2011,8329,1
2011,8330,2
2011,8331,1
2011,8332,4
2011,8333,2
2011,8336,1
2011,8337,3
2011,8339,2
2011,8340,3
2011,8343,1
2011,8344,1
2011,8345,3
2011,8346,4
2011,8347,1
2011,8348,1
2011,8349,2
2011,8350,2
2011,8351,4
2011,8352,4
2011,8353,2
2011,8354,2
2011,8355,2
2011,8357,4
2011,8358,6
2011,8359,1
2011,8360,2
2011,8361,2
2011,8362,1
2011,8363,2
2011,8364,1
2011,8365,2
2011,8366,4
2011,8367,2
2011,8368,2
2011,8369,2
2011,8370,1
2011,8371,1
2011,8372,4
2011,8373,1
2011,8374,2
2011,8375,1
2011,8376,1
2011,8377,1
2011,8378,1
2011,8379,2
2011,8380,1
2011,8381,1
2011,8382,1
2011,8383,1
2011,8384,2
2011,8392,1
2011,8393,3
2011,8394,10
2011,8396,15
2011,8397,17
2011,8400,20
2011,8401,24
2011,8403,30
2011,8404,33
2011,8409,33
2011,8410,32
2011,8411,40
2011,8413,41
2011,8414,39
2011,8417,39
2011,8418,38
2011,8420,39
2011,8421,41
2011,8427,41
2011,8428,41
2011,8429,41
2011,8431,42
2011,8432,45
2011,8435,45
2011,8436,49
2011,8438,46
2011,8439,52
2011,8443,52
2011,8444,51
2011,8446,50
2011,8447,49
2011,8450,53
2011,8451,55
2011,8453,55
2011,8454,57
2011,8461,58
2011,8462,58
2011,8463,58
2011,8465,59
2011,8466,56
2011,8469,55
2011,8470,60
2011,8472,54
2011,8473,53
2011,8478,45
2011,8479,43
2011,8480,48
2011,8482,49
2011,8483,50
2011,8486,51
2011,8487,49
2011,8489,44
2011,8490,41
2011,8496,38
2011,8497,32
2011,8498,30
2011,8500,24
2011,8501,15
2011,8504,11
2011,8505,12
2011,8507,12
2011,8508,13
2011,8512,15
2011,8513,11
2011,8515,9
2011,8516,9
2011,8519,9
2011,8520,9
2011,8522,6
2011,8523,12
2011,8524,4
2011,8525,2
2011,8527,1
2011,8528,3
2011,8529,1
2011,8530,3
2011,8531,1
2011,8532,1
2011,8533,3
2011,8534,2
2011,8537,7
2011,8538,10
2011,8540,7
2011,8541,4
2011,8542,2
2011,8543,1
2011,8544,1
2011,8545,1
2011,8546,1
2011,8547,1
2011,8548,1
2011,8549,2
2011,8550,1
2011,8551,1
2011,8552,2
2011,8553,1
2011,8554,1
2011,8555,1
2011,8556,2
2011,8557,3
2011,8558,1
2011,8559,2
2011,8560,1
2011,8561,1
2011,8562,2
2011,8563,2
2011,8564,1
2011,8565,3
2011,8566,2
2011,8567,3
2011,8568,1
2011,8569,1
2011,8570,2
2011,8571,1
2011,8572,2
2011,8573,1
2011,8574,2
2011,8575,1
2011,8576,2
2011,8577,3
2011,8578,2
2011,8579,3
2011,8580,1
2011,8581,2
2011,8582,2
2011,8583,2
2011,8584,2
2011,8585,6
2011,8586,1
2011,8587,2
2011,8588,1
2011,8589,4
2011,8590,1
2011,8591,1
2011,8592,3
2011,8593,1
2011,8594,1
2011,8595,1
2011,8596,2
2011,8597,2
2011,8598,1
2011,8599,1
2011,8600,2
2011,8601,3
2011,8602,2
2011,8604,1
2011,8605,3
2011,8606,2
2011,8607,2
2011,8608,2
2011,8610,1
2011,8611,3
2011,8612,3
2011,8613,3
2011,8614,1
2011,8615,2
2011,8616,2
2011,8617,6
2011,8618,1
2011,8619,2
2011,8620,1
2011,8621,2
2011,8623,1
2011,8624,3
2011,8625,3
2011,8626,2
2011,8627,3
2011,8628,1
2011,8629,1
2011,8630,1
2011,8631,2
2011,8632,4
2011,8633,1
2011,8634,2
2011,8635,1
2011,8636,1
2011,8637,1
2011,8638,3
2011,8639,4
2011,8643,4
2011,8644,5
2011,8645,6
2011,8647,6
2011,8648,6
2011,8649,2
2011,8654,4
2011,8655,3
2011,8656,1
2011,8659,2
2011,8660,5
2011,8661,1
2011,8665,2
2011,8666,3
2011,8667,6
2011,8669,5
2011,8670,7
2011,8675,5
2011,8676,3
2011,8677,1
2011,8679,1
2011,8680,1
2011,8684,2
2011,8685,1
2011,8686,3
2011,8688,2
2011,8689,5
2011,8697,6
2011,8698,10
2011,8699,12
2011,8701,14
2011,8702,14
2011,8705,14
2011,8706,13
2011,8708,13
2011,8709,12
2011,8713,14
2011,8714,14
2011,8716,14
2011,8717,14
2011,8720,18
2011,8721,21
2011,8723,22
2011,8724,21
2011,8729,21
2011,8730,19
2011,8732,19
2011,8733,18
2011,8736,20
2011,8737,24
2011,8739,24
2011,8740,24
2011,8744,26
2011,8745,27
2011,8747,27
2011,8748,28
2011,8751,28
2011,8752,28
2011,8754,28
2011,8755,28
2011,8762,28
2011,8763,30
2011,8764,31
2011,8766,31
2011,8767,32
2011,8770,32
2011,8771,32
2011,8773,32
2011,8774,31
2011,8778,30
2011,8779,30
2011,8781,31
2011,8782,33
2011,8785,35
2011,8786,37
2011,8788,42
2011,8789,44
2011,8794,45
2011,8795,47
2011,8797,47
2011,8798,49
2011,8801,50
2011,8802,51
2011,8804,51
2011,8805,51
2011,8809,50
2011,8810,51
2011,8812,51
2011,8813,51
2011,8816,51
2011,8817,48
2011,8819,33
2011,8820,51
2011,8826,3
2011,8827,12
2011,8829,17
2011,8830,20
2011,8833,21
2011,8834,23
2011,8836,30
2011,8837,33
2011,8841,33
2011,8842,33
2011,8844,32
2011,8845,32
2011,8848,32
2011,8849,33
2011,8851,34
2011,8852,34
2011,8857,35
2011,8858,32
2011,8860,28
2011,8861,26
2011,8864,22
2011,8865,20
2011,8867,21
2011,8868,21
2011,8872,21
2011,8873,21
2011,8875,19
2011,8876,18
2011,8879,15
2011,8880,14
2011,8881,11
2011,8887,2
2011,8888,6
2011,8889,12
2011,8891,17
2011,8892,18
2011,8896,19
2011,8897,20
2011,8898,21
2011,8900,21
2011,8901,21
2011,8906,22
2011,8907,22
2011,8908,23
2011,8910,21
2011,8911,18
2011,8915,16
2011,8916,16
2011,8917,13
2011,8919,7
2011,8920,5
2011,8926,4
2011,8927,5
2011,8929,5
2011,8930,8
2011,8933,8
2011,8934,9
2011,8935,10
2011,8939,11
2011,8940,14
2011,8942,21
2011,8943,20
2011,8946,21
2011,8947,22
2011,8948,22
2011,8953,24
2011,8954,24
2011,8956,23
2011,8957,23
2011,8960,21
2011,8961,16
2011,8962,16
2011,8966,12
2011,8967,9
2011,8969,8
2011,8970,8
2011,8973,8
2011,8974,8
2011,8975,10
2011,8976,1
2011,8977,3
2011,8978,1
2011,8979,1
2011,8980,4
2011,8981,2
2011,8982,1
2011,8983,4
2011,8986,2
2011,8987,3
2011,8989,3
2011,8990,3
2011,8991,5
2011,8992,2
2011,8993,4
2011,8994,1
2011,8995,2
2011,8997,2
2011,8998,5
2011,8999,1
2011,9001,1
2011,9002,2
2011,9003,1
2011,9004,2
2011,9005,3
2011,9006,1
2011,9007,4
2011,9008,2
2011,9010,2
2011,9011,2
2011,9012,4
2011,9013,2
2011,9018,3
2011,9019,5
2011,9020,6
2011,9022,8
2011,9023,8
2011,9027,8
2011,9028,8
2011,9029,5
2011,9031,5
2011,9032,8
2011,9033,3
2011,9034,1
2011,9035,2
2011,9036,2
2011,9037,2
2011,9038,4
2011,9039,1
2011,9040,3
2011,9041,1
2011,9042,2
2011,9043,2
2011,9044,4
2011,9045,2
2011,9046,1
2011,9047,4
2011,9048,5
2011,9049,2
2011,9050,3
2011,9051,2
2011,9052,1
2011,9053,4
2011,9056,1
2011,9057,2
2011,9058,4
2011,9059,3
2011,9060,4
2011,9061,2
2011,9062,1
2011,9063,2
2011,9064,1
2011,9065,2
2011,9066,4
2011,9068,2
2011,9069,6
2011,9070,6
2011,9071,1
2011,9072,1
2011,9073,1
2011,9075,2
2011,9076,3
2011,9078,2
2011,9079,2
2011,9080,3
2011,9081,1
2011,9082,3
2011,9084,1
2011,9085,2
2011,9086,2
2011,9087,3
2011,9088,2
2011,9089,1
2011,9090,2
2011,9092,1
2011,9093,3
2011,9094,2
2011,9095,1
2011,9097,1
2011,9098,3
2011,9099,3
2011,9100,1
2011,9101,3
2011,9102,1
2011,9103,2
2011,9104,2
2011,9105,1
2011,9106,1
2011,9107,1
2011,9108,1
2011,9109,1
2011,9112,2
2011,9113,2
2011,9114,3
2011,9115,2
2011,9116,2
2011,9119,1
2011,9120,1
2011,9121,3
2011,9122,1
2011,9123,1
2011,9124,1
2011,9125,1
2011,9126,1
2011,9127,1
2011,9128,1
2011,9129,1
2011,9130,1
2011,9131,1
2011,9132,1
2011,9133,1
2011,9134,2
2011,9135,1
2011,9136,1
2011,9137,2
2011,9138,1
2011,9139,3
2011,9140,2
2011,9141,1
2011,9142,1
2011,9143,1
2011,9144,1
2011,9146,2
2011,9147,2
2011,9149,1
2011,9150,3
2011,9151,2
2011,9152,2
2011,9154,1
2011,9155,2
2011,9156,3
2011,9157,2
2011,9158,2
2011,9159,1
2011,9161,1
2011,9162,2
2011,9163,1
2011,9164,1
2011,9165,1
2011,9166,2
2011,9167,1
2011,9168,3
2011,9169,1
2011,9170,1
2011,9171,1
2011,9172,2
2011,9173,1
2011,9174,1
2011,9175,2
2011,9176,2
2011,9177,3
2011,9178,2
2011,9179,2
2011,9181,1
2011,9182,2
2011,9185,2
2011,9186,2
2011,9187,2
2011,9188,2
2011,9189,1
2011,9190,1
2011,9191,5
2011,9192,1
2011,9193,1
2011,9194,5
2011,9195,3
2011,9198,1
2011,9199,1
2011,9200,3
2011,9202,1
2011,9203,4
2011,9204,1
2011,9205,4
2011,9206,1
2011,9207,1
2011,9208,1
2011,9209,4
2011,9210,3
2011,9211,4
2011,9213,1
2011,9214,2
2011,9215,4
2011,9216,3
2011,9218,1
2011,9219,4
2011,9221,2
2011,9222,2
2011,9223,1
2011,9224,2
2011,9225,2
2011,9226,1
2011,9227,4
2011,9228,3
2011,9230,1
2011,9231,3
2011,9233,2
2011,9234,3
2011,9235,1
2011,9236,2
2011,9237,2
2011,9238,1
2011,9239,1
2011,9240,2
2011,9242,3
2011,9243,5
2011,9246,4
2011,9247,1
2011,9249,2
2011,9250,3
2011,9251,2
2011,9253,1
2011,9254,3
2011,9255,1
2011,9256,2
2011,9257,1
2011,9259,1
2011,9260,2
2011,9263,8
2011,9264,11
2011,9266,9
2011,9267,10
2011,9268,2
2011,9269,1
2011,9270,2
2011,9272,1
2011,9273,3
2011,9274,2
2011,9275,2
2011,9276,3
2011,9277,2
2011,9279,3
2011,9280,6
2011,9281,2
2011,9282,1
2011,9283,1
2011,9284,1
2011,9291,40
2011,9292,41
2011,9293,43
2011,9296,45
2011,9297,45
2011,9298,46
2011,9302,41
2011,9303,40
2011,9304,33
2011,9306,26
2011,9307,29
2011,9312,26
2011,9313,27
2011,9314,26
2011,9317,23
2011,9318,20
2011,9319,21
2011,9323,21
2011,9324,21
2011,9325,24
2011,9327,22
2011,9328,17
2011,9334,20
2011,9335,20
2011,9336,18
2011,9339,22
2011,9340,25
2011,9341,23
2011,9345,24
2011,9346,21
2011,9347,17
2011,9349,14
2011,9350,14
2011,9355,12
2011,9356,11
2011,9357,8
2011,9359,7
2011,9360,4
2011,9364,5
2011,9365,5
2011,9366,6
2011,9368,4
2011,9369,4
2011,9373,2
2011,9374,5
2011,9375,6
2011,9377,6
2011,9378,8
2011,9379,2
2011,9380,3
2011,9381,1
2011,9382,1
2011,9384,2
2011,9385,4
2011,9387,5
2011,9388,9
2011,9389,2
2011,9390,2
2011,9391,1
2011,9392,3
2011,9394,1
2011,9395,3
2011,9396,4
2011,9398,1
2011,9399,2
2011,9401,1
2011,9402,3
2011,9403,2
2011,9404,2
2011,9405,3
2011,9406,3
2011,9408,2
2011,9409,3
2011,9411,1
2011,9412,2
2011,9414,1
2011,9415,5
2011,9416,2
2011,9417,2
2011,9418,2
2011,9419,1
2011,9421,1
2011,9422,2
2011,9423,2
2011,9424,1
2011,9425,1
2011,9426,1
2011,9427,1
2011,9428,1
2011,9429,2
2011,9430,2
2011,9431,2
2011,9432,2
2011,9433,2
2011,9434,3
2011,9436,1
2011,9437,3
2011,9438,2
2011,9439,2
2011,9440,1
2011,9443,1
2011,9444,2
2011,9445,2
2011,9446,2
2011,9447,2
2011,9448,2
2011,9449,3
2011,9451,1
2011,9452,3
2011,9453,2
2011,9454,2
2011,9455,2
2011,9456,1
2011,9457,1
2011,9458,3
2011,9459,4
2011,9460,1
2011,9461,1
2011,9462,2
2011,9463,1
2011,9464,1
2011,9465,1
2011,9466,2
2011,9467,2
2011,9468,2
2011,9469,3
2011,9470,2
2011,9471,2
2011,9472,2
2011,9473,2
2011,9474,3
2011,9475,1
2011,9476,1
2011,9477,3
2011,9479,1
2011,9480,2
2011,9481,2
2011,9482,2
2011,9483,1
2011,9484,2
2011,9485,1
2011,9486,1
2011,9488,1
2011,9489,3
2011,9492,1
2011,9493,1
2011,9494,2
2011,9497,1
2011,9498,1
2011,9499,4
2011,9500,1
2011,9502,1
2011,9503,2
2011,9504,1
2011,9505,2
2011,9506,1
2011,9507,2
2011,9508,2
2011,9509,2
2011,9510,3
2011,9511,1
2011,9512,3
2011,9513,2
2011,9514,3
2011,9515,1
2011,9516,1
2011,9517,1
2011,9518,2
2011,9519,1
2011,9520,2
2011,9521,3
2011,9522,1
2011,9524,1
2011,9525,2
2011,9526,2
2011,9527,2
2011,9528,1
2011,9529,2
2011,9530,1
2011,9531,1
2011,9532,1
2011,9533,1
2011,9534,1
2011,9535,1
2011,9536,1
2011,9537,2
2011,9538,1
2011,9539,1
2011,9540,2
2011,9541,1
2011,9542,2
2011,9543,2
2011,9544,2
2011,9545,3
2011,9546,1
2011,9547,1
2011,9548,2
2011,9549,3
2011,9550,3
2011,9551,2
2011,9552,3
2011,9553,2
2011,9554,1
2011,9555,1
2011,9556,1
2011,9557,1
2011,9559,1
2011,9560,3
2011,9561,2
2011,9562,2
2011,9565,1
2011,9566,1
2011,9567,3
2011,9568,1
2011,9569,2
2011,9570,3
2011,9571,1
2011,9572,1
2011,9573,1
2011,9574,1
2011,9575,1
2011,9576,1
2011,9577,1
2011,9578,1
2011,9579,1
2011,9580,1
2011,9581,1
2011,9582,1
2011,9583,1
2011,9584,2
2011,9585,1
2011,9586,1
2011,9587,1
2011,9588,1
2011,9589,1
2011,9590,1
2011,9591,1
2011,9592,1
2011,9593,1
2011,9594,1
2011,9595,1
2011,9596,1
2011,9597,2
2011,9598,1
2011,9599,1
2011,9600,1
2011,9601,1
2011,9602,1
2011,9603,1
2011,9604,1
2011,9605,1
2011,9606,1
2011,9607,1
2011,9608,1
2011,9609,2
2011,9610,1
2011,9611,1
2011,9612,1
2011,9613,1
2011,9614,1
2011,9615,1
2011,9616,1
2011,9617,2
2011,9618,2
2011,9619,2
2011,9620,1
2011,9621,2
2011,9622,1
2011,9623,1
2011,9624,1
2011,9625,1
2011,9626,1
2011,9627,1
2011,9628,1
2011,9629,1
2011,9630,1
2011,9631,1
2011,9632,1
2011,a,33
2011,ac,59
2011,accdb,2
2011,accessor,3
2011,action,5
2011,actionscriptproperties,8
2011,adk,50
2011,ai,1
2011,aidl,6
2011,airi,1
2011,aj,411
2011,al8,6
2011,alg,7
2011,alx,1
2011,am,82
2011,amr,1
2011,ape,38
2011,apk,36
2011,app,4
2011,application,5
2011,aps,3
2011,apt,5
2011,ardour,1
2011,args,1
2011,as,1110
2011,as3proj,15
2011,asax,14
2011,ascx,341
2011,asd,8
2011,asm,4
2011,asmx,3
2011,aspx,622
2011,ast,67
2011,asta,13
2011,asv,5
2011,autotest,1
2011,aux,39
2011,avi,3
2011,awk,2
2011,backup,2
2011,bak,122
2011,bas,28
2011,bash,5
2011,bashrc,7
2011,basic,2
2011,bat,108
2011,bbl,2
2011,bib,9
2011,bin,17
2011,bld,3
2011,blend,28
2011,blg,2
2011,bmp,44
2011,bmr,1
2011,box,1
2011,brd,2
2011,brf,1
2011,build,12
2011,buildroot,2
2011,bundle,3
2011,bz2,1
2011,bzrignore,2
2011,c,2839
2011,cache,227
2011,cachefile,30
2011,car,4
2011,cat,1
2011,cbp,35
2011,cbtemp,1
2011,cc,154
2011,ccgame,2
2011,cfg,231
2011,cfs,11
2011,check,1
2011,chm,1
2011,chw,1
2011,class,3348
2011,classpath,246
2011,cls,1
2011,clw,3
2011,cmake,80
2011,cmd,3
2011,cmp,1
2011,cnd,1
2011,cod,1
2011,codec,10
2011,codecprovider,2
2011,coffee,26
2011,color,1
2011,colors,3
2011,compiled,10
2011,completion,2
2011,component,16
2011,conf,77
2011,config,258
2011,contentproj,62
2011,couchapprc,1
2011,cpp,6170
2011,cproject,6
2011,crc,5
2011,creole,1
2011,crf,24
2011,crom,6
2011,cs,5511
2011,cscfg,2
2011,csdef,4
2011,csdl,24
2011,cshtml,188
2011,csproj,533
2011,css,846
2011,csv,66
2011,ctp,1
2011,cur,4
2011,cvsignore,1
2011,cwconfig,1
2011,cxx,1
2011,d,334
2011,dat,103
2011,datamodel,1
2011,datasource,68
2011,db,82
2011,dbf,17
2011,dbg,1
2011,dbmdl,2
2011,dbml,24
2011,dbproj,1
2011,dcu,1
2011,debug,9
2011,debug64,1
2011,def,13
2011,default,1
2011,defs,1
2011,del,1
2011,deleteme,1
2011,dep,26
2011,deploy,13
2011,design,2
2011,desktop,1
2011,dex,35
2011,dfm,3
2011,dia,13
2011,diagram,11
2011,directory,2
2011,disco,3
2011,discomap,1
2011,dll,340
2011,dm,6
2011,dmg,3
2011,dmp,2
2011,doc,248
2011,docbook,2
2011,docstates,4
2011,docx,285
2011,dox,18
2011,doxyfile,1
2011,dpr,3
2011,dproj,3
2011,drl,5
2011,dsk,1
2011,dsm,2
2011,dsnwrk,2
2011,dsp,58
2011,dsw,10
2011,dtd,6
2011,dtx,16
2011,dump,1
2011,editing,2
2011,edmx,45
2011,edx,6
2011,ejs,9
2011,el,40
2011,elc,17
2011,elf,1
2011,empty,1
2011,entitlements,1
2011,env,1
2011,epm,1
2011,eps,47
2011,erb,238
2011,etd,2
2011,ettm,1
2011,etup,1
2011,example,1
2011,exe,107
2011,exp,1
2011,f,85
2011,f03,31
2011,f90,471
2011,fab,2
2011,fdt,1
2011,fdx,1
2011,feature,24
2011,filters,50
2011,fla,32
2011,flashprojectproperties,2
2011,flex,20
2011,flv,1
2011,fnm,1
2011,fnt,1
2011,form,90
2011,format,3
2011,fpc,1
2011,fr,39
2011,frag,23
2011,fragment,5
2011,frm,9
2011,frq,1
2011,frx,1
2011,fs,2
2011,fth,15
2011,ftm,1
2011,fx,52
2011,fxh,30
2011,game,3
2011,gant,1
2011,gemspec,7
2011,gen,9
2011,geom,28
2011,gif,452
2011,gitattributes,2
2011,gitconfig,12
2011,gitexcludes,1
2011,gitignore,100
2011,gitmodules,24
2011,go,21
2011,groovy,353
2011,gsp,295
2011,guess,1
2011,gz,797
2011,h,5071
2011,haml,106
2011,hbs,1
2011,hdf5,5
2011,hdr,2
2011,hex,2
2011,hgignore,10
2011,hgtags,18
2011,hgtimestamp,25
2011,hh,2
2011,hhc,2
2011,hhk,2
2011,hhp,2
2011,history,9
2011,hlsl,5
2011,hmap,12
2011,hpp,708
2011,hs,8
2011,htaccess,6
2011,htc,1
2011,htm,415
2011,html,5758
2011,hxx,1
2011,i,10
2011,icns,2
2011,ico,22
2011,idb,8
2011,identcache,1
2011,idl,2
2011,idx,8
2011,igdb,5
2011,ilk,6
2011,img,30
2011,iml,74
2011,in,198
2011,inc,150
2011,include,2
2011,ind,1
2011,index,44
2011,info,27
2011,ini,751
2011,inl,3
2011,inputrc,1
2011,ins,1
2011,install,9
2011,interface,1
2011,ipa,1
2011,ipch,3
2011,ipf,1
2011,ipr,3
2011,irbrc,1
2011,itermcolors,1
2011,iws,1
2011,jad,10
2011,jade,6
2011,jar,910
2011,jardesc,1
2011,jasper,1
2011,java,30664
2011,jflex,8
2011,jhbuildrc,20
2011,jhm,1
2011,jj,2
2011,jmx,1
2011,jnlp,2
2011,jou,2
2011,jpa,1
2011,jpeg,9
2011,jpg,7835
2011,jrxml,1
2011,js,1078
2011,jsb3,1
2011,jsfl,40
2011,jsmooth,6
2011,json,66
2011,jsp,1346
2011,jspf,12
2011,jspx,522
2011,jude,34
2011,kb,1
2011,key,1
2011,keyring,1
2011,keystore,2
2011,l,7
2011,la,2
2011,lang,5
2011,lastbuildstate,5
2011,launch,39
2011,layout,24
2011,ldf,59
2011,less,2
2011,lfm,372
2011,lib,46
2011,license,1
2011,licx,2
2011,linkfilelist,13
2011,linux,8
2011,lisp,53
2011,llb,11
2011,lm,2
2011,lnx86,1
2011,local,1
2011,lock,24
2011,lof,1
2011,log,123
2011,lot,1
2011,lpi,115
2011,lpk,100
2011,lpr,69
2011,lrs,25
2011,lrt,84
2011,lss,1
2011,lst,1
2011,lua,4
2011,lvl,5
2011,lyx,3
2011,m,846
2011,m4,4
2011,macosx,1
2011,mak,27
2011,make,11
2011,manifest,13
2011,map,250
2011,mappings,1
2011,markdown,75
2011,markers,6
2011,master,110
2011,material,1
2011,maven,2
2011,maxhelp,1
2011,maxpat,4
2011,mck,1
2011,mcml,2
2011,md,71
2011,md5,259
2011,md5anim,5
2011,md5mesh,7
2011,mdb,12
2011,mdf,59
2011,meta,1
2011,mf,103
2011,milhouse,1
2011,mine,2
2011,misc,2
2011,mk,17
2011,mkd,3
2011,mm,21
2011,mmap,3
2011,mo,11
2011,mobileprovision,2
2011,mode1,1
2011,mode1v3,16
2011,module,12
2011,modules,876
2011,moles,1
2011,motemplate,4
2011,mp3,27
2011,mp4,2
2011,mpp,21
2011,msg,24
2011,msi,1
2011,msl,24
2011,mt,17
2011,muttrc,1
2011,mwb,2
2011,mxi,6
2011,mxml,36
2011,mxp,2
2011,myapp,1
2011,mymetadata,9
2011,myscmserverinfo,1
2011,n3,2
2011,name,7
2011,nb,2
2011,ncb,6
2011,nds,9
2011,netrwhist,5
2011,nib,11
2011,node,1
2011,npmignore,1
2011,nrm,1
2011,nsf,1
2011,nsi,8
2011,nt,23
2011,nupkg,22
2011,nuspec,14
2011,o,140
2011,obj,38
2011,odg,1
2011,odm,2
2011,odp,4
2011,ods,2
2011,odt,32
2011,ogg,1
2011,old,7
2011,opensdf,1
2011,opt,6
2011,opt64,1
2011,order,1
2011,orig,5
2011,out,3
2011,owl,2
2011,p,55
2011,pageflow,1
2011,pages,2
2011,pal,21
2011,par,1
2011,pas,1541
2011,patch,40
2011,pbxbtree,8
2011,pbxproj,71
2011,pbxsymbols,1
2011,pbxuser,17
2011,pc,2
2011,pcbdoc,3
2011,pch,19
2011,pdb,205
2011,pde,1
2011,pdf,185
2011,perspectivev3,1
2011,pfx,2
2011,php,5393
2011,phtml,562
2011,pid,1
2011,pl,75
2011,plain,3
2011,plg,1
2011,plist,67
2011,plt,15
2011,plugin,2
2011,plugins,1
2011,pm,49
2011,png,3707
2011,pnproj,1
2011,pnps,1
2011,po,1442
2011,pom,3
2011,postingsformat,10
2011,pot,20
2011,ppk,1
2011,ppsx,1
2011,ppt,18
2011,pptx,12
2011,ppu,122
2011,preamble,2
2011,prefs,254
2011,prej,1
2011,prjpcb,6
2011,pro,155
2011,product,3
2011,profile,3
2011,project,208
2011,projects,2
2011,properties,496
2011,propertyes,1
2011,proto,24
2011,prx,1
2011,ps1,1
2011,ps3,1
2011,psd,25
2011,psess,1
2011,psf,5
2011,pub,9
2011,pxd,16
2011,pxi,4
2011,py,5153
2011,pyc,205
2011,pydevproject,2
2011,pyw,225
2011,pyx,26
2011,qbk,13
2011,qm,11
2011,qml,3
2011,qrc,55
2011,qt,4
2011,r,130
2011,r10,1
2011,r15,1
2011,r78,1
2011,r82,1
2011,r84,1
2011,rake,3
2011,rapc,1
2011,rar,50
2011,rb,710
2011,rc,12
2011,rd,80
2011,rdf,9
2011,rdoc,6
2011,readme,1
2011,reds,3
2011,ref,67
2011,refresh,7
2011,release,23
2011,report,1
2011,res,14
2011,resources,38
2011,resx,182
2011,rgs,2
2011,rkt,20
2011,roo,10
2011,room,7
2011,root,5
2011,rpc,2
2011,rrp,1
2011,rs,7
2011,rsp,15
2011,rst,45
2011,rtf,4
2011,ru,6
2011,rules,1
2011,ruleset,1
2011,rvmrc,2
2011,s,5
2011,saffx,6
2011,sample,6
2011,sass,6
2011,sav,3
2011,sbml,1
2011,sc,927
2011,scala,457
2011,scan,1
2011,scc,5
2011,scd,2
2011,sch,1
2011,schdoc,6
2011,schelp,1185
2011,schlib,1
2011,screenrc,1
2011,script,13
2011,scss,8
2011,scsyndef,24
2011,sdf,4
2011,settings,18
2011,sge,1
2011,sh,343
2011,sha1,101
2011,shp,17
2011,shunit,1
2011,shunit2,2
2011,shx,17
2011,sig,2
2011,sitemap,3
2011,skip,1
2011,sky,3
2011,slag,1
2011,slate,1
2011,sln,170
2011,smt1,1
2011,smt2,1
2011,snap,2
2011,snippets,9
2011,snk,3
2011,so,4
2011,solaris,1
2011,spec,10
2011,springbeans,19
2011,spritefont,2
2011,sql,305
2011,sqlite,31
2011,sqlite3,35
2011,src,229
2011,srv,11
2011,ssdl,25
2011,stackdump,3
2011,status,9
2011,statusline,1
2011,stg,19
2011,storyboard,12
2011,str,1
2011,strings,1
2011,stumpwmrc,3
2011,sty,5
2011,stylecop,2
2011,sub,1
2011,suo,263
2011,svc,4
2011,svcinfo,8
2011,svcmap,16
2011,svg,9
2011,svnproviderstate,1
2011,swc,25
2011,swf,101
2011,swp,9
2011,sx,5
2011,symbolmap,17
2011,syncinfo,1
2011,t,1
2011,t2flow,1
2011,tagged,1
2011,tap,1
2011,target,2
2011,tbl,8
2011,tcp,7
2011,tdg,51
2011,template,310
2011,testnewsieve,3
2011,testrunconfig,2
2011,testsettings,12
2011,tex,103
2011,texi,19
2011,textile,4
2011,tgz,1
2011,thrift,1
2011,tic,70
2011,tica,2
2011,tif,1
2011,tiff,9
2011,tii,1
2011,tikz,4
2011,timestamps,1
2011,tis,1
2011,tlog,104
2011,tmp,2
2011,tmpl,7
2011,toc,14
2011,tokenfilterfactory,1
2011,tpl,65
2011,tps,11
2011,train,1
2011,trans,1
2011,trc,2
2011,tree,4
2011,trigger,1
2011,trx,17
2011,ts,44
2011,tsb,1
2011,tsvg,1
2011,tsx,1
2011,tt,2
2011,ttf,2
2011,tvd,1
2011,tvf,1
2011,tvx,1
2011,txt,5053
2011,uc,64
2011,ucd,1
2011,udk,8
2011,ui,354
2011,ujs,23
2011,uml,5
2011,unaligned,1
2011,unity,3
2011,upj,1
2011,upk,2
2011,usd,3
2011,user,98
2011,userlibraries,13
2011,userprefs,4
2011,vb,370
2011,vbp,2
2011,vbproj,34
2011,vbs,1
2011,vbw,3
2011,vc,1
2011,vc6,9
2011,vc9,1
2011,vcf,4
2011,vcp,4
2011,vcproj,122
2011,vcxproj,72
2011,vddproj,2
2011,vdproj,5
2011,vert,43
2011,vertex,5
2011,vi,105
2011,vim,16
2011,vimrc,17
2011,vm,20
2011,vmd,7
2011,vmt,18
2011,vn,1
2011,vpp,4
2011,vs,2
2011,vsd,102
2011,vsmdi,8
2011,vspscc,2
2011,vsto,10
2011,vtf,11
2011,vtl,1
2011,war,2
2011,wav,21
2011,website,1
2011,wiki,240
2011,windowevent,1
2011,windowlistener,1
2011,wma,1
2011,woff,1
2011,wrf,2
2011,wsdl,35
2011,wxs,4
2011,x,2
2011,xaml,242
2011,xap,1
2011,xbm,1
2011,xcbkptlist,9
2011,xccurrentversion,1
2011,xcent,3
2011,xcf,18
2011,xcscheme,21
2011,xcuserstate,30
2011,xhtml,111
2011,xib,55
2011,xls,132
2011,xlsx,52
2011,xmind,5
2011,xml,11594
2011,xnb,34
2011,xpm,38
2011,xps,1
2011,xpt,3
2011,xsd,89
2011,xsl,6
2011,xslt,6
2011,xss,1
2011,xtgf,3
2011,xul,11
2011,y,38
2011,yaml,6
2011,ym,3
2011,yml,122
2011,zargo,2
2011,zip,229
2011,zsh,1
2011,zxp,1
2012,0,10
2012,002,15
2012,1,71
2012,2,9
2012,3,34
2012,32,1
2012,3ds,1
2012,7,1
2012,7z,3
2012,8,1
2012,a,30
2012,ac,70
2012,ackrc,1
2012,actionscriptproperties,4
2012,adm,9
2012,aegis,2
2012,after,6
2012,ai,1
2012,aiff,6
2012,alias,1
2012,aliases,7
2012,allow,1
2012,am,65
2012,ape,48
2012,apk,65
2012,application,3
2012,appxmanifest,24
2012,appxrecipe,11
2012,aps,2
2012,apt,13
2012,ar,1
2012,args,1
2012,ari,138
2012,as,176
2012,as3proj,7
2012,asax,9
2012,ascx,17
2012,asm,2
2012,asp,1
2012,aspx,113
2012,asset,8
2012,ast,2
2012,asta,1
2012,asv,2
2012,asy,1
2012,autosave,4
2012,autotest,3
2012,aux,17
2012,awk,2
2012,backup,10
2012,bak,44
2012,bas,24
2012,bash,3
2012,bashrc,22
2012,bat,55
2012,bb,1
2012,bbl,1
2012,bd,17
2012,bgn,12
2012,bib,12
2012,bin,30
2012,bit,12
2012,bk,1
2012,bkl,1
2012,bkp,2
2012,bld,14
2012,blend,7
2012,blend1,2
2012,blend2,2
2012,bmp,57
2012,bp,1
2012,bpg,1
2012,bsc,1
2012,build,8
2012,buildbot,14
2012,buildinfo,2
2012,buildsystemversion,1
2012,bundle,1
2012,bvh,2
2012,bz2,372
2012,c,1966
2012,cabal,11
2012,cache,288
2012,cachefile,71
2012,car,5
2012,cat,1
2012,cbp,3
2012,cbtemp,1
2012,cc,192
2012,ccproj,2
2012,cd,8
2012,cdb,1
2012,cdm,1
2012,cer,2
2012,cfg,25
2012,cfm,1
2012,cfs,28
2012,cgc,1
2012,cgp,1
2012,changes,1
2012,check,1
2012,chm,2
2012,class,2341
2012,classdiagram,4
2012,classpath,162
2012,clt,3
2012,clw,1
2012,cmake,50
2012,cmd,6
2012,cmp,1
2012,cnd,1
2012,codec,4
2012,coffee,128
2012,com,1
2012,commands,12
2012,component,20
2012,componentdiagram,2
2012,conf,117
2012,config,118
2012,connection,3
2012,contentproj,66
2012,coveragerc,1
2012,cpp,4657
2012,cproject,10
2012,crc,19
2012,crt,3
2012,cs,4942
2012,cscfg,3
2012,csdef,4
2012,csdl,1
2012,cshtml,195
2012,csproj,528
2012,csr,3
2012,css,1335
2012,csv,1955
2012,ctp,3
2012,ctrl,1
2012,cu,10
2012,cub,1
2012,current,1
2012,cvsignore,3
2012,cxx,30
2012,d,45
2012,darwin,1
2012,dat,170
2012,data,4
2012,datasource,2
2012,db,134
2012,dbm,3
2012,dbml,5
2012,dbproj,2
2012,dcm,1
2012,dcu,13
2012,ddb,1
2012,ddf,1
2012,dds,1
2012,deb,2
2012,debian,3
2012,debug,1
2012,def,6
2012,default,1
2012,defaults,2
2012,del,14
2012,deny,1
2012,dep,13
2012,depend,4
2012,desc,1
2012,desktop,7
2012,devanagari,3
2012,dex,67
2012,dfm,22
2012,dia,4
2012,directory,9
2012,disable,1
2012,disco,5
2012,dist,2
2012,diz,1
2012,dll,538
2012,dm,39
2012,dm1,4
2012,do,2
2012,doc,100
2012,docbook,12
2012,docs,1
2012,doctree,15
2012,docvaluesformat,1
2012,docx,123
2012,dof,2
2012,dox,1
2012,dpf,1
2012,dpk,1
2012,dpr,5
2012,drc,10
2012,dsk,3
2012,dsp,4
2012,dsw,2
2012,dtd,4
2012,dtx,5
2012,dylib,2
2012,ear,5
2012,edmx,37
2012,egg,4
2012,ejs,4
2012,el,23
2012,elc,4
2012,em,2
2012,emacs,3
2012,emf,2
2012,emx,11
2012,emz,3
2012,en,1
2012,ensime,1
2012,entitlements,6
2012,env,5
2012,eot,14
2012,ep,1
2012,epics,1
2012,eps,2
2012,erb,236
2012,ex,2
2012,example,8
2012,exclude,2
2012,exe,165
2012,exp,1
2012,f,265
2012,f03,6
2012,f90,633
2012,factorypath,1
2012,fbx,18
2012,fcgi,1
2012,fdt,1
2012,feature,17
2012,filter,2
2012,filters,19
2012,fits,13
2012,fla,2
2012,fnm,1
2012,fork,1
2012,form,104
2012,fr,110
2012,frec,4
2012,frf,1
2012,frm,10
2012,frq,2
2012,frx,3
2012,fsg,1
2012,ftgl,1
2012,fth,26
2012,ftl,32
2012,fx,3
2012,fxbuild,6
2012,fxml,51
2012,fzz,2
2012,g,20
2012,gan,1
2012,gc,3
2012,gd,1
2012,gemrc,1
2012,gemspec,42
2012,gen,45
2012,gif,324
2012,gise,32
2012,gitattributes,4
2012,gitconfig,21
2012,gitignore,221
2012,gitkeep,1
2012,gitmodules,54
2012,glade,2
2012,glsl,25
2012,go,137
2012,gpx,3
2012,gradle,2
2012,groovy,110
2012,gsp,117
2012,gvimrc,3
2012,gyd,3
2012,gyp,1
2012,gz,26
2012,h,2856
2012,haml,24
2012,handlebars,16
2012,hashfunction,2
2012,hbs,1
2012,hcache,1
2012,header,1
2012,helpers,4
2012,hgignore,8
2012,hgrc,4
2012,hgtags,12
2012,hgtimestamp,50
2012,hh,5
2012,hist,1
2012,history,18
2012,hmap,6
2012,hpp,1386
2012,hs,149
2012,htaccess,16
2012,htc,1
2012,htm,185
2012,html,9633
2012,hx,377
2012,hxproj,6
2012,hxx,17
2012,i,31
2012,icns,2
2012,ico,40
2012,idb,13
2012,identcache,2
2012,idl,14
2012,ilk,6
2012,image,1
2012,imageset,1
2012,imap,2
2012,img,1
2012,iml,49
2012,in,147
2012,inc,21
2012,include,19
2012,includecache,11
2012,index,34
2012,inf,1
2012,info,25
2012,ini,351
2012,init,1
2012,inline,1
2012,ino,12
2012,ins,2
2012,install,4
2012,intermediate,5
2012,internal,10
2012,intlan,8
2012,ipch,5
2012,ipf,2
2012,ivf,1
2012,jade,5
2012,jar,307
2012,java,31600
2012,javaxxx,1
2012,jdbc,2
2012,jed,4
2012,jelly,1
2012,jflex,9
2012,jhbuildrc,8
2012,jhd,8
2012,jnlp,2
2012,job,1
2012,jou,6
2012,jpeg,5
2012,jpg,20325
2012,js,1975
2012,jsdtscope,1
2012,jsf,1
2012,jsfdia,1
2012,jsfl,2
2012,jsmooth,3
2012,json,440
2012,jsp,911
2012,kdev4,1
2012,key,5
2012,keystore,3
2012,keywords,3
2012,kml,19582
2012,ko,471
2012,komodoproject,1
2012,ks,1
2012,kt,9
2012,l,5
2012,la,2
2012,lai,1
2012,lastbuildstate,9
2012,lastupdated,4
2012,latin,6
2012,launch,21
2012,layout,22
2012,lc,1
2012,lck,1
2012,ld,1
2012,ldf,22
2012,less,11
2012,lfp,1
2012,lib,7
2012,lic,6
2012,license,3
2012,licenses,3
2012,licx,4
2012,lines,1
2012,linkfilelist,3
2012,linux,5
2012,list,1
2012,llb,15
2012,lng,10
2012,lnk,7
2012,lo,29
2012,local,13
2012,lock,52
2012,log,110
2012,lol,41
2012,ls,4
2012,lst,25
2012,lua,23
2012,lvimrc,1
2012,lvl,4
2012,lyx,3
2012,m,1154
2012,m4,6
2012,m4v,1
2012,mak,2
2012,make,20
2012,makeqtool,1
2012,man,1
2012,manifest,6
2012,map,12
2012,markdown,35
2012,mask,2
2012,master,10
2012,mat,76
2012,maven,2
2012,maxhelp,4
2012,maxpat,4
2012,mb,1
2012,md,693
2012,md5,5
2012,mdb,12
2012,mdf,21
2012,mdl,2
2012,meta,208
2012,metal,121
2012,mf,62
2012,mfd,2
2012,mht,16
2012,mid,2
2012,mif,1
2012,mine,1
2012,mingw,1
2012,misc,1
2012,mit,1
2012,mk,12
2012,mm,52
2012,mmap,2
2012,mo,5
2012,mobileprovision,1
2012,mod,1
2012,mode1v3,2
2012,modelproj,3
2012,module,7
2012,modules,708
2012,mp3,58
2012,mp4,2
2012,mpdconf,1
2012,mpp,3
2012,mrc,2
2012,mrp,11
2012,msi,3
2012,msl,1
2012,mt,12
2012,mtl,7
2012,mxi,1
2012,mxml,20
2012,mxp,1
2012,myapp,3
2012,myhibernatedata,2
2012,mymetadata,6
2012,name,3
2012,nanom,2
2012,nasm,16
2012,ncb,3
2012,ncd,20
2012,netrwhist,2
2012,nga,4
2012,ngc,19
2012,ngd,14
2012,ngm,8
2012,ngr,15
2012,nmml,41
2012,node,2
2012,npmignore,1
2012,nrm,2
2012,nsi,7
2012,nss,730
2012,nupkg,7
2012,nuspec,14
2012,o,592
2012,obj,117
2012,odb,6
2012,ods,2
2012,odt,45
2012,ogg,34
2012,ogv,2
2012,old,7
2012,olt,3
2012,one,128
2012,onetoc2,10
2012,open,1
2012,opt,2
2012,opts,5
2012,order,2
2012,org,3
2012,orig,1
2012,otf,1
2012,out,65
2012,ova,2
2012,p12,1
2012,package,2
2012,pad,16
2012,pages,1
2012,pal,1
2012,par,12
2012,parent,3
2012,pas,40
2012,patch,89
2012,path,1
2012,pbj,1
2012,pbxbtree,8
2012,pbxproj,169
2012,pbxsymbols,1
2012,pbxuser,3
2012,pcap,2
2012,pcf,13
2012,pch,26
2012,pckgdep,5
2012,pdb,238
2012,pde,10
2012,pdf,166
2012,pdm,2
2012,pdn,1
2012,pem,3
2012,perspectivev3,1
2012,pfx,13
2012,phar,1
2012,php,6478
2012,phtml,357
2012,picasm,1
2012,piccol,129
2012,pickle,3
2012,pj,1
2012,pl,17
2012,plain,1
2012,plg,2
2012,plist,144
2012,plo,71
2012,pm,51
2012,png,4497
2012,pnx,1
2012,po,878
2012,podspec,3
2012,policy,2
2012,pom,9
2012,pop,1
2012,pos,1
2012,postingsformat,7
2012,postinst,7
2012,pot,18
2012,pp,1
2012,ppm,1
2012,ppr,16
2012,ppt,22
2012,pptx,13
2012,prefab,19
2012,prefs,180
2012,preinst,1
2012,prerm,3
2012,pri,6
2012,prj,49
2012,pro,82
2012,profile,4
2012,project,156
2012,projectmgr,30
2012,prop,2
2012,properties,489
2012,proto,3
2012,prx,2
2012,ps1,5
2012,psd,69
2012,psf,3
2012,ptwx,12
2012,pub,7
2012,pushand,1
2012,pws,3
2012,pxd,2
2012,py,4293
2012,pyc,184
2012,pyd,2
2012,pydevproject,5
2012,pyw,31
2012,pyx,13
2012,qm,5
2012,qml,77
2012,qrc,11
2012,r,69
2012,r0,3
2012,r15,1
2012,r37,1
2012,r48,1
2012,rake,2
2012,rapt,20
2012,rar,35
2012,rb,1316
2012,rc,13
2012,rc2,3
2012,rd,48
2012,rdlc,2
2012,rdoc,17
2012,readme,5
2012,ref,128
2012,refresh,6
2012,release,3
2012,repositories,9
2012,res,4
2012,resfiles,1
2012,resources,70
2012,resx,220
2012,rhtml,16
2012,rl,8
2012,rml,2
2012,rnc,1
2012,rom,1
2012,rp,4
2012,rpc,1
2012,rpm,6
2012,rpt,6
2012,rsp,68
2012,rss,2
2012,rst,120
2012,rtf,4
2012,ru,20
2012,rules,9
2012,run,1
2012,rvmrc,6
2012,s,7
2012,s3db,15
2012,sample,2
2012,save,3
2012,sax,1
2012,sbt,4
2012,sc,263
2012,scala,11
2012,scc,1
2012,sch,11
2012,schbak,1
2012,schcmd,1
2012,schelp,178
2012,schlog,6
2012,scm,1
2012,scr,1
2012,screen,56
2012,screenrc,2
2012,script,4
2012,scs,1
2012,scss,72
2012,scssc,23
2012,sdf,8
2012,sdx,3
2012,sed,1
2012,sequencediagram,1
2012,service,3
2012,settings,22
2012,setup,1
2012,sh,280
2012,sha1,138
2012,shader,1
2012,shunit2,1
2012,simpledocvaluesformat,1
2012,skin,1
2012,sln,173
2012,slt,1
2012,smali,151
2012,snapshot,1
2012,snippets,17
2012,snk,2
2012,so,16
2012,soil,4
2012,source,1
2012,sp0,112
2012,spdata,1
2012,spec,27
2012,spl,32
2012,spr,24
2012,springbeans,1
2012,spritefont,1
2012,sq3,1
2012,sql,270
2012,sqlite,11
2012,ssdl,2
2012,stats,1
2012,status,5
2012,storyboard,108
2012,strings,18
2012,stx,8
2012,sty,17
2012,stylecop,1
2012,suo,192
2012,sv,1
2012,svc,2
2012,svcinfo,10
2012,svcmap,5
2012,svf,2
2012,svg,68
2012,svt,6
2012,swf,28
2012,swo,1
2012,swp,8
2012,sym,28
2012,symbolmap,6
2012,symbols,1
2012,symlink,12
2012,synctex,2
2012,syr,16
2012,sys,1
2012,t,5
2012,taf,1
2012,tag,17
2012,tamil,2
2012,tar,4
2012,tcc,6
2012,tcl,6
2012,telugu,1
2012,template,151
2012,test,5
2012,tests,9
2012,testsettings,2
2012,tex,383
2012,texlipse,2
2012,text,2
2012,textile,15
2012,tga,17
2012,thrift,1
2012,tif,10
2012,tim,1
2012,time,1
2012,tint2rc,1
2012,tis,2
2012,tld,4
2012,tlh,1
2012,tli,2
2012,tlog,201
2012,tm,3
2012,tmp,3
2012,tmpl,1
2012,tmx,34
2012,toc,17
2012,todo,19
2012,tokenfilterfactory,3
2012,tokenizerfactory,1
2012,tokens,1
2012,tpl,298
2012,tps,12
2012,tree,2
2012,trx,3
2012,ts,5
2012,tsp,4
2012,tspec,3
2012,tst,2
2012,tt,1
2012,ttf,29
2012,ttl,9
2012,twig,92
2012,twr,10
2012,twx,11
2012,txt,2532
2012,ucf,13
2012,ui,106
2012,ujs,15
2012,uml,12
2012,ump,9
2012,unitlib,1
2012,unity,9
2012,unityproj,1
2012,unix,1
2012,unmask,2
2012,unroutes,7
2012,url,1
2012,urlview,1
2012,use,10
2012,usecasediagram,1
2012,user,16
2012,userlibraries,1
2012,uxf,4
2012,vaw,5
2012,vb,457
2012,vbox,1
2012,vbproj,38
2012,vc,1
2012,vcproj,28
2012,vcxproj,40
2012,vdi,6
2012,vdproj,6
2012,version,1
2012,vhd,60
2012,vhf,6
2012,vhi,2
2012,vho,225
2012,vi,140
2012,vim,88
2012,vimperatorrc,1
2012,vimrc,34
2012,vm,5
2012,vm6,3
2012,vmd,17
2012,vpp,1
2012,vsd,8
2012,vsmdi,1
2012,war,24
2012,wav,101
2012,wdf,1
2012,web,3
2012,wiki,161
2012,win32,1
2012,win64,1
2012,windows,3
2012,wma,5
2012,wmv,1
2012,woff,12
2012,workspace,3
2012,wsdl,6
2012,wyc,1
2012,xaml,177
2012,xap,8
2012,xar,1
2012,xbcd,21
2012,xbindkeysrc,1
2012,xcbkptlist,9
2012,xcconfig,1
2012,xcent,1
2012,xcf,26
2012,xco,1
2012,xcompose,1
2012,xcscheme,37
2012,xcuserstate,134
2012,xcworkspacedata,18
2012,xhtml,443
2012,xib,47
2012,xinitrc,2
2012,xise,18
2012,xls,67
2012,xlsx,33
2012,xmind,1
2012,xml,4481
2012,xmobarrc,1
2012,xmsgs,57
2012,xnb,62
2012,xpm,2
2012,xps,5
2012,xpz,3
2012,xql,8
2012,xreport,38
2012,xresources,2
2012,xrpt,55
2012,xsb,2
2012,xsd,19
2012,xsession,1
2012,xsl,14
2012,xss,1
2012,xst,11
2012,xt,1
2012,xtgf,1
2012,xwb,2
2012,xwbt,7
2012,xz,1
2012,y,6
2012,yaml,32
2012,yml,183
2012,zargo,6
2012,zip,218
2012,zsh,32
2012,zshrc,12
2012,ztmp,8
2013,0,15
2013,1,36
2013,10,1
2013,1374883747,1
2013,2,7
2013,2pre5,1
2013,3,42
2013,3ds,8
2013,4,2
2013,5,7
2013,6,6
2013,7,14
2013,7z,12
2013,8,1
2013,9,1
2013,a,7
2013,a2v,2
2013,abs,3
2013,ac,62
2013,action,7
2013,add,2
2013,after,3
2013,ai,6
2013,aif,1
2013,ajsv,10
2013,alg,2
2013,aliases,5
2013,am,129
2013,amb,1
2013,anim,9
2013,ann,1
2013,apk,130
2013,app,1
2013,appcache,7
2013,application,2
2013,appxmanifest,1
2013,appxrecipe,7
2013,aps,3
2013,apt,9
2013,apvlvrc,1
2013,architect,1
2013,arduino,1
2013,args,2
2013,as,708
2013,as3proj,1
2013,asax,16
2013,ascx,5
2013,asd,1
2013,ashx,65
2013,asm,16
2013,asmx,4
2013,asoundrc,2
2013,asp,13
2013,aspx,991
2013,asset,143
2013,assets,9
2013,audio,1
2013,autotest,1
2013,aux,110
2013,avi,1
2013,awk,1
2013,backup,12
2013,bak,48
2013,bam,1
2013,baml,71
2013,bash,6
2013,bashrc,49
2013,bat,55
2013,bbl,8
2013,bck,6
2013,bck2,2
2013,beam,6
2013,bed,1
2013,bib,8
2013,bin,107
2013,bit,1
2013,bksln,2
2013,blend,3
2013,blg,12
2013,blp,9
2013,bmk,1
2013,bmml,89
2013,bmp,41
2013,bowerrc,1
2013,brd,2
2013,brk,2
2013,brs,278
2013,build,2
2013,bundles,12
2013,bwt,1
2013,bz2,704
2013,c,3113
2013,c4d,2
2013,cabal,12
2013,cache,738
2013,car,3
2013,cbp,5
2013,cc,116
2013,ccf,3
2013,cd,7
2013,cdb,3
2013,cer,2
2013,cfg,21
2013,cgi,1
2013,chat,2
2013,checkstyle,2
2013,cl,25
2013,class,3347
2013,classpath,108
2013,client,45
2013,clj,36
2013,cls,8
2013,cmake,137
2013,cmd,11
2013,cmds,12
2013,codec,6
2013,coffee,527
2013,colours,2
2013,commands,2
2013,common,3
2013,compiled,54
2013,component,487
2013,conf,501
2013,config,194
2013,conkyrc,1
2013,construct,2
2013,contentproj,1
2013,controller,22
2013,convert,1
2013,coveragerc,4
2013,cpp,3259
2013,cproject,14
2013,crc,13
2013,crt,1
2013,crx,4
2013,cs,8333
2013,csdl,3
2013,csh,3
2013,cshtml,145
2013,cson,2
2013,csproj,967
2013,csql,1
2013,csr,1
2013,css,1674
2013,csv,2672
2013,ctp,57
2013,cu,5
2013,cub,2
2013,cup,1
2013,cur,2
2013,curses,1
2013,cvsignore,1
2013,cxx,62
2013,d,1531
2013,dart,89
2013,dat,81
2013,data,99
2013,database,1
2013,datasource,5
2013,db,178
2013,dbc,7
2013,dbd,1
2013,dbf,24
2013,dbschema,2
2013,dbt,12
2013,dcm,1
2013,debian,2
2013,debug,2
2013,def,1
2013,default,3
2013,deleted,1
2013,delta,2
2013,dep,15
2013,depend,53
2013,deploy,13
2013,der,1
2013,desktop,22
2013,devassistant,1
2013,developerprofile,1
2013,dex,104
2013,dfm,2
2013,di,1
2013,dia,5
2013,diagram,3
2013,dic,21
2013,diff,40
2013,directory,10
2013,dired,1
2013,disable,1
2013,discomap,1
2013,disp,1
2013,dll,2505
2013,dm,1698
2013,dmd,1
2013,dme,38
2013,dmenurc,2
2013,dmi,92
2013,dmm,41
2013,dna,4
2013,do,1
2013,doc,212
2013,docbook,2
2013,docpage,52
2013,docstates,1
2013,doctemplate,16
2013,docvaluesformat,1
2013,docx,195
2013,dot,39
2013,dotsettings,1
2013,dotx,10
2013,dox,1
2013,dpr,1
2013,dproj,1
2013,drl,4
2013,dsp,4
2013,dsw,1
2013,dtd,2
2013,dtx,2
2013,dwlt,3
2013,dwt,24
2013,dxf,1
2013,edmx,4
2013,edx,6
2013,egg,1
2013,ejs,133
2013,el,118
2013,elc,418
2013,elv,3
2013,em,11
2013,emacs,3
2013,emblem,4
2013,env,4
2013,eot,20
2013,eps,72
2013,epub,1
2013,erb,674
2013,erl,15
2013,erwin,1
2013,events,20
2013,example,15
2013,excel,1
2013,exe,394
2013,exp,23
2013,expected,48
2013,exr,4
2013,extensionadapter,1
2013,f,25
2013,f90,240
2013,f95,3
2013,fa,1
2013,fam,1
2013,fasta,1
2013,fastq,5
2013,fbx,24
2013,feature,6
2013,files,1
2013,filter,2
2013,filters,59
2013,fish,3
2013,fits,3
2013,fix,2
2013,fla,77
2013,flac,2
2013,flashprojectproperties,1
2013,flex,1
2013,flp,1
2013,flv,1
2013,fml,2
2013,form,150
2013,forth,6
2013,fq,2
2013,fr,40
2013,frm,112
2013,frt,1
2013,frx,1
2013,fs,17
2013,fsx,1
2013,fth,58
2013,ftl,30
2013,funzy,1
2013,g,4
2013,gadget,1
2013,gch,2
2013,gel,1
2013,gemrc,1
2013,gemspec,30
2013,gen,24
2013,generators,2
2013,geojson,4
2013,ghci,1
2013,gif,697
2013,gitattributes,3
2013,gitconfig,30
2013,gitignore,339
2013,gitmodules,61
2013,glsl,8
2013,gml,1
2013,go,82
2013,google,1
2013,gp,6
2013,gpg,23
2013,gradle,25
2013,grdecl,2
2013,groovy,69
2013,gsm,1
2013,gsp,22
2013,gvimrc,2
2013,gyp,2
2013,gypi,1
2013,gz,240
2013,h,3675
2013,haml,144
2013,hash,1
2013,hbs,3
2013,hgignore,9
2013,hgrc,7
2013,hgtags,6
2013,hgtimestamp,7
2013,hh,35
2013,hist,1
2013,histogram,1
2013,history,7
2013,hpp,276
2013,hs,99
2013,htaccess,42
2013,htm,351
2013,html,7919
2013,htpasswd,1
2013,hxx,1
2013,i,5
2013,icns,2
2013,ico,50
2013,id,2
2013,idb,198
2013,idl,14
2013,ids,1
2013,idx,1
2013,ignorerules,1
2013,ilk,10
2013,iml,69
2013,in,105
2013,inc,141
2013,include,6
2013,includecache,9
2013,index,272
2013,inf,1
2013,info,45
2013,ini,108
2013,ino,60
2013,inputrc,1
2013,install,23
2013,installlog,2
2013,int,7
2013,internal,10
2013,ipa,1
2013,ipch,2
2013,ipynb,86
2013,irbrc,4
2013,jad,2
2013,jade,231
2013,jar,301
2013,jasper,10
2013,java,46108
2013,jbuilder,22
2013,jflex,7
2013,jfrm,2
2013,jj,13
2013,jou,1
2013,jpage,2
2013,jpeg,51
2013,jpg,3794
2013,jq,1
2013,jrxml,9
2013,js,4873
2013,jsfl,2
2013,jshintrc,5
2013,jsl,1
2013,json,916
2013,jsp,1038
2013,jupiter,1
2013,jvmopts,1
2013,kdev4,5
2013,key,8
2013,keywords,1
2013,kin,1
2013,kml,2
2013,l,7
2013,lastbuildstate,6
2013,launch,18
2013,layout,114
2013,lbi,3
2013,ld,1
2013,ldf,28
2013,lds,1
2013,less,133
2013,lftprc,1
2013,lib,105
2013,license,4
2013,licenses,2
2013,licx,1
2013,links,3
2013,linux,1
2013,lisp,9
2013,list,1
2013,lm,2
2013,lng,4
2013,lnk,3
2013,local,37
2013,location,1
2013,lock,161
2013,log,157
2013,lref,19
2013,ls,4
2013,lst,35
2013,lua,658
2013,lyx,11
2013,m,1532
2013,m2,1
2013,m3u,2
2013,m4,4
2013,mak,19
2013,make,35
2013,mako,7
2013,manifest,20
2013,map,113
2013,mapset,2
2013,markdown,65
2013,markers,11
2013,mask,2
2013,master,23
2013,mat,460
2013,maven,3
2013,max,1
2013,maxpat,1
2013,mb,108
2013,mbr,1
2013,mc,1
2013,md,1621
2013,md5,114
2013,mdatemplate,11
2013,mdb,177
2013,mdf,28
2013,mdl,28
2013,mdx,2
2013,mel,4
2013,meta,1338
2013,mf,42
2013,mine,6
2013,minttyrc,2
2013,mk,33
2013,mkb,1
2013,mkf,1
2013,ml,15
2013,mli,3
2013,mll,1
2013,mly,2
2013,mm,111
2013,mmap,1
2013,mng,1
2013,mo,15
2013,mobileprovision,2
2013,moc,3
2013,mode1v3,1
2013,models,1
2013,module,67
2013,modules,261
2013,mostrc,1
2013,mp3,456
2013,mp4,3
2013,mpdconf,2
2013,mpp,8
2013,mpq,17
2013,msg,3
2013,msi,1
2013,msl,2
2013,msmtprc,1
2013,mtl,4
2013,mtree,4
2013,muse,25
2013,mwb,23
2013,mxi,1
2013,myapp,1
2013,myd,23
2013,myi,88
2013,name,19
2013,ncb,4
2013,netrwhist,2
2013,node,2
2013,notation,1
2013,note,4
2013,notes,1
2013,npmignore,1
2013,npmrc,1
2013,npy,1
2013,nrm,1
2013,nupkg,8
2013,nuspec,24
2013,o,443
2013,obj,2180
2013,odg,1
2013,odp,1
2013,ods,7
2013,odt,11
2013,offlineimaprc,2
2013,ofx,1
2013,ogg,46
2013,ogv,3
2013,ok,2
2013,old,3
2013,one,15
2013,onetoc2,4
2013,opm,1
2013,opt,1
2013,opts,7
2013,ord,1
2013,ord1,1
2013,org,54
2013,orig,8
2013,orti,1
2013,os,9
2013,otf,1
2013,out,133
2013,output,7
2013,ovpn,1
2013,owl,1
2013,pac,1
2013,pack,4
2013,page,679
2013,pak,1
2013,parent,8
2013,pas,2
2013,patch,134
2013,pbxproj,181
2013,pbxuser,1
2013,pcap,1
2013,pch,19
2013,pckgdep,3
2013,pd,1
2013,pdb,747
2013,pde,27
2013,pdf,1385
2013,pdm,1
2013,pdn,11
2013,pdom,4
2013,pemicro,4
2013,perspectivev3,1
2013,pfx,6
2013,pgpass,1
2013,ph,1
2013,phar,3
2013,php,5869
2013,php1,3
2013,phtml,27
2013,phy,10
2013,physicmaterial,4
2013,pidb,37
2013,pkginfo,4
2013,pl,30
2013,plg,3
2013,plist,95
2013,plugins,2
2013,pm,4
2013,png,4629
2013,po,455
2013,podspec,3
2013,policy,1
2013,pom,6
2013,postingsformat,4
2013,postinst,2
2013,pot,22
2013,pp,2
2013,ppm,5
2013,ppr,1
2013,ppt,19
2013,pptx,33
2013,prefab,598
2013,prefs,141
2013,preinst,2
2013,pri,3
2013,prj,24
2013,prm,3
2013,pro,57
2013,product,1
2013,profile,8
2013,prog,29
2013,proj,1
2013,project,191
2013,projectmgr,1
2013,prop,1
2013,properties,894
2013,proto,6
2013,prxy,1
2013,pryrc,2
2013,ps1,23
2013,psd,60
2013,psqlrc,1
2013,pub,1
2013,public,1
2013,pxd,1
2013,py,6310
2013,pyc,2621
2013,pydevproject,1
2013,pyo,24
2013,pyproj,1
2013,pyw,23
2013,qml,29
2013,qrc,7
2013,qss,3
2013,query,5
2013,r,41
2013,rabl,2
2013,rake,13
2013,raketasks,4
2013,rapt,14
2013,rar,154
2013,rb,2682
2013,rc,22
2013,rc2,5
2013,rdb,6
2013,rdebugrc,1
2013,rdlc,13
2013,rdoc,10
2013,readcount,2
2013,readme,4
2013,red,6
2013,redshiftgrc,1
2013,ref,1
2013,refresh,17
2013,rej,1
2013,release,4
2013,rendertexture,1
2013,repositories,1
2013,res,1
2013,resfiles,4
2013,resources,77
2013,result,336
2013,resx,207
2013,review,1
2013,rkt,45
2013,rmd,1
2013,rml,3
2013,rnc,4
2013,rppkg,9
2013,rs,10
2013,rsdoc,2
2013,rst,63
2013,rsync,1
2013,rtf,16
2013,ru,19
2013,rules,10
2013,rvmrc,8
2013,s,37
2013,s19,3
2013,sa,1
2013,sample,13
2013,sav,1
2013,save,4
2013,sbt,13
2013,sc,210
2013,scala,763
2013,scc,3
2013,scd,2
2013,sch,1
2013,schelp,208
2013,screen,112
2013,screenrc,5
2013,screenx,3
2013,scss,349
2013,scssc,24
2013,sdf,112
2013,sed,1
2013,sequencediagram,3
2013,ser,2
2013,service,19
2013,sesx,1
2013,settings,27
2013,sh,378
2013,sha1,658
2013,shader,18
2013,shfbproj,1
2013,shlibs,1
2013,simp,1
2013,simpledocvaluesformat,2
2013,skin,2
2013,sldasm,3
2013,slddrw,2
2013,sldprt,3
2013,sln,309
2013,smali,98
2013,smap,2
2013,snap,9
2013,snippets,7
2013,snk,8
2013,so,13
2013,socket,2
2013,source,3
2013,spec,21
2013,spl,1
2013,springbeans,1
2013,spritefont,1
2013,spt,5
2013,sql,311
2013,sqlite,36
2013,sqlite3,24
2013,src,1
2013,ssdl,3
2013,stamp,3
2013,state,124
2013,stats,3
2013,status,4
2013,sticker,1
2013,stl,7
2013,store,124
2013,storyboard,203
2013,stp,1
2013,strings,20
2013,stt,1
2013,sty,2
2013,styl,16
2013,suo,531
2013,sv,2
2013,svcinfo,4
2013,svcmap,6
2013,svg,35
2013,swatches,6
2013,swc,2
2013,swf,156
2013,swo,3
2013,swp,19
2013,sx,9
2013,symlink,12
2013,synctex,24
2013,t,1
2013,tar,2
2013,target,3
2013,tarsnaprc,1
2013,tbo,1
2013,tcc,47
2013,tcl,10
2013,tdb,1
2013,tdg,33
2013,tdo,2
2013,tdrw,14
2013,template,88
2013,terminal,1
2013,testsettings,7
2013,tex,275
2013,texi,5
2013,textile,15
2013,tf1,2
2013,tfb,1
2013,tga,4
2013,tgz,5
2013,theme,2
2013,thor,6
2013,thrift,4
2013,tif,59
2013,tiff,2
2013,tix,2
2013,tld,20
2013,tlog,122
2013,tmp,2
2013,tmpl,10
2013,tmtheme,2
2013,tmux,1
2013,tmx,7
2013,toc,24
2013,tokenfilterfactory,5
2013,tokenizerfactory,1
2013,tomcatplugin,1
2013,tpl,96
2013,tpp,2
2013,travis,2
2013,tree,9
2013,trx,25
2013,ts,51
2013,tst,2
2013,tsv,2
2013,tt,24
2013,ttf,22
2013,tut,1
2013,twig,264
2013,txt,4580
2013,ucf,5
2013,ucls,6
2013,udk,4
2013,ui,25
2013,uml,41
2013,unity,226
2013,unityproj,77
2013,unmask,1
2013,use,3
2013,user,54
2013,userprefs,29
2013,uxf,4
2013,v,20
2013,v11,2
2013,v2,1
2013,vagrant,7
2013,vb,102
2013,vbp,1
2013,vbproj,12
2013,vbw,1
2013,vcl,1
2013,vcproj,163
2013,vcxproj,111
2013,vdproj,2
2013,vert,1
2013,vesamenu,1
2013,vhd,5
2013,vi,4
2013,view,2
2013,vim,56
2013,vimp,1
2013,vimpagerrc,2
2013,vimperatorrc,1
2013,vimrc,84
2013,vlw,1
2013,vm,22
2013,vmt,305
2013,vpp,1
2013,vs,2
2013,vsct,2
2013,vsd,7
2013,vsdx,7
2013,vsixmanifest,2
2013,vsmdi,3
2013,vsprops,3
2013,vstemplate,1
2013,vtf,257
2013,vtpl,3
2013,vtt,3
2013,vtx,36
2013,vvd,10
2013,wamodel,1
2013,waproject,1
2013,war,10
2013,wav,85
2013,wd3,2
2013,wdb,7
2013,webapp,19
2013,webinfo,2
2013,webm,3
2013,wiki,3190
2013,win32,1
2013,winmd,2
2013,winmdobj,1
2013,wixproj,4
2013,wma,4
2013,wmf,1018
2013,woff,24
2013,wsdl,27
2013,wxs,9
2013,x,3
2013,xaml,493
2013,xbap,2
2013,xbindkeysrc,2
2013,xbm,1
2013,xcbkptlist,21
2013,xccheckout,9
2013,xccurrentversion,3
2013,xcf,31
2013,xcscheme,22
2013,xcuserstate,81
2013,xcworkspacedata,20
2013,xdefaults,2
2013,xds,1
2013,xhtml,1113
2013,xib,86
2013,xinitrc,17
2013,xjb,2
2013,xls,48
2013,xlsm,48
2013,xlsx,94
2013,xmi,13
2013,xml,11864
2013,xmobarrc,6
2013,xmodmap,2
2013,xmodmaprc,2
2013,xmp,19
2013,xnb,4
2013,xo,2
2013,xol,1
2013,xprofile,2
2013,xprs,2
2013,xreport,1
2013,xresources,18
2013,xsc,2
2013,xsd,41
2013,xsl,6
2013,xslt,1
2013,xss,3
2013,xvimrc,1
2013,xyz,2
2013,xz,4
2013,y,11
2013,yaml,62
2013,yasnippet,6
2013,yeban,1
2013,ym,1
2013,yml,350
2013,zargo,1
2013,zip,116
2013,zlogin,1
2013,zo,2
2013,zprofile,2
2013,zsh,60
2013,zshenv,8
2013,zshrc,37
2013,ztmp,59
2013,zul,7
2013,zxp,1
2013,zzy,1
2014,0,5
2014,0000000000000000010,1
2014,0000000000000000011,1
2014,0000000000000000012,1
2014,0000000000000000013,1
2014,0000000000000000014,1
2014,0000000000000000015,1
2014,0000000000000000019,1
2014,0000000000000000020,1
2014,0000000000000000021,1
2014,0000000000000000022,1
2014,0000000000000000023,1
2014,0000000000000000024,1
2014,03,2
2014,1,9
2014,10,1
2014,2,3
2014,2014,2
2014,3ds,2
2014,4,1
2014,4th,3
2014,55p,1
2014,5pre1,10
2014,7,1
2014,7z,2
2014,a,13
2014,aar,2
2014,abap,5
2014,abs,1
2014,ac,31
2014,ackrc,1
2014,add,7
2014,adoc,7
2014,after,3
2014,ai,15
2014,aim,1
2014,aj,4
2014,aliases,4
2014,aliasrc,1
2014,am,65
2014,amateras,1
2014,anim,208
2014,ansi,1
2014,apib,30
2014,apk,113
2014,appcache,3
2014,application,4
2014,appxmanifest,5
2014,appxrecipe,2
2014,aps,12
2014,arcconfig,3
2014,arclint,1
2014,arff,4
2014,as,87
2014,as3proj,1
2014,asax,12
2014,asc,11
2014,ascx,83
2014,asd,5
2014,ashx,9
2014,asl,2
2014,asm,40
2014,asmx,7
2014,aspx,727
2014,asset,132
2014,assets,24
2014,asv,2
2014,atlas,6
2014,au,46
2014,aup,3
2014,autosave,3
2014,aux,49
2014,awl,48
2014,b,1
2014,back,1
2014,backup,14
2014,backup1,1
2014,bak,54
2014,baml,67
2014,bas,2
2014,base,2
2014,bash,9
2014,bashrc,38
2014,bat,61
2014,bats,1
2014,bbl,15
2014,bck,2
2014,bd,3
2014,before,2
2014,bib,21
2014,bii,4
2014,bin,177
2014,bk,1
2014,bkp,1
2014,bky,1
2014,blend,14
2014,blg,18
2014,bmml,1
2014,bmp,206
2014,booproj,2
2014,boto,1
2014,bowerrc,2
2014,bpel,35
2014,bpmn2,3
2014,bpr,1
2014,brd,8
2014,brewfile,8
2014,bridgesupport,1
2014,brs,35
2014,build,1
2014,buildinfo,2
2014,buildpath,1
2014,bundles,5
2014,bxml,2
2014,bz,1
2014,bz2,16
2014,c,2281
2014,c3p,8
2014,c4d,3
2014,cache,703
2014,cachefile,3
2014,cap,1
2014,caproj,2
2014,car,1
2014,caskfile,1
2014,catkin,1
2014,cbp,1
2014,cc,34
2014,ccf,2
2014,ccz,4
2014,cd,1
2014,cdr,4
2014,cer,2
2014,cfe,6
2014,cfg,35
2014,cfs,6
2014,cfx,2
2014,cgfx,1
2014,cgl,1
2014,chart,1
2014,chm,2
2014,chr,1
2014,chw,1
2014,ci,39
2014,cla,2
2014,class,3365
2014,classpath,124
2014,client,731
2014,clj,228
2014,cls,17
2014,clsbi,2
2014,cmake,100
2014,cmd,30
2014,cmds,9
2014,cnf,2
2014,codec,4
2014,codekit,9
2014,cof,1
2014,coffee,635
2014,commonrc,1
2014,component,49
2014,conf,232
2014,config,367
2014,contentproj,1
2014,contiki,1
2014,contrib,1
2014,controller,64
2014,cov,1
2014,coveragerc,2
2014,cpl,3
2014,cpp,3545
2014,cproject,4
2014,cpu,1
2014,crc,4
2014,cron,1
2014,crt,2
2014,cs,16118
2014,csdl,4
2014,csh,2
2014,cshtml,480
2014,cson,18
2014,csproj,1011
2014,csr,1
2014,css,3062
2014,csv,640
2014,ctp,232
2014,cu,3
2014,cub,1
2014,cur,13
2014,cxx,18
2014,d,312
2014,dae,5
2014,dat,95
2014,data,6
2014,datasource,15
2014,db,227
2014,dbconfigurationservicefactory,1
2014,dbf,12
2014,dbk,1
2014,dbmdl,1
2014,dc,1
2014,dcp,2
2014,dds,34
2014,deb,2
2014,debug,1
2014,def,20
2014,default,20
2014,del,2
2014,delta,3
2014,dep,3
2014,depend,5
2014,deploy,19
2014,deployment,1
2014,desktop,4
2014,devanagari,1
2014,devel,1
2014,dex,79
2014,dfm,43
2014,dfminstall,2
2014,dfr,15
2014,dia,26
2014,diagram,5
2014,diary,20
2014,dic,8
2014,diff,41
2014,directory,1
2014,disabled,1
2014,disco,4
2014,discoverable,1
2014,dist,3
2014,dll,620
2014,dm,6052
2014,dmb,1
2014,dme,141
2014,dmf,5
2014,dmi,149
2014,dmm,338
2014,do,3
2014,doc,28
2014,dockerfile,1
2014,dockerignore,4
2014,docpage,1
2014,doctree,10
2014,docvaluesformat,2
2014,docx,210
2014,dotsettings,4
2014,dox,1
2014,doxyfile,1
2014,dp,1
2014,dpr,2
2014,dsn,1
2014,dsp,4
2014,dsw,1
2014,dtd,42
2014,dvi,2
2014,dvsl,7
2014,dwlt,16
2014,dwt,4
2014,dylib,9
2014,eap,4
2014,edited,1
2014,editorconfig,6
2014,edmx,8
2014,edx,12
2014,egg,2
2014,eixrc,1
2014,ejs,255
2014,el,434
2014,elc,347
2014,elf,30
2014,elv,1
2014,em,1
2014,emacs,2
2014,emblem,1
2014,emf,32
2014,empty,1
2014,enc,1
2014,env,2
2014,eot,57
2014,epics,1
2014,eps,4
2014,epw,1
2014,equallogic,1
2014,erb,1713
2014,esym,1
2014,ex,1
2014,example,3
2014,exclude,10
2014,exe,178
2014,exp,12
2014,expected,14
2014,exports,2
2014,exs,2
2014,ext,3
2014,f,8
2014,f90,376
2014,factorypath,4
2014,fas,1
2014,fasta,1
2014,fbx,84
2014,fdt,8
2014,fdx,4
2014,feature,47
2014,fetchmailrc,6
2014,fhtm,10
2014,filters,134
2014,fish,6
2014,fla,14
2014,flex,1
2014,floo,1
2014,flow,26
2014,flp,2
2014,fnm,5
2014,fnt,9
2014,form,71
2014,fp,2
2014,fr,5
2014,frag,1
2014,frq,2
2014,frt,2
2014,fs,6
2014,fsg,3
2014,ft,7
2014,fth,18
2014,ftl,31
2014,functions,2
2014,fx,3
2014,fxml,2
2014,g,2
2014,g11,1
2014,g4,3
2014,gbl,1
2014,gbo,1
2014,gbs,1
2014,gch,1
2014,gemspec,60
2014,gen,32
2014,geo,1
2014,ghci,1
2014,gif,772
2014,git,1
2014,gitattributes,1
2014,gitconfig,45
2014,gitgnore,1
2014,gitignore,556
2014,gitingore,1
2014,gitmodules,85
2014,gitref,1
2014,glsl,37
2014,gml,1
2014,go,112
2014,gpg,12
2014,gpx,7
2014,gradle,107
2014,graffle,25
2014,gram,2
2014,groovy,51
2014,gsp,6
2014,gtl,1
2014,gto,1
2014,gts,1
2014,guides,1
2014,guiskin,2
2014,gvimrc,5
2014,gyp,1
2014,gypi,7
2014,gz,72
2014,h,3994
2014,haml,90
2014,hbs,28
2014,header,6
2014,help,16
2014,hex,18
2014,hgignore,16
2014,hgtags,7
2014,history,68
2014,hlp,1
2014,hmap,9
2014,hpp,217
2014,hprof,1
2014,hs,87
2014,htacces,1
2014,htaccess,59
2014,htm,268
2014,html,23163
2014,htpasswd,1
2014,hxx,8
2014,i,1
2014,iab,2
2014,iad,2
2014,iba,1
2014,iced,9
2014,icns,2
2014,ico,77
2014,ics,1
2014,id,5
2014,idb,1
2014,idl,8
2014,ids,4
2014,idx,1
2014,ilk,2
2014,imb,2
2014,imd,2
2014,iml,132
2014,in,70
2014,inc,186
2014,include,3
2014,includecache,9
2014,index,22
2014,info,55
2014,ini,59
2014,ino,12
2014,inputs,4
2014,install,16
2014,instances,1
2014,int,17
2014,intermediate,1
2014,internal,10
2014,inv,3
2014,io,2
2014,ioreg,1
2014,ipa,1
2014,ipch,1
2014,ipynb,32
2014,iwd,6
2014,j2,6
2014,j3o,1
2014,j3odata,1
2014,jad,21
2014,jade,491
2014,jar,302
2014,jasper,100
2014,java,51449
2014,jbuilder,85
2014,jflex,2
2014,jj,2
2014,jks,1
2014,jou,17
2014,jpeg,75
2014,jpg,21585
2014,jrxml,100
2014,js,12254
2014,jsdtscope,2
2014,jsfdia,1
2014,jsfl,2
2014,jshintrc,9
2014,json,2358
2014,json2,2
2014,json5,2
2014,jsonp,1
2014,jsp,1497
2014,jsx,1
2014,jucer,21
2014,key,4
2014,keymap,16
2014,keystore,4
2014,keystream,1
2014,kml,1
2014,komodoproject,1
2014,lang,8
2014,lastbuildstate,18
2014,latin,1
2014,launch,25
2014,layerdiagram,1
2014,layout,2
2014,lbr,2
2014,ldf,16
2014,ldo,3
2014,lds,1
2014,less,843
2014,lib,77
2014,lic,1
2014,license,1
2014,licx,3
2014,linkfilelist,4
2014,linux,1
2014,lip,6
2014,lisp,17
2014,list,1
2014,lm2,1
2014,lng,6
2014,load,8
2014,local,9
2014,location,1
2014,lock,372
2014,log,420
2014,logrc,1
2014,lref,18
2014,lrp,22
2014,ls,3
2014,lst,3
2014,ltdo,1
2014,lto,2
2014,lua,529
2014,m,1908
2014,m4a,5
2014,m4v,1
2014,mak,18
2014,make,111
2014,mako,7
2014,mallet,1
2014,manifest,15
2014,map,145
2014,markdown,20
2014,markers,1
2014,mas2j,1
2014,master,80
2014,mat,438
2014,maxpat,2
2014,mb,1
2014,mcp,1
2014,mcs,1
2014,mcw,1
2014,md,3511
2014,md5,4
2014,mdb,35
2014,mdf,14
2014,mdown,4
2014,mdtext,1
2014,me,1
2014,meta,3910
2014,metagen,2
2014,mf,59
2014,mid,17
2014,mine,5
2014,mingw,1
2014,minttyrc,6
2014,mk,42
2014,mkv,14
2014,ml,65
2014,mli,2
2014,mll,1
2014,mly,1
2014,mm,9
2014,mo,39
2014,mobileprovision,1
2014,mocha,7
2014,model,1
2014,modelproj,1
2014,module,89
2014,modules,222
2014,mov,2
2014,mp3,150
2014,mp4,15
2014,mpp,1
2014,msi,2
2014,msl,4
2014,msq,1
2014,mtl,14
2014,mui,1
2014,muse,14
2014,mwb,7
2014,mxi,3
2014,mymetadata,8
2014,mysql,1
2014,myumldata,1
2014,name,42
2014,nav,3
2014,nb,42
2014,ndf,1
2014,nec,4
2014,nethackrc,1
2014,netrwhist,4
2014,nfs0000000000aed18a00000039,1
2014,nib,53
2014,node,19
2014,npmignore,1
2014,npmrc,1
2014,nrm,2
2014,nsi,2
2014,nupkg,7
2014,nuproj,2
2014,nuspec,40
2014,nvd,7
2014,nvm,5
2014,nw,4
2014,o,749
2014,obj,1743
2014,ocamlinit,2
2014,ocx,2
2014,odg,1
2014,ods,13
2014,odt,5
2014,ogg,38
2014,old,8
2014,ometa,4
2014,onetoc2,8
2014,opensdf,1
2014,opj,1
2014,opt,2
2014,opts,15
2014,org,12
2014,orig,26
2014,orm,4
2014,osgt,2
2014,osx,1
2014,otf,5
2014,out,160
2014,ova,1
2014,ow,1
2014,oxygene,3
2014,p12,2
2014,paa,4
2014,pack,1
2014,packagedeps,1
2014,packageinfo,1
2014,page,1
2014,pageflow,2
2014,pas,6
2014,patch,70
2014,path,1
2014,pbuilder,1
2014,pbxproj,276
2014,pc,2
2014,pch,16
2014,pckgdep,1
2014,pdb,401
2014,pde,5
2014,pdf,756
2014,pem,2
2014,pes,1
2014,pfi,2
2014,pfx,3
2014,pgm,1
2014,phar,2
2014,php,10222
2014,phpt,10
2014,phtml,558
2014,physicsmaterial2d,3
2014,pi,1
2014,pickle,3
2014,pidb,13
2014,pisi,1
2014,pl,37
2014,plg,1
2014,plist,147
2014,plo,1
2014,pm,5
2014,pmml,1
2014,png,21001
2014,po,3712
2014,podspec,1
2014,pom,4
2014,poo,1
2014,pos,7
2014,postingsformat,2
2014,postinst,4
2014,pot,149
2014,pp,35
2014,ppj,1
2014,ppt,7
2014,pptx,17
2014,ppx,3
2014,pr,1
2014,prefab,1090
2014,prefs,86
2014,preinst,1
2014,prerm,1
2014,pri,2
2014,pro,148
2014,profile,4
2014,proj,3
2014,project,208
2014,projectsview,1
2014,projitems,2
2014,prop,2
2014,properties,603
2014,props,1
2014,prx,2
2014,ps,7
2014,ps1,25
2014,psd,65
2014,psess,5
2014,psgi,1
2014,pt,1
2014,pth,3
2014,pub,5
2014,publishproj,4
2014,pubxml,5
2014,pug,1
2014,pxd,8
2014,pxm,2
2014,py,8133
2014,pyc,2787
2014,pyw,3
2014,pyx,9
2014,qbk,1
2014,qml,6
2014,qrc,8
2014,qss,1
2014,query,3
2014,r,861
2014,r35,2
2014,r41,2
2014,rake,25
2014,raketasks,1
2014,rar,14
2014,rb,4055
2014,rbuildignore,1
2014,rc,49
2014,rc2,7
2014,rd,699
2014,rdata,2
2014,rdf,225
2014,rdoc,38
2014,rds,15
2014,readme,1
2014,red,48
2014,reds,58
2014,ref,19
2014,refresh,9
2014,rej,1
2014,repositories,5
2014,repy,9
2014,res,4
2014,resources,75
2014,result,16
2014,resx,111
2014,rgs,24
2014,rhistory,2
2014,rkt,1
2014,rmd,70
2014,rml,2
2014,robot,38
2014,rosinstall,1
2014,rp,6
2014,rproj,5
2014,rpy,122
2014,rpyb,7
2014,rpyc,44
2014,rs,1
2014,rsc,1
2014,rsp,8
2014,rst,870
2014,rtf,9
2014,ru,16
2014,run,2
2014,rviz,1
2014,rvmrc,1
2014,s,19
2014,s19,1
2014,s3db,20
2014,sample,35
2014,samples,13
2014,sass,531
2014,sassc,60
2014,save,2
2014,sbclrc,8
2014,sbn,3
2014,sbt,7
2014,sbx,3
2014,sc,189
2014,scala,273
2014,scc,10
2014,sch,7
2014,schelp,71
2014,scm,2
2014,scpt,2
2014,scr,2
2014,screen,46
2014,screenrc,1
2014,scss,879
2014,scssc,375
2014,sdb,48
2014,sdf,64
2014,searchresults,5
2014,secure,1
2014,service,651
2014,settings,10
2014,sfd,4
2014,sfk,3
2014,sh,889
2014,sha1,189
2014,shader,16
2014,shp,5
2014,shproj,1
2014,shtml,6
2014,shx,5
2014,si,14
2014,sitemap,2
2014,sketchplugin,1
2014,skip,1
2014,sks,1
2014,slate,6
2014,slim,5
2014,sln,366
2014,smali,317
2014,smap,1
2014,smd,12
2014,snap,1
2014,snippets,4
2014,snk,1
2014,snm,2
2014,so,19
2014,source,1
2014,sparkleshare,1
2014,spec,5
2014,spl,6
2014,spyderproject,1
2014,sqf,28
2014,sql,471
2014,sqlite,16
2014,sqlite3,9
2014,sqlproj,1
2014,sqm,5
2014,src,2
2014,ssdl,4
2014,sta,1
2014,stackdump,2
2014,stalonetrayrc,2
2014,state,664
2014,step,1
2014,stg,1
2014,stl,120
2014,storyboard,175
2014,string,1
2014,strings,19
2014,sttheme,1
2014,sty,2
2014,styl,68
2014,stylecop,2
2014,suo,301
2014,svc,2
2014,svcinfo,8
2014,svcmap,4
2014,svg,163
2014,svntmp,3
2014,svnweek,109
2014,swf,23
2014,swift,276
2014,swn,1
2014,swo,1
2014,swp,16
2014,sxml,2
2014,sym,51
2014,symlink,14
2014,sys,9
2014,tag,4
2014,tar,4
2014,target,3
2014,targetinfo,1
2014,task,1
2014,tcl,7
2014,tcs,2
2014,tdo,31
2014,tdrw,1
2014,tds,8
2014,tdt,1
2014,template,13
2014,tes,2
2014,testabc,3
2014,testsettings,4
2014,tex,339
2014,texi,1
2014,text,7
2014,tga,41
2014,tgz,21
2014,thrift,1
2014,tif,3
2014,tii,2
2014,tim,8
2014,time,1
2014,tinydtls,2
2014,tip,8
2014,tis,2
2014,tithonus,1
2014,tld,9
2014,tlh,5
2014,tli,4
2014,tlo,3
2014,tlog,205
2014,tmp,5
2014,tmpl,105
2014,tmtheme,1
2014,tmx,1
2014,to,14
2014,toc,3
2014,todo,14
2014,tokenfilterfactory,3
2014,tokenizerfactory,1
2014,tpl,88
2014,tps,3
2014,travis,1
2014,trds,1
2014,tre,1
2014,tree,2
2014,trs,22
2014,trx,36
2014,ts,1
2014,tst,6
2014,tsv,1
2014,tt,20
2014,ttf,62
2014,twig,28
2014,txml,40
2014,txt,3636
2014,txtx,1
2014,u1conflict,2
2014,uasset,54
2014,ubu86,1
2014,ucf,1
2014,ui,29
2014,umap,2
2014,uml,5
2014,umldi,2
2014,unenc,1
2014,unit,2
2014,unitlib,1
2014,units,2
2014,unity,319
2014,unity3d,4
2014,unitypackage,4
2014,unityproj,15
2014,user,63
2014,userprefs,48
2014,v,62
2014,v11,2
2014,v2,6
2014,values,1
2014,vb,44
2014,vbpel,33
2014,vbproj,4
2014,vbs,4
2014,vc,1
2014,vcproj,60
2014,vcxproj,177
2014,veo,2
2014,vertexshader,1
2014,vhd,4
2014,vhdl,3
2014,vi,1
2014,vim,248
2014,viminfo,2
2014,vimp,1
2014,vimrc,148
2014,violet,2
2014,viz,1
2014,vm,476
2014,vmt,1
2014,vp,2
2014,vs,2
2014,vsd,4
2014,vsixmanifest,1
2014,vsmacros,1
2014,vsmdi,2
2014,vsp,3
2014,vspx,1
2014,vssettings,1
2014,vstemplate,1
2014,vtf,2
2014,vtpl,4
2014,vtt,2
2014,wadirectory,1
2014,waktdef,1
2014,wamodel,1
2014,war,5
2014,wasolution,1
2014,wav,287
2014,wdproj,2
2014,webapp,1
2014,webm,1
2014,wiki,5241
2014,wk3,7
2014,woff,56
2014,woff2,14
2014,world,3
2014,wps,6
2014,wsdd,6
2014,wsdl,64
2014,wsgi,1
2014,x,26
2014,xaml,534
2014,xap,2
2014,xbap,1
2014,xbf,2
2014,xcbkptlist,38
2014,xccheckout,15
2014,xcconfig,7
2014,xcexplist,4
2014,xcf,6
2014,xci,7
2014,xcscheme,63
2014,xcuserstate,154
2014,xcworkspacedata,31
2014,xdc,2
2014,xdefaults,7
2014,xhtml,380
2014,xib,122
2014,xinitrc,16
2014,xls,31
2014,xlsm,126
2014,xlsx,68
2014,xmi,1
2014,xml,11849
2014,xmobarrc,6
2014,xmodmap,2
2014,xnb,992
2014,xorg,5
2014,xpr,2
2014,xsd,76
2014,xsession,6
2014,xsl,31
2014,xtgf,1
2014,xul,16
2014,xvfb,5
2014,xyz,1
2014,yail,1
2014,yaml,101
2014,yml,682
2014,ys,4
2014,zip,202
2014,zlogin,2
2014,zprofile,15
2014,zsh,148
2014,zshenv,2
2014,zshrc,70
2014,ztl,68
2015,0,4
2015,0000000000000000002,1
2015,0000000000000000005,1
2015,0000000000000000006,1
2015,0000000000000000007,1
2015,0000000000000000008,1
2015,1,62
2015,10,1
2015,123dx,2
2015,12645,3
2015,2,6
2015,22,1
2015,3,27
2015,3ds,2
2015,4,11
2015,5,5
2015,6,1
2015,6bridge,1
2015,6in4,1
2015,6lan,1
2015,6pppoe,1
2015,6static,1
2015,6to4,1
2015,7,21
2015,8,16
2015,8th,4
2015,9,1
2015,a,24
2015,a65,7
2015,aar,4
2015,ac,19
2015,accdb,1
2015,acsurl,1
2015,add,1
2015,adoc,30
2015,adocgen,1
2015,advroute,1
2015,ahk,8
2015,ai,10
2015,aidl,13
2015,aliases,6
2015,aliasrc,1
2015,all,1
2015,alt,1
2015,am,40
2015,androidproj,10
2015,anim,163
2015,anki2,1
2015,apib,11
2015,apk,82
2015,app,1
2015,appcache,1
2015,application,4
2015,appxmanifest,4
2015,apt,2
2015,as,78
2015,as3proj,2
2015,asax,27
2015,asc,17
2015,ascx,28
2015,ashx,9
2015,asl,25
2015,asm,114
2015,asmx,2
2015,asoundrc,1
2015,asp,37
2015,aspx,527
2015,asset,335
2015,assets,37
2015,asta,2
2015,asx,27
2015,atc,1
2015,atlas,1
2015,atsln,1
2015,atsuo,13
2015,aup,1
2015,auto,1
2015,aux,11
2015,avi,1
2015,avsc,1
2015,awk,5
2015,axf,36
2015,axml,6
2015,babelrc,1
2015,bak,58
2015,baml,1
2015,bas,1
2015,base,3
2015,bash,19
2015,bashrc,40
2015,bat,154
2015,bats,7
2015,bd,1
2015,bfd,1
2015,bib,3
2015,bim,1
2015,bin,443
2015,bin2,1
2015,bkl,2
2015,bkp,4
2015,blend,3
2015,bmp,300
2015,boot,1
2015,bowerrc,2
2015,bowery,1
2015,bridge,1
2015,browser,2
2015,brs,1
2015,bsc,6
2015,bson,10
2015,build,29
2015,buildinfo,1
2015,buildpacks,1
2015,bullet,1
2015,bundles,3
2015,bxml,1
2015,bz,2
2015,bz2,4
2015,c,2479
2015,c2,8
2015,cabal,2
2015,cache,197
2015,cachemanagerserviceconfigurationparser,1
2015,car,4
2015,cbp,11
2015,cbursts,2
2015,cc,64
2015,cc2538dk,1
2015,ccsproject,1
2015,ccxml,1
2015,cd,8
2015,cdf,1
2015,cfe,1
2015,cfg,60
2015,cfl,1
2015,cfs,35
2015,cgi,27
2015,chk,1
2015,chr,11
2015,class,3755
2015,classdiagram,1
2015,classpath,92
2015,client,382
2015,clj,110
2015,cljs,69
2015,clp,2
2015,clpprj,1
2015,cls,1
2015,cmake,75
2015,cmd,51
2015,cmds,4
2015,cnf,29
2015,codekit,4
2015,coffee,603
2015,com,2
2015,compare,2
2015,component,47
2015,conf,328
2015,config,427
2015,conkyrc,2
2015,connectionservice,1
2015,console,1
2015,context,1
2015,controller,94
2015,copoly,86
2015,coreos,2
2015,coveragerc,1
2015,cpd,9
2015,cpgz,1
2015,cpp,5162
2015,cproj,7
2015,cproject,10
2015,cr,1
2015,crf,260
2015,critcl,2
2015,crt,6
2015,crx,1
2015,cry,4
2015,cs,17951
2015,csdl,1
2015,csh,5
2015,cshtml,391
2015,cson,26
2015,csproj,1375
2015,csr,1
2015,css,6528
2015,cssc,6
2015,csv,218
2015,ctagsrc,1
2015,ctp,316
2015,cubemap,2
2015,cxx,1
2015,d,244
2015,dae,6
2015,dart,3
2015,dat,83
2015,data,3
2015,database,1
2015,datasource,11
2015,db,283
2015,dbf,1
2015,dbml,16
2015,ddc,1
2015,deb,4
2015,def,1
2015,default,1
2015,defs,1
2015,dep,42
2015,depend,25
2015,deploy,5
2015,deps,1
2015,descarga,1
2015,descr,6
2015,desktop,14
2015,dev,1
2015,developerprofile,1
2015,devhelp,1
2015,devhelp2,1
2015,devscripts,1
2015,dex,59
2015,dhcp6c,1
2015,dhcp6s,1
2015,dhcpd,1
2015,dhfd,9
2015,dhfi,9
2015,dhps,2
2015,dhpt,2
2015,dhsd,3
2015,dhsf,7
2015,dhsp,49
2015,dhsq,1
2015,dia,3
2015,diagsession,4
2015,diff,3
2015,dircolors,1
2015,directory,1
2015,dirs,1
2015,disabled,1
2015,disco,1
2015,dist,7
2015,dita,4
2015,dj,1
2015,dl,1
2015,dll,347
2015,dm,5104
2015,dme,159
2015,dmf,3
2015,dmg,2
2015,dmi,186
2015,dmm,232
2015,dmp,1
2015,dna,2
2015,doc,212
2015,dockerfile,5
2015,dockerignore,13
2015,docm,9
2015,doctree,2
2015,docvaluesformat,1
2015,docx,147
2015,dot,1
2015,dotsettings,4
2015,dox,5
2015,doxyfile,3
2015,drl,8
2015,dropbox,1
2015,dsidx,2
2015,dsn,1
2015,dsp,3
2015,dsw,2
2015,dtd,2
2015,dtproj,1
2015,dtsx,1
2015,dump,6
2015,dwg,3
2015,dwlt,104
2015,dylib,2
2015,dynaroute,1
2015,ear,2
2015,ebuild,3
2015,ecore,1
2015,editorconfig,5
2015,effect,2
2015,eft,1
2015,ejs,130
2015,el,138
2015,elc,45
2015,elf,27
2015,elv,32
2015,emacs,13
2015,enc,14
2015,entityclientservice,1
2015,env,12
2015,envsample,3
2015,eot,54
2015,eps,20
2015,epub,1
2015,erb,874
2015,es6,1
2015,eslintignore,4
2015,eslintrc,13
2015,ethernet,1
2015,ewd,1
2015,ewp,8
2015,ewprj,1
2015,eww,1
2015,ex,16
2015,example,24
2015,exclude,2
2015,exe,462
2015,exec,1
2015,exemplo,1
2015,exp,5
2015,expected,4
2015,exports,1
2015,exs,13
2015,exsd,6
2015,ext,3
2015,extra,2
2015,f,25
2015,f90,335
2015,factorypath,1
2015,fbx,102
2015,fdt,1
2015,fdx,1
2015,feature,11
2015,fg,1
2015,file,1
2015,filters,212
2015,firewall,1
2015,fish,11
2015,fit,2
2015,fla,5
2015,flare,1
2015,flickrexclusion,1
2015,fnt,14
2015,fodt,9
2015,form,51
2015,forth,1
2015,fp,1
2015,fr,1
2015,frag,23
2015,fragment,1
2015,fragmentshader,1
2015,frq,1
2015,frt,2
2015,fs,27
2015,fsh,5
2015,fsproj,9
2015,fth,69
2015,ftl,7
2015,fw,4
2015,fxml,60
2015,fzz,2
2015,g2f,4
2015,g4,7
2015,gaf,10
2015,gbl,8
2015,gbo,8
2015,gbp,4
2015,gbr,3
2015,gbs,8
2015,gd,23
2015,gdbinit,12
2015,ged,12
2015,gem,1
2015,gemspec,26
2015,gen,2
2015,generators,1
2015,genmodel,1
2015,geno,4
2015,geojson,6
2015,geom,2
2015,ggb,5
2015,gif,441
2015,gir,1
2015,gitattributes,10
2015,gitconfig,58
2015,gitignore,836
2015,gitkeep,1
2015,gitmodules,71
2015,glsl,16
2015,gm1,5
2015,go,811
2015,gpg,9
2015,gpx,5
2015,gr3,1
2015,gradle,379
2015,graffle,1
2015,graphml,5
2015,grd,1
2015,gri,1
2015,groovy,142
2015,gs,1
2015,gtl,8
2015,gto,8
2015,gtp,4
2015,gts,8
2015,guess,1
2015,gvimrc,1
2015,gx,3
2015,gxc,2
2015,gyp,5
2015,gypi,17
2015,gz,120
2015,h,7949
2015,haml,525
2015,hash,2
2015,hbs,100
2015,hc1,1
2015,hcl,1
2015,hed,1
2015,help,5
2015,hex,47
2015,hgignore,4
2015,hgtags,2
2015,hh,7
2015,hi,110
2015,hin,1
2015,history,65
2015,hlsl,24
2015,hmap,11
2015,hocon,5
2015,host,3
2015,hpp,332
2015,hs,128
2015,htaccess,66
2015,htm,263
2015,html,90878
2015,htpasswd,4
2015,htpasswdb,1
2015,i,2
2015,icns,2
2015,ico,76
2015,ics,2
2015,id,5
2015,idb,80
2015,ide,1
2015,idf,2
2015,idl,2
2015,ids,5
2015,idx,28
2015,igmpproxy,1
2015,ignorerules,1
2015,ilk,77
2015,img,2
2015,iml,231
2015,in,270
2015,inc,128
2015,include,8
2015,index,97
2015,info,473
2015,ini,140
2015,inl,13
2015,ino,27
2015,inputrc,2
2015,inputs,2
2015,install,32
2015,int,19
2015,inv,2
2015,io,1
2015,ipa,3
2015,ipch,34
2015,ipp,9
2015,ipsec,1
2015,ipv6,1
2015,ipynb,185
2015,irap,6
2015,isp,13
2015,iss,198
2015,itermcolors,1
2015,jad,3
2015,jade,311
2015,jam,1
2015,jar,272
2015,java,34786
2015,jbuilder,33
2015,jeffrey,1
2015,jelly,10
2015,jflex,2
2015,jj,1
2015,jks,7
2015,jl,1
2015,jmx,1
2015,jou,1
2015,jpeg,43
2015,jpg,3124
2015,js,32615
2015,jsbundle,1
2015,jscsrc,1
2015,jsdtscope,1
2015,jsfdia,5
2015,jshintrc,7
2015,json,3695
2015,json5,1
2015,jsonline,2
2015,jsonlz4,1
2015,jsp,572
2015,jspf,4
2015,jsproj,3
2015,jsx,79
2015,jxt,1
2015,kbx,1
2015,key,8
2015,keyboard,1
2015,keys,2
2015,keyscript,2
2015,kml,1
2015,ko,4
2015,kod,1
2015,komodoproject,1
2015,kra,1
2015,kv,4
2015,l,3
2015,l2tpc,1
2015,la,7
2015,labels,102
2015,lahc,1
2015,lang,3
2015,last,1
2015,lastbuildstate,35
2015,lastupdated,2
2015,latte,190
2015,launch,30
2015,layoub,1
2015,layout,51
2015,lazy,6
2015,lcm,3
2015,ld,13
2015,ldb,4
2015,ldf,12
2015,less,2197
2015,lib,80
2015,licence,1
2015,license,1
2015,linkfilelist,11
2015,links,2
2015,linux,5
2015,lisp,1
2015,list,10
2015,little,1
2015,lnk,2
2015,lnp,9
2015,lo,2
2015,loc,1
2015,local,18
2015,location,3
2015,lock,493
2015,log,461
2015,lpp,1
2015,lprof,1
2015,ls,3
2015,lss,13
2015,lst,14
2015,lua,769
2015,lv,20
2015,lyx,3
2015,m,7816
2015,m32,2
2015,m4,39
2015,m4a,10
2015,m4v,1
2015,ma,1
2015,macfilter,1
2015,maciek,16
2015,mak,2
2015,make,2
2015,makefile,1
2015,mako,5
2015,manifest,5
2015,manpages,1
2015,map,489
2015,markdown,109
2015,marked,2
2015,markers,33
2015,markup,4
2015,mas2j,6
2015,mask,1
2015,master,73
2015,mat,475
2015,max,1
2015,maxhelp,5
2015,mb,1
2015,mcmeta,1
2015,md,6695
2015,md5,14
2015,mdb,156
2015,mdf,11
2015,mdtext,2
2015,mdwn,3
2015,me,1
2015,menu,1
2015,meta,3696
2015,mf,77
2015,mfd,3
2015,mht,1
2015,mib,2
2015,mic,1
2015,mif,1
2015,mine,1
2015,minimal,1
2015,minttyrc,6
2015,misc,1
2015,mk,129
2015,mkd,38
2015,mkdn,3
2015,mkshrc,1
2015,ml,1
2015,mm,8
2015,mml,1
2015,mo,56
2015,mocha,1
2015,mod,3
2015,modal,96
2015,mode1v3,1
2015,model,10
2015,modelproj,2
2015,module,43
2015,modulemap,7
2015,modules,5
2015,modulevalidation,1
2015,motemplate,2
2015,mounts,1
2015,mp,1
2015,mp3,198
2015,mp4,8
2015,mpl,4
2015,ms12,1
2015,msl,1
2015,mtl,6
2015,muttrc,5
2015,mw,2
2015,mwb,9
2015,mxe,4
2015,mxml,1
2015,myapp,1
2015,name,75
2015,nb,3
2015,ncb,2
2015,ndf,5
2015,neon,4
2015,net,7
2015,neta,2
2015,netflow,1
2015,netrwhist,14
2015,network,1
2015,netxml,1
2015,new,37
2015,nib,10
2015,nmea,1
2015,node,23
2015,notify,1
2015,npmignore,4
2015,npz,2
2015,nrm,1
2015,nrrd,1
2015,ns,1
2015,nsi,1
2015,nsmap,1
2015,nt,12
2015,numbers,1
2015,nunjucks,16
2015,nupkg,7
2015,nuspec,23
2015,nviminfo,1
2015,nvimrc,1
2015,o,722
2015,obb,1
2015,obj,327
2015,objectivefs,2
2015,ocl,1
2015,odg,1
2015,odp,5
2015,ods,4
2015,odt,19
2015,oepr,1
2015,ogg,56
2015,ogv,2
2015,old,10
2015,onetoc2,6
2015,opf,1
2015,opt,3
2015,order,3
2015,org,37
2015,orig,52
2015,origbuild,1
2015,os400,1
2015,osgb,1
2015,oshel,7
2015,osx,1
2015,otf,2
2015,out,99
2015,overridecontroller,3
2015,pages,1
2015,parent,1
2015,patch,30
2015,path,1
2015,pbd,1
2015,pbm,1
2015,pbuilderrc,1
2015,pbxproj,635
2015,pbxuser,1
2015,pcap,1
2015,pcapng,3
2015,pcbdoc,27
2015,pcbdocpreview,10
2015,pcblib,4
2015,pch,98
2015,pck,2
2015,pcm,126
2015,pdb,331
2015,pde,1
2015,pdf,378
2015,pdn,2
2015,pdom,4
2015,peg,2
2015,pem,12
2015,penta,1
2015,pfx,6
2015,pgmx,6
2015,phar,3
2015,pheno,5
2015,phenos,1
2015,php,17584
2015,phpt,5
2015,phtml,298
2015,physicmaterial,2
2015,pickle,6
2015,pip,2
2015,pkg,1
2015,pkl,3
2015,pkt,2
2015,pl,168
2015,plg,4
2015,plist,286
2015,plt,2
2015,plug,2
2015,plugininfo,3
2015,pm,7
2015,pmg,1
2015,png,44509
2015,pnproj,1
2015,po,2417
2015,pocket,6
2015,podspec,14
2015,policy,1
2015,poly,2
2015,pom,8
2015,pos,19
2015,postinst,3
2015,pot,130
2015,pp,4
2015,pppoe,1
2015,ppt,1
2015,pptpc,1
2015,pptx,6
2015,pre,6
2015,prefab,339
2015,prefs,128
2015,preinst,1
2015,pri,13
2015,prjpcb,14
2015,prjpcbstructure,1
2015,prn,1
2015,pro,152
2015,profile,13
2015,project,202
2015,projitems,1
2015,prompt,1
2015,prop,3
2015,properties,1344
2015,props,13
2015,proto,4
2015,prx,1
2015,ps1,165
2015,psd,105
2015,psess,2
2015,psg,4
2015,psproj,1
2015,pu,7
2015,pub,4
2015,publishproj,5
2015,pubxml,24
2015,puml,1
2015,pwi,2
2015,pxd,28
2015,pxm,1
2015,py,12553
2015,py2,1
2015,pyc,5565
2015,pydevproject,2
2015,pyim,1
2015,pyo,88
2015,pypirc,1
2015,pyproj,3
2015,pythonrc,1
2015,pyw,8
2015,pyx,5
2015,qbk,10
2015,qm,2
2015,qml,5
2015,qpf,1
2015,qrc,12
2015,qsf,1
2015,qss,2
2015,query,4
2015,r,1650
2015,r00,1
2015,r01,1
2015,rabl,58
2015,racketrc,1
2015,radvd,1
2015,rake,3
2015,raketasks,1
2015,raml,1
2015,rar,27
2015,ravendump,17
2015,raw,1
2015,rb,2625
2015,rbuildignore,2
2015,rc,52
2015,rc2,3
2015,rd,668
2015,rdata,2
2015,rdb,4
2015,rdf,4
2015,rdfxlm,1
2015,rdfxm,1
2015,rdfxml,7
2015,rdlc,39
2015,rdoc,15
2015,rdp,1
2015,rds,190
2015,rdw,2
2015,rdx,3
2015,readme,2
2015,ready,1
2015,rebuild,3
2015,red,21
2015,ref,73
2015,refresh,50
2015,reg,2
2015,reginter,8
2015,regtype,23
2015,rej,1
2015,rejected,1
2015,release,1
2015,repo,7
2015,repositories,3
2015,res,4
2015,resource,20
2015,resources,57
2015,result,12
2015,resx,176
2015,rid,1
2015,riscos,1
2015,rkt,2
2015,rmd,62
2015,rmt,12
2015,rnc,4
2015,rng,1
2015,robot,26
2015,rockspec,1
2015,root,2
2015,rp,1
2015,rq,13
2015,rs,4
2015,rsp,2
2015,rss,7
2015,rst,285
2015,rtf,19
2015,ru,11
2015,rules,3
2015,ruleset,2
2015,run,1
2015,rw,1
2015,s,3
2015,sample,48
2015,sass,320
2015,sassc,149
2015,save,2
2015,sbml,1
2015,sbr,23
2015,sbt,16
2015,sc,175
2015,scad,1
2015,scala,456
2015,scancodes,2
2015,scene,16
2015,sch,57
2015,schdoc,19
2015,schdocpreview,10
2015,schelp,211
2015,schlib,3
2015,scn,37
2015,scpt,1
2015,scr,3
2015,screenrc,2
2015,screenx,1
2015,script,4
2015,scss,822
2015,scssc,531
2015,sdf,111
2015,sdl,1
2015,seed,1
2015,ser,16
2015,server,2
2015,service,584
2015,servicefactory,12
2015,setting,1
2015,settings,15
2015,sgml,22
2015,sh,1284
2015,sha1,104
2015,shader,18
2015,shp,2
2015,shproj,1
2015,shtml,1
2015,shx,2
2015,si,1
2015,sitemap,2
2015,skb,8
2015,sketch,56
2015,sketchplugin,1
2015,skip,1
2015,skp,7
2015,sla,11
2015,slate,2
2015,sld,13
2015,slide,11
2015,slim,18
2015,sln,405
2015,smali,81
2015,smd,8
2015,smp,11
2015,snap,6
2015,snippets,1
2015,so,38
2015,source,1
2015,spdata,1
2015,spec,22
2015,sqf,7
2015,sql,484
2015,sqlite,11
2015,sqlite3,38
2015,sqlproj,3
2015,sqm,1
2015,srcinfo,2
2015,srcnvm,1
2015,srec,12
2015,srl,1
2015,ss,6
2015,ssd,2
2015,ssdl,1
2015,ssxml,1
2015,sta,1
2015,state,595
2015,static,1
2015,status,8
2015,stbin,1
2015,step,8
2015,stim,72
2015,stl,39
2015,store,19
2015,storefile,1
2015,storyboard,352
2015,strings,31
2015,stub,5
2015,sty,22
2015,styl,71
2015,stylecop,2
2015,stylus,32
2015,sub,1
2015,submodule,1
2015,suo,225
2015,svc,2
2015,svcinfo,4
2015,svcmap,3
2015,svd,1
2015,svelte,1
2015,svg,764
2015,svgz,1
2015,swf,39
2015,swift,434
2015,swig,2
2015,swn,1
2015,swo,15
2015,swp,88
2015,sym,15
2015,symlimk,1
2015,symlink,83
2015,synergia,2
2015,t,1
2015,table,10
2015,tag,123
2015,tar,3
2015,target,9
2015,targets,1
2015,tcl,19
2015,tdrw,2
2015,template,26
2015,test,8
2015,tests,1
2015,testsettings,1
2015,tex,301
2015,text,6
2015,textile,12
2015,tga,36
2015,tgz,25
2015,theme,3
2015,thrift,9
2015,thtml,19
2015,tic,69
2015,tif,13
2015,tii,1
2015,tinydtls,1
2015,tis,1
2015,tk,3
2015,tld,8
2015,tlog,440
2015,tmlanguage,1
2015,tmp,11
2015,tmpl,44
2015,tmtheme,5
2015,tmx,11
2015,toc,2
2015,toe,3
2015,tokenfilterfactory,1
2015,toml,18
2015,tpl,245
2015,tra,1
2015,tree,14
2015,trgttmpl,2
2015,ts,83
2015,tst,2
2015,tsv,9
2015,tt,14
2015,ttf,75
2015,ttinclude,2
2015,ttl,33
2015,tvvv,1
2015,twig,172
2015,twig2222,1
2015,txt,11872
2015,type,4
2015,uasset,2287
2015,ucls,34
2015,ui,126
2015,uimage,2
2015,uitest,2
2015,umap,316
2015,uml,2
2015,unity,525
2015,unity3d,1
2015,unitypackage,3
2015,unityproj,15
2015,unmask,1
2015,uproject,9
2015,url,1
2015,use,1
2015,user,28
2015,userprefs,49
2015,utf8,1
2015,uvopt,4
2015,uvoptx,20
2015,uvproj,4
2015,uvprojx,7
2015,uxf,1
2015,v,25
2015,v2,23
2015,vala,10
2015,vb,538
2015,vbproj,60
2015,vbs,1
2015,vcproj,7
2015,vcxproj,294
2015,version,9
2015,vert,16
2015,vertex,1
2015,vf2,1
2015,vhd,10
2015,vi,2
2015,view,931
2015,vim,212
2015,vimp,1
2015,vimrc,134
2015,vm,2104
2015,volt,9
2015,vrt,2
2015,vs,3
2015,vsd,2
2015,vsdx,6
2015,vsh,5
2015,vsixmanifest,1
2015,vsmacros,2
2015,vsps,2
2015,vxworks,1
2015,war,24
2015,wav,86
2015,webarchive,1
2015,webloc,1
2015,webm,4
2015,wegorc,1
2015,wiki,425
2015,win32,1
2015,windows,2
2015,wismote,1
2015,wisp,1
2015,wlan,1
2015,wml,1
2015,woff,82
2015,woff2,13
2015,workspace,1
2015,wsdl,13
2015,wsgi,3
2015,x86,1
2015,xaml,328
2015,xbf,2
2015,xbindkeysrc,1
2015,xcactivitylog,3
2015,xcbkptlist,46
2015,xccheckout,24
2015,xcconfig,35
2015,xccurrentversion,15
2015,xcent,1
2015,xcexplist,6
2015,xcf,13
2015,xcfgz,1
2015,xci,2
2015,xcindexdb,2
2015,xcscheme,118
2015,xcuserstate,225
2015,xcworkspacedata,49
2015,xdefaults,1
2015,xdk,4
2015,xhtml,252
2015,xib,581
2015,xinitrc,6
2015,xls,51
2015,xlsm,11
2015,xlsx,142
2015,xmi,22
2015,xml,25679
2015,xmobarrc,1
2015,xpi,1
2015,xpm,35
2015,xpr,1
2015,xprofile,2
2015,xproj,2
2015,xps,4
2015,xpyqt,1
2015,xq,6
2015,xql,1
2015,xresources,8
2015,xsc,9
2015,xsd,68
2015,xsl,610
2015,xslt,30
2015,xss,25
2015,xvfb,1
2015,xyz,4
2015,xz,1
2015,y,5
2015,yaml,116
2015,yml,1106
2015,ypp,1
2015,zargo,1
2015,zip,177
2015,zlogin,1
2015,zone,3
2015,zsh,118
2015,zshrc,35
2015,ztl,749
2016,0,18
2016,0000000004,1
2016,0000000010,1
2016,001,1
2016,002,1
2016,1,133
2016,10,3
2016,10b7ad2c,1
2016,11,2
2016,12,1
2016,13,2
2016,14,1
2016,15,1
2016,16,1
2016,17,1
2016,2,31
2016,20070327,2
2016,20120516,1
2016,20151024,1
2016,20151025,1
2016,20160118,1
2016,20160221,1
2016,20c9d089262b,4
2016,25,2
2016,26,1
2016,29,1
2016,2p,1
2016,3,30
2016,30,1
2016,33,1
2016,34,1
2016,3ds,4
2016,3gpp,2
2016,4,5
2016,4th,19
2016,5,7
2016,6,4
2016,65,1
2016,7,11
2016,7z,6
2016,8,3
2016,82,1
2016,9,2
2016,a,64
2016,aar,57
2016,abap,1
2016,ac,11
2016,accdb,32
2016,adb,2
2016,add,4
2016,adoc,160
2016,ads,2
2016,aep,50
2016,afphoto,2
2016,agignore,1
2016,agsm,1
2016,ai,22
2016,aidl,5
2016,aif,1
2016,alfredappearance,1
2016,alias,1
2016,aliases,4
2016,alpine,1
2016,am,24
2016,amdl2,1
2016,anim,334
2016,apib,19
2016,apk,76
2016,app,3
2016,appcache,3
2016,application,40
2016,appx,3
2016,appxbundle,1
2016,appxmanifest,4
2016,appxrecipe,3
2016,appxsym,3
2016,apr,1
2016,aps,1
2016,arcconfig,1
2016,arm,1
2016,armv7hf,1
2016,as,2
2016,asax,14
2016,asc,13
2016,ascx,4
2016,asl,28
2016,asm,234
2016,asmx,1
2016,asoundrc,2
2016,asp,1
2016,aspx,131
2016,asset,365
2016,assets,33
2016,asv,2
2016,async,1
2016,at,4
2016,atl,5
2016,atsuo,1
2016,aupreset,2
2016,aux,24
2016,avi,2
2016,avsc,3
2016,awk,5
2016,axelrc,1
2016,babel,1
2016,babelrc,7
2016,backup,8
2016,bak,74
2016,bak2,2
2016,bakert,1
2016,bamboo,1
2016,baml,5
2016,bas,2
2016,base,2
2016,basea,4
2016,baseb,4
2016,basepro,29
2016,bash,5
2016,bashrc,106
2016,bat,166
2016,bats,4
2016,bbl,3
2016,bd,1
2016,bfn,1
2016,bfxrsound,3
2016,bib,16
2016,bin,1171
2016,bk,1
2016,blend,11
2016,blend1,2
2016,blg,2
2016,bml,2
2016,bmml,15
2016,bmp,52
2016,bnd,1
2016,bnk,5
2016,boot,2
2016,bowerrc,1
2016,bpm,2
2016,branch,1
2016,brd,3
2016,bson,1
2016,buckconfig,3
2016,build,17
2016,buildinfo,6
2016,built,1
2016,bundles,2
2016,bvh,2
2016,bxml,1
2016,bz2,2
2016,c,2868
2016,cache,4485
2016,cachemanagerserviceconfigurationparser,1
2016,cacheserviceconfigurationparser,1
2016,cam,2
2016,cap,2
2016,car,1
2016,carto,1
2016,catkin,2
2016,cbp,3
2016,cc,19
2016,cd,4
2016,cda,1
2016,cdb,2
2016,cdfde,1
2016,cer,6
2016,cert,4
2016,cfg,56
2016,cfl,3
2016,cfs,8
2016,cgi,2
2016,chr,14
2016,ci,6
2016,cif,1
2016,class,8640
2016,classpath,85
2016,client,2
2016,clj,270
2016,cljs,2
2016,cls,8
2016,clw,1
2016,cmake,95
2016,cmd,57
2016,cnf,3
2016,codec,1
2016,codekit,1
2016,coffee,223
2016,colorscheme,1
2016,commonrc,1
2016,comp,1
2016,component,36
2016,condor,1
2016,conf,462
2016,config,368
2016,conkerorrc,2
2016,conkyrc,1
2016,container,1
2016,contentproj,1
2016,controller,131
2016,copperhead,1
2016,core,1
2016,cosmos,2
2016,coverage,2
2016,coveragerc,3
2016,coveralls,1
2016,cpp,4393
2016,cproject,10
2016,crc,3
2016,crt,8
2016,cs,7483
2016,csh,13
2016,cshtml,292
2016,cson,60
2016,csproj,880
2016,csr,1
2016,css,4081
2016,cssm,1
2016,csv,354
2016,ctags,1
2016,ctl,1
2016,ctp,113
2016,cu,9
2016,cuh,3
2016,cur,1
2016,curlrc,1
2016,cvimrc,1
2016,cxx,22
2016,d,541
2016,dae,2
2016,dart,14
2016,darwin,1
2016,dat,369
2016,data,97
2016,datagz,2
2016,datasource,42
2016,db,120
2016,db3,2
2016,dbf,3
2016,dbml,3
2016,ddoc,1
2016,dds,7
2016,deb,1
2016,debian,1
2016,debug,1
2016,ded,1
2016,def,3
2016,default,5
2016,defaults,1
2016,defs,1
2016,delta,1
2016,depend,1
2016,deploy,1
2016,deployment,1
2016,desktop,2
2016,dev,10
2016,dex,42
2016,dfl,1
2016,diagram,3
2016,diary,102
2016,dict,3
2016,diff,11
2016,dircolors,6
2016,directory,3
2016,dirs,2
2016,disabled,1
2016,disasm,1
2016,dist,22
2016,dita,6
2016,dll,549
2016,dm,480
2016,dme,4
2016,dmenurc,1
2016,dmf,1
2016,dmi,9
2016,dmm,3
2016,dmp,3
2016,doc,423
2016,dockerfile,20
2016,dockerignore,16
2016,doctree,30
2016,docvaluesformat,1
2016,docx,178
2016,dot,43
2016,dotsettings,1
2016,dox,5
2016,doxy,22
2016,drc,1
2016,drl,1
2016,drr,1
2016,dru,1
2016,dsidx,1
2016,dsn,1
2016,dsp,5
2016,dsw,3
2016,dtd,7
2016,dvi,2
2016,dwlt,114
2016,dwt,2
2016,dylib,40
2016,e,35
2016,eclimrc,1
2016,edf,1
2016,edi,8
2016,editorconfig,16
2016,edmx,6
2016,egg,2
2016,ejs,47
2016,el,303
2016,elc,92
2016,eld,1
2016,elf,6
2016,emacs,30
2016,enabled,1
2016,enc,4
2016,ensime,1
2016,entitlements,4
2016,env,18
2016,eot,74
2016,epf,1
2016,epics,1
2016,eps,18
2016,epub,1
2016,erb,1418
2016,erf,1
2016,erl,23
2016,errors,1
2016,es,10
2016,esformatter,2
2016,eslintignore,6
2016,eslintrc,50
2016,evb,2
2016,ex,3
2016,example,30
2016,exclude,1
2016,exe,293
2016,exec,1
2016,exp,1
2016,expected,3
2016,exportjson,1
2016,exports,5
2016,exr,53
2016,exs,5
2016,ext,1
2016,extrep,1
2016,exw,2
2016,f,136
2016,f90,283
2016,fb2,1
2016,fbs,2
2016,fbx,101
2016,feather,2
2016,feature,67
2016,fig,1
2016,filters,200
2016,firebaserc,1
2016,fish,81
2016,fla,1
2016,flake8,1
2016,floo,1
2016,flow,5
2016,flowconfig,1
2016,flv,2
2016,fmu,29
2016,fnt,1
2016,form,138
2016,forth,1
2016,fpm,1
2016,fpmgen,1
2016,fr,6
2016,frag,22
2016,fragmentshader,10
2016,freq,1
2016,frm,1
2016,frt,14
2016,fs,72
2016,fsh,3
2016,fsi,8
2016,fsproj,12
2016,fsx,15
2016,ft,3
2016,fth,42
2016,ftl,1
2016,ftpconfig,1
2016,functions,3
2016,fxbuild,1
2016,fxml,105
2016,fzz,14
2016,g,5
2016,g1,2
2016,g2,2
2016,g4,1
2016,gbl,2
2016,gbo,2
2016,gbp,2
2016,gbs,2
2016,gd,9
2016,gdbinit,3
2016,gem,2
2016,gems,1
2016,gemspec,44
2016,generators,1
2016,geo,436
2016,geojson,2
2016,geom,4
2016,ggb,5
2016,gif,418
2016,gir,1
2016,gitattributes,9
2016,gitconfig,39
2016,gitexcludes,1
2016,gitignor,1
2016,gitignore,986
2016,gitmodules,78
2016,gitprompt,2
2016,gitreview,9
2016,glade,8
2016,global,1
2016,glsl,16
2016,gml,9
2016,gmx,559
2016,gmz,1
2016,go,687
2016,godir,1
2016,gpg,4
2016,grab,2
2016,gradle,650
2016,groovy,431
2016,gs,19
2016,gsp,369
2016,gtl,2
2016,gto,2
2016,gtp,2
2016,gts,2
2016,gvimrc,1
2016,gvp,3
2016,gyp,2
2016,gypi,14
2016,gz,312
2016,h,5462
2016,haha,1
2016,haml,192
2016,handlebars,193
2016,har,1
2016,hash,2
2016,hbase,1
2016,hbs,212
2016,hc1,10
2016,hcl,2
2016,hed,2
2016,hex,28
2016,hgignore,9
2016,hgtags,3
2016,hgtimestamp,2
2016,hh,10
2016,history,22
2016,hlp,10
2016,hlsl,4
2016,hmap,13
2016,hmi,1
2016,hocr,201
2016,hosting,2
2016,hpp,355
2016,hrl,1
2016,hs,35
2016,htaccess,54
2016,htm,77
2016,html,98278
2016,html5,5
2016,htpasswd,2
2016,i,423
2016,ibd,1
2016,icc,1
2016,iceauthority,1
2016,icls,4
2016,icns,1
2016,ico,71
2016,ics,1
2016,id,7
2016,idb,19
2016,idemia,1
2016,ids,5
2016,idx,32
2016,ifn,7
2016,il,119
2016,ilk,25
2016,image,1
2016,imap,1
2016,img,1
2016,iml,218
2016,in,82
2016,inc,135
2016,includecache,8
2016,index,162
2016,inf,4
2016,info,4009
2016,inhalt,1
2016,ini,491
2016,init,1
2016,inl,2
2016,ino,121
2016,inputrc,4
2016,install,6
2016,interface,29
2016,interim,11
2016,intermediate,15
2016,internal,8
2016,inv,7
2016,io,1
2016,ipr,3
2016,ipynb,256
2016,iso,2
2016,isp,2
2016,iss,6
2016,item,8
2016,itermcolors,1
2016,iws,3
2016,j2,2
2016,jad,2
2016,jade,241
2016,jar,471
2016,jasper,2
2016,java,39742
2016,jbuilder,84
2016,jce,6
2016,jelly,3
2016,jfc,2
2016,jfif,1
2016,jh,1
2016,jinja2,9
2016,jj,14
2016,jks,3
2016,jl,151
2016,jmx,1
2016,jnlp,2
2016,jou,11
2016,journal,3
2016,jpe,4
2016,jpeg,408
2016,jpg,5841
2016,jpgbak,1
2016,jrxml,2
2016,js,24294
2016,jsbeautifyrc,1
2016,jsbundle,6
2016,jscsrc,1
2016,jsdtscope,1
2016,jsgz,2
2016,jshintignore,1
2016,jshintrc,8
2016,json,15640
2016,json5,2
2016,jsonlz4,17
2016,jsp,1750
2016,jspf,2
2016,jsx,550
2016,k,5
2016,kain,1
2016,kbx,1
2016,kdev4,3
2016,key,9
2016,keyring,1
2016,keystore,29
2016,keystream,1
2016,khdrc,1
2016,kt,704
2016,l2tp,1
2016,label,1
2016,laccdb,2
2016,lalrpop,2
2016,landshark,1
2016,lang,14
2016,last,8
2016,lastbuildstate,30
2016,lastupdated,1
2016,latex,5
2016,latexmkrc,1
2016,latte,140
2016,launch,40
2016,lay,1
2016,layout,23
2016,lc,36
2016,lck,2
2016,ld,14
2016,ldp,1
2016,len,1
2016,less,1087
2016,lfm,3
2016,lib,46
2016,license,1
2016,linfo,1
2016,linkfilelist,9
2016,list,11
2016,little,2
2016,livestreamerrc,1
2016,lj,1
2016,ljcms,1
2016,lnk,59
2016,lo,2
2016,local,13
2016,localstorage,4
2016,location,14
2016,lock,800
2016,lof,6
2016,log,607
2016,lok,4
2016,lol,2
2016,lpi,2
2016,lpr,1
2016,lprof,1
2016,lps,4
2016,lref,2
2016,lst,77
2016,lua,2419
2016,lzma,1
2016,m,3799
2016,m4,2
2016,m4a,6
2016,macos,1
2016,macosx,1
2016,make,68
2016,mako,43
2016,manifest,38
2016,map,463
2016,mar2300,1
2016,markdown,151
2016,markdownlintrc,1
2016,markers,71
2016,mas2j,5
2016,mask,8
2016,master,32
2016,mat,468
2016,matlab,1
2016,max,2
2016,mca,34
2016,mcio,1
2016,md,49097
2016,md5,21
2016,mdb,134
2016,mdj,12
2016,mdwn,10
2016,me,2
2016,memgz,2
2016,menu,1
2016,meta,6142
2016,metadata,4
2016,metal,4
2016,meucu,1
2016,mexa64,5
2016,mexglx,2
2016,mexmaci,2
2016,mexmaci64,5
2016,mexrs6,3
2016,mexw32,5
2016,mf,57
2016,mfasl,1
2016,mgcb,1
2016,mi,14
2016,mif,2
2016,min,3
2016,mine,1
2016,minttyrc,5
2016,mixer,1
2016,mk,54
2016,mkd,53
2016,mkshrc,1
2016,ml,4
2016,mlf,17
2016,mm,27
2016,mno,1
2016,mo,2
2016,mobirise,1
2016,mod,25
2016,modal,27
2016,module,30
2016,modulemap,17
2016,modulevalidation,1
2016,monit,6
2016,mono,36
2016,mov,23
2016,mozlz4,1
2016,mp3,1064
2016,mp4,14
2016,mq4,2
2016,msgflow,1
2016,msh,5
2016,msi,1
2016,msmtprc,1
2016,mst,6
2016,mt,1
2016,mtl,36
2016,mwb,3
2016,mxml,7
2016,mxs,8
2016,myapp,2
2016,mymetadata,1
2016,name,80
2016,nav,7
2016,navdata,1
2016,nb,3
2016,ncfg,3
2016,ndoc,1
2016,nedb,4
2016,neon,6
2016,net,12
2016,netrwbook,1
2016,netrwhist,6
2016,new,1
2016,nightcrawler,1
2016,nix,1
2016,njk,10
2016,njsproj,1
2016,node,11
2016,nodemcutool,3
2016,npmignore,4
2016,npmrc,3
2016,npy,1006
2016,ns,4
2016,nunjucks,38
2016,nupkg,2
2016,nuspec,14
2016,nvmrc,1
2016,nxftl,1
2016,o,640
2016,obj,314
2016,obo,1
2016,octaverc,1
2016,odb,1
2016,odg,2
2016,odp,2
2016,ods,4
2016,odt,15
2016,offlineimaprc,4
2016,ogg,76
2016,old,13
2016,onbuild,1
2016,opensdf,1
2016,opt,1
2016,options,1
2016,opts,1
2016,ora,1
2016,org,47
2016,orig,12
2016,osx,2
2016,otf,2
2016,out,59
2016,outjob,1
2016,output,1
2016,owl,5
2016,p10,2
2016,p12,4
2016,p51tiy,1
2016,p8,1
2016,package,65
2016,page,3
2016,pageflow,2
2016,pages,2
2016,pal,1
2016,params,1
2016,pas,41
2016,patch,13
2016,path,1
2016,pattern,9
2016,pb,30
2016,pbf,1
2016,pbm,25
2016,pbp,1
2016,pbr,1
2016,pbxproj,832
2016,pc,3
2016,pcbdoc,1
2016,pcf,1
2016,pch,12
2016,pcm,17
2016,pdb,391
2016,pddl,4
2016,pde,55
2016,pdf,14403
2016,pdn,15
2016,pem,25
2016,pet,1
2016,pex,2
2016,pfx,8
2016,pgm,1
2016,phar,6
2016,php,15909
2016,phps,1
2016,phpt,4
2016,phtml,337
2016,physicmaterial,7
2016,physicsmaterial2d,5
2016,pickle,10
2016,pkl,6
2016,pkt,2
2016,pl,17
2016,plist,355
2016,plug,1
2016,pm,3
2016,pmap,1
2016,png,18705
2016,po,5755
2016,podspec,57
2016,policy,31
2016,pom,2
2016,pos,2
2016,post,10
2016,postingsformat,1
2016,postinst,1
2016,postrm,1
2016,pot,9
2016,pp,14
2016,pper,2
2016,ppt,1
2016,pptx,8
2016,praxrc,2
2016,pre,8
2016,prefab,706
2016,prefs,54
2016,preinst,2
2016,pri,19
2016,prjpcb,1
2016,prjpcbstructure,1
2016,prm,1
2016,prn,1
2016,pro,92
2016,prod,1
2016,profile,14
2016,project,170
2016,projitems,2
2016,prop,2
2016,properties,2574
2016,props,7
2016,proto,3
2016,prototxt,47
2016,prx,1
2016,ps,5
2016,ps1,153
2016,ps2,1
2016,psd,142
2016,pset,4
2016,psqlrc,1
2016,pth,2
2016,ptxt,48
2016,pu,1
2016,pub,4
2016,public,2
2016,pubxml,17
2016,pug,40
2016,puml,10
2016,pxd,15
2016,pxi,5
2016,py,14574
2016,pyc,10684
2016,pyd,35
2016,pydevproject,1
2016,pylintrc,2
2016,pyo,20
2016,pypirc,1
2016,pyproj,2
2016,pyspark,1
2016,python,1
2016,pyw,6
2016,pyworc,1
2016,pyx,35
2016,q1c,1
2016,qbk,5
2016,qgs,2
2016,qix,1
2016,qm,1
2016,qml,57
2016,qrc,8
2016,r,814
2016,r00,1
2016,r01,1
2016,r1169,1
2016,r487,1
2016,rake,31
2016,raketasks,2
2016,rapt,18
2016,rar,15
2016,raw,24
2016,raziel,1
2016,rb,4530
2016,rc,8
2016,rd,135
2016,rda,2
2016,rdata,47
2016,rdb,64
2016,rdf,8
2016,rdoc,24
2016,rds,108
2016,rdx,12
2016,readme,5
2016,rebuild,6
2016,red,25
2016,reds,13
2016,ref,10
2016,reg,7
2016,rej,1
2016,rep,1
2016,repo,3
2016,repositories,14
2016,resfiles,5
2016,resolved,1
2016,resource,91
2016,resources,32
2016,ress,10
2016,resx,100
2016,rhistory,5
2016,rl,1
2016,rmd,53
2016,rnc,45
2016,rock,1
2016,rockspec,2
2016,rom,1
2016,rosinstall,2
2016,rpm,1
2016,rpt,4
2016,rptdesign,92
2016,rptlibrary,2
2016,rs,132
2016,rsp,1
2016,rsrc,1
2016,rst,539
2016,rtf,331
2016,ru,7
2016,rul,1
2016,rules,4
2016,ruleset,2
2016,run,2
2016,rviz,3
2016,rvmrc,1
2016,rwa,3
2016,s,327
2016,s3db,1
2016,saf,17
2016,salt,1
2016,sample,32
2016,sass,215
2016,save,2
2016,sbig,1
2016,sbstore,4
2016,sbt,22
2016,sc,102
2016,scad,2
2016,scala,266
2016,scc,1
2016,scd,1
2016,sch,2
2016,schdoc,7
2016,schelp,424
2016,schematic,1
2016,scipy,1
2016,scm,23
2016,scn,1
2016,scp,12
2016,screenrc,1
2016,screenshot,8
2016,scss,1935
2016,scssc,113
2016,sctxar,1
2016,sdf,44
2016,sec,1
2016,seg,1
2016,ser,2
2016,serial,1
2016,server,4
2016,service,31
2016,servicefactory,2
2016,serviceprovider,1
2016,session,2
2016,set,4
2016,settings,12
2016,setup,2
2016,sfg,1
2016,sh,1860
2016,sha1,243
2016,shader,12
2016,shp,3
2016,shproj,2
2016,shx,3
2016,sid,1
2016,siddhiql,1
2016,sig,1
2016,signed,3
2016,sjs,15
2016,skb,10
2016,sketch,10
2016,skp,13
2016,sks,122
2016,slate,1
2016,slim,277
2016,sln,282
2016,slx,1
2016,smali,160
2016,snap,13
2016,snippets,9
2016,snk,2
2016,so,257
2016,socket,4
2016,source,9
2016,sp,2
2016,spacemacs,10
2016,spec,18
2016,spl,13
2016,springbeans,2
2016,spyderproject,4
2016,spyderworkspace,1
2016,sql,563
2016,sqlite,20
2016,sqlite3,60
2016,sqm,1
2016,sr,1
2016,src,2
2016,srl,1
2016,srprofile,2
2016,srt,2
2016,srv,1
2016,ssm,1
2016,st,1
2016,stamp,2
2016,state,7
2016,static,2
2016,status,11
2016,stetic,4
2016,stg,1
2016,stl,26
2016,storage,1
2016,storyboard,360
2016,str,3
2016,streisand,2
2016,string,6
2016,strings,31
2016,sty,3
2016,styl,38
2016,suo,245
2016,sv,11
2016,svcinfo,2
2016,svcmap,1
2016,svg,450
2016,svgz,8
2016,swf,6
2016,swift,3658
2016,swig,11
2016,swo,4
2016,swp,68
2016,symlink,80
2016,symmetry,1
2016,tab,2
2016,table,1
2016,tag,377
2016,tags,3
2016,tap,1
2016,tar,2
2016,tarantoga,1
2016,target,2
2016,taskrc,1
2016,tcl,377
2016,tdb,22
2016,temp,2
2016,template,33
2016,terminal,1
2016,teste2,1
2016,tex,214
2016,text,13
2016,tga,43
2016,tgz,18
2016,theme,6
2016,thor,1
2016,thrift,2
2016,thtml,25
2016,tif,5
2016,tiff,229
2016,timer,3
2016,tinydtls,2
2016,tld,8
2016,tlog,271
2016,tmap,2
2016,tmp,191
2016,tmpl,45
2016,tmtheme,1
2016,tmx,9
2016,toc,22
2016,tokenfilterfactory,1
2016,toml,42
2016,toprc,1
2016,tpl,123
2016,tps,11
2016,tpsheet,9
2016,trash,1
2016,tree,11
2016,trifile,3
2016,truststore,4
2016,ts,1060
2016,tscn,3
2016,tst,1
2016,tsv,2
2016,tsx,4
2016,tt,26
2016,ttf,86
2016,turtle,9
2016,turtlepower,1
2016,twig,605
2016,txt,5926
2016,uasset,254
2016,ucls,23
2016,uenc,1
2016,ui,15
2016,umap,81
2016,uml,8
2016,unity,547
2016,unity3d,1
2016,unitypackage,7
2016,unityproj,1
2016,update,1
2016,update2,1
2016,uproject,2
2016,url,1
2016,use,21
2016,user,22
2016,userprefs,28
2016,usr,8
2016,v,5
2016,v2,11
2016,vb,204
2016,vbproj,22
2016,vc,1
2016,vcp,2
2016,vcproj,6
2016,vcw,1
2016,vcxproj,280
2016,vdproj,1
2016,vdx,1
2016,vems,2
2016,version,5
2016,vert,19
2016,vertexshader,5
2016,vhd,2
2016,vim,139
2016,viminfo,1
2016,vimperatorrc,5
2016,vimrc,264
2016,visualstate,4
2016,vm,650
2016,vnc,1
2016,vs,2
2016,vsdx,2
2016,vsh,2
2016,vspscc,1
2016,vtl,5
2016,vue,32
2016,vundle,1
2016,wallheatflux,1
2016,war,36
2016,wav,94
2016,wbk,1
2016,wbp,1
2016,wcdf,1
2016,webarchive,2
2016,weechatlog,22
2016,wgetrc,2
2016,wiles,1
2016,win,3
2016,win32,1
2016,wlmp,1
2016,wmf,9
2016,wml,1
2016,woff,81
2016,woff2,45
2016,ws,5
2016,wsdl,9
2016,wt,35
2016,wxml,4
2016,wxss,1
2016,x,2
2016,xaml,89
2016,xauthority,1
2016,xbel,1
2016,xbf,10
2016,xcbkptlist,64
2016,xccheckout,2
2016,xcconfig,129
2016,xccurrentversion,7
2016,xcexplist,13
2016,xcf,6
2016,xci,3
2016,xcindexdb,1
2016,xcscheme,251
2016,xcscmblueprint,11
2016,xcu,10
2016,xcuserstate,245
2016,xcworkspacedata,73
2016,xdefaults,2
2016,xhtml,125
2016,xib,393
2016,xinitrc,13
2016,xinputrc,1
2016,xlf,57860
2016,xls,81
2016,xlsm,1
2016,xlsx,13797
2016,xm,1
2016,xmi,16
2016,xmind,5
2016,xml,45817
2016,xnb,1
2016,xonshrc,1
2016,xorg,1
2016,xprofile,3
2016,xproj,13
2016,xq,1
2016,xrdb,1
2016,xresources,25
2016,xrl,1
2016,xsd,1059
2016,xsession,1
2016,xsl,65
2016,xss,2
2016,xsx,4
2016,xvimrc,1
2016,yaml,306
2016,yang,68
2016,yasnippet,1
2016,yml,2590
2016,yrl,1
2016,zcos,2
2016,zedstate,1
2016,zi,1
2016,zip,232
2016,zone,1
2016,zpreztorc,3
2016,zprofile,2
2016,zsh,125
2016,zshenv,3
2016,zshrc,70
2016,ztl,185
2017,0,14
2017,0000000003,1
2017,0000000007,1
2017,001,4
2017,002,4
2017,003,4
2017,004,2
2017,005,2
2017,006,2
2017,007,2
2017,008,1
2017,009,1
2017,010,1
2017,011,1
2017,012,1
2017,013,1
2017,014,1
2017,015,1
2017,016,1
2017,017,1
2017,018,1
2017,019,1
2017,020,1
2017,021,1
2017,022,1
2017,1,24
2017,100,8
2017,10001,4
2017,10002,4
2017,10003,4
2017,10004,4
2017,10005,4
2017,10006,4
2017,10007,4
2017,10008,4
2017,10009,4
2017,10010,4
2017,10011,4
2017,10012,4
2017,10013,4
2017,10014,4
2017,10015,4
2017,10016,4
2017,10017,4
2017,10018,4
2017,10019,4
2017,10020,4
2017,10021,4
2017,10022,4
2017,10023,4
2017,10024,4
2017,10025,4
2017,10026,4
2017,10027,4
2017,10028,4
2017,10029,4
2017,10030,4
2017,141,1
2017,2,12
2017,20171118,2
2017,25,4
2017,3,9
2017,4,1
2017,474907153,1
2017,4790,1
2017,4867,1
2017,4hf,2
2017,4th,4
2017,5,10
2017,625a,1
2017,66,4
2017,6a3b78a,1
2017,7,8
2017,75,2
2017,756c,1
2017,7z,7
2017,802612776,1
2017,90,1
2017,98,1
2017,a,112
2017,aar,110
2017,abap,9
2017,ac,11
2017,accdb,1
2017,adb,6
2017,add,17
2017,adimesh,3
2017,adoc,57
2017,ads,3
2017,ahk,10
2017,ai,8
2017,aiff,1
2017,ajax,1
2017,alfredworkflow,2
2017,aliases,10
2017,alpine,1
2017,am,10
2017,amde1,1
2017,amde2,1
2017,amde3,1
2017,amigaos,3
2017,amigaos4,3
2017,anim,138
2017,annecy,1
2017,api,1
2017,apib,2
2017,apk,133
2017,apmrc,1
2017,appcache,1
2017,application,10
2017,appx,3
2017,appxbundle,1
2017,appxmanifest,8
2017,appxrecipe,3
2017,appxsym,3
2017,apr,1
2017,aps,1
2017,armhf,2
2017,as,1
2017,asax,17
2017,asc,1
2017,ascx,5
2017,asd,1
2017,ase,2
2017,ashx,1
2017,asl,5
2017,asm,138
2017,asoundrc,1
2017,asp,1
2017,aspx,55
2017,asset,1224
2017,assets,12
2017,asta,8
2017,asv,9
2017,at,1
2017,atl,12
2017,atlas,4
2017,atom,1
2017,atsln,1
2017,au,29
2017,au3,5
2017,aup,3
2017,aupreset,3
2017,authenticate,2
2017,autosave,2
2017,aux,9
2017,avi,3
2017,avsc,21
2017,axf,1
2017,axml,6
2017,b4a,2
2017,babel,1
2017,babelrc,34
2017,bac,1
2017,back,1
2017,backend,1
2017,backup,11
2017,bak,48
2017,bak06,1
2017,bak09,1
2017,bal,4
2017,baml,40
2017,bas,3
2017,base,1
2017,bash,6
2017,bashrc,77
2017,bat,104
2017,bats,3
2017,bazel,1
2017,bbcode,2
2017,bbl,1
2017,bcf,9
2017,be,5
2017,bib,11
2017,bin,561
2017,bkp,1
2017,bld,1
2017,blend,8
2017,blend1,1
2017,blg,2
2017,blk,1
2017,bluej,1
2017,bmp,184
2017,bmpr,1
2017,bowerrc,4
2017,bpm,6
2017,brd,46
2017,brew,4
2017,bs,2
2017,bsd,1
2017,bsl,20
2017,btq,1
2017,bu,2
2017,build,5
2017,buildbase,2
2017,buildinfo,5
2017,buildreport,30
2017,bundle,3
2017,bundles,3
2017,bz2,3
2017,bzl,13
2017,c,2852
2017,c3d,10
2017,cabal,84
2017,cache,1138
2017,cbp,14
2017,cc,144
2017,ccs,1
2017,cd,4
2017,cde,7
2017,cdr,1
2017,centos,1
2017,cer,2
2017,cfe,1
2017,cfg,54
2017,cfl,7
2017,cfs,19
2017,changes,1
2017,chm,1
2017,chr,8
2017,chw,1
2017,cif,1
2017,class,6390
2017,classpath,62
2017,clj,90
2017,cljc,1
2017,cljs,7
2017,clpprj,1
2017,cls,1
2017,cmake,47
2017,cmd,25
2017,cnf,4
2017,cnk,3
2017,coffee,1253
2017,col,1
2017,com,40
2017,coma,10
2017,component,31
2017,con,6
2017,conf,493
2017,config,316
2017,container,6
2017,contiki,1
2017,controller,84
2017,copy,2
2017,cov,1
2017,coveragerc,2
2017,cpp,3200
2017,cppproj,2
2017,cproject,5
2017,cr,8
2017,crc,3
2017,cron,1
2017,crt,1
2017,cs,9727
2017,csdl,1
2017,csh,7
2017,cshtml,699
2017,cson,124
2017,csproj,1160
2017,css,4410
2017,csv,683
2017,csx,1
2017,ctb,6
2017,ctp,20
2017,cu,2
2017,cur,1
2017,cxx,5
2017,d,1169
2017,dae,18
2017,dart,72
2017,dat,706
2017,data,265
2017,datasource,45
2017,db,154
2017,dbf,18
2017,dbg,1
2017,dbj,5
2017,dblite,1
2017,dbm,5
2017,dbml,1
2017,dbt,5
2017,dcf,2
2017,dconf,1
2017,dcu,2
2017,dd8ebf8,1
2017,dds,4
2017,deb,9
2017,debian,5
2017,deco,11
2017,def,23
2017,default,5
2017,defaults,1
2017,del,2
2017,demo,3
2017,dep,3
2017,depend,6
2017,dependencies,5
2017,deploy,9
2017,der,1
2017,descarga,1
2017,desktop,3
2017,dev,29
2017,development,2
2017,devhelp2,2
2017,dex,189
2017,dfm,6
2017,dgam,1
2017,diagram,5
2017,diff,6
2017,directory,3
2017,dirs,1
2017,dist,15
2017,dita,2
2017,dll,349
2017,dm,100
2017,dme,1
2017,dmi,4
2017,dmp,2
2017,do,65
2017,doc,25
2017,docker,10
2017,dockerfile,30
2017,dockerignore,25
2017,docm,1
2017,doctree,4
2017,docx,263
2017,dot,7
2017,dotsettings,3
2017,dotx,1
2017,download,23
2017,dox,1
2017,doxy,15
2017,dpf,1
2017,dpr,2
2017,dproj,1
2017,drc,1
2017,drl,1
2017,dropbox,1
2017,drr,1
2017,dsym,5
2017,dtd,3
2017,dtx,8
2017,dump,1
2017,dvi,5
2017,dwlt,81
2017,dwmstart,1
2017,dylib,4
2017,e4p,1
2017,e6t,1
2017,ecore,4
2017,ecr,1
2017,edf,1
2017,editorconfig,19
2017,editrc,1
2017,edmx,7
2017,edn,1
2017,eex,6
2017,ejs,87
2017,el,159
2017,elc,29
2017,elf,1
2017,emacs,103
2017,emf,3
2017,emn,1
2017,emp,1
2017,emtp,2
2017,enc,12
2017,english,4
2017,entitlements,5
2017,entityserverservice,1
2017,env,54
2017,envrc,2
2017,eot,39
2017,eps,19
2017,erb,2182
2017,erl,2
2017,ert,3
2017,es,284
2017,esc,1
2017,eslintignore,10
2017,eslintrc,28
2017,ex,70
2017,exampl,4
2017,example,36
2017,examples,1
2017,exe,290
2017,exp,10
2017,exports,3
2017,exr,3
2017,exs,42
2017,extrep,1
2017,f,79
2017,f90,232
2017,fa,5
2017,fbprefs,1
2017,fbs,14
2017,fbx,94
2017,fco,1
2017,fds,1
2017,feature,7
2017,fetchmailrc,1
2017,ff2f9ad,1
2017,fh,12
2017,fi,2
2017,file,1
2017,fillit,1
2017,filters,42
2017,fio,6
2017,firebaserc,2
2017,fish,61
2017,fl,19
2017,flake8,1
2017,flat,708
2017,flow,10
2017,flowconfig,2
2017,flprj,1
2017,fls,1
2017,fmu,16
2017,fnt,2
2017,fontsettings,1
2017,for,68
2017,form,197
2017,forth,2
2017,fr,1
2017,fragment,450
2017,french,4
2017,frm,113
2017,frt,1
2017,fs,67
2017,fsproj,37
2017,fst,1
2017,fsx,18
2017,ft,1
2017,fth,362
2017,ftl,7
2017,functions,4
2017,fx,1
2017,fxml,100
2017,fzz,15
2017,g,3
2017,g4,1
2017,gbl,3
2017,gbo,3
2017,gbp,1
2017,gbs,3
2017,gch,15
2017,gdb,5
2017,gdbinit,1
2017,geklaut,1
2017,gemspec,62
2017,genmodel,5
2017,geo,11
2017,geojson,26
2017,getviewportinfo,1
2017,gfx,3
2017,gif,287
2017,gir,1
2017,gise,1
2017,gitattributes,26
2017,gitatttributes,1
2017,gitconfig,51
2017,github,1
2017,gitignore,1193
2017,gitkeep,1
2017,gitmodules,82
2017,gko,2
2017,glade,32
2017,glb,1
2017,glsl,23
2017,gltf,11
2017,gm1,1
2017,gm29,1
2017,gml,111
2017,gmt,11
2017,gmx,285
2017,gn,4
2017,go,1969
2017,gohtml,17
2017,gpg,5
2017,gpx,40
2017,gql,14
2017,gra,7
2017,gradle,788
2017,graphml,1
2017,graphql,45
2017,graphqlrc,1
2017,greet,4
2017,greeter,2
2017,groovy,262
2017,groupproj,1
2017,gsp,92
2017,gtl,3
2017,gto,3
2017,gtp,3
2017,gts,3
2017,gvimrc,4
2017,gyd,1
2017,gyp,3
2017,gypi,33
2017,gyre,1
2017,gz,193
2017,h,3076
2017,haml,124
2017,hamlet,4
2017,handlebars,138
2017,har,493
2017,hbs,100
2017,hcl,1
2017,hdbrole,1
2017,header,1
2017,hex,3
2017,hgignore,12
2017,hgr,7
2017,hgrc,1
2017,hgtags,5
2017,hgtimestamp,2
2017,hh,15
2017,hhc,1
2017,hhk,1
2017,history,16
2017,hlp,10
2017,hlsl,16
2017,hlx,7
2017,hnd,1
2017,hosting,3
2017,hpp,500
2017,hs,464
2017,htaccess,30
2017,htm,298
2017,html,61242
2017,http,4
2017,hx,1
2017,i,3
2017,i3config,3
2017,iam,1
2017,ibd,22
2017,ibj,5
2017,ibm,5
2017,ibt,5
2017,icf,1
2017,icns,3
2017,ico,120
2017,id,2
2017,idb,885
2017,ide,46
2017,ideavimrc,6
2017,identcache,1
2017,idl,4
2017,idr,13
2017,ids,1
2017,idx,3
2017,ihx,1
2017,ijm,2
2017,ilk,48
2017,iml,138
2017,imp,1
2017,in,128
2017,inc,64
2017,include,6
2017,includecache,16
2017,incrementalcache,1
2017,ind,1
2017,index,66
2017,info,4563
2017,ini,179
2017,init,3
2017,inl,3
2017,inlist,3
2017,ino,340
2017,inp,1
2017,inputrc,5
2017,inputs,1
2017,install,11
2017,interface,8
2017,interim,2
2017,intermediate,4
2017,internal,17
2017,intlib,1
2017,inv,5
2017,iobj,4
2017,ipch,5
2017,ipdb,4
2017,ipt,2
2017,ipynb,460
2017,itermcolors,3
2017,ix1,13
2017,ix2,10
2017,ix3,8
2017,ix4,6
2017,ix5,5
2017,ix6,5
2017,ix7,3
2017,j2,15
2017,jade,43
2017,jam,1
2017,jar,1069
2017,jason,3
2017,jasper,8
2017,java,36571
2017,jbuilder,62
2017,jed,1
2017,jelly,4
2017,jh,6
2017,jinja2,54
2017,jks,4
2017,jl,69
2017,jmx,5
2017,jnlp,1
2017,jou,6
2017,jp,1
2017,jpage,1
2017,jpeg,123
2017,jpg,3998
2017,jrxml,110
2017,js,26512
2017,jsbeautifyrc,1
2017,jshintrc,2
2017,json,42051
2017,jsonline,1
2017,jsp,1873
2017,jspf,11
2017,jsx,461
2017,julius,4
2017,junk,1
2017,just,1
2017,kbx,1
2017,kconfig,1
2017,kernel,1
2017,keylayout,1
2017,keystore,2
2017,kjb,2
2017,kml,11
2017,ko,2
2017,komodoproject,1
2017,kt,429
2017,ktr,2
2017,kts,24
2017,kv,3
2017,label,1
2017,lang,5
2017,lastbuildstate,28
2017,lastupdated,1
2017,latex,1
2017,launch,89
2017,layout,9
2017,lbr,1
2017,lck,3
2017,lcl,4
2017,ld,6
2017,ldb,1
2017,ldf,7
2017,ldp,1
2017,ldppreview,1
2017,less,614
2017,lesshintrc,1
2017,lesshst,1
2017,lfm,1
2017,lfsconfig,7
2017,lib,28
2017,liberia,1
2017,libpkg,1
2017,lifecyclemapping,3
2017,lin,1
2017,linux,4
2017,lip,1
2017,liquid,79
2017,list,6
2017,listing,1
2017,lmv,3
2017,lnk,4
2017,local,9
2017,location,3
2017,lock,834
2017,log,316
2017,logicdata,3
2017,lpi,2
2017,lps,2
2017,lref,23
2017,lst,58
2017,lua,1989
2017,luacheckrc,1
2017,lucius,6
2017,lvimrc,1
2017,ly,4
2017,lyt,2
2017,m,897
2017,m2b,1
2017,m2l,1
2017,m3u,4
2017,m4,1
2017,m4a,23
2017,mak,1
2017,make,65
2017,makefile,1
2017,manifest,22
2017,map,1685
2017,markdown,165
2017,markers,5
2017,mas2j,3
2017,mask,2
2017,master,13
2017,mat,418
2017,mat24fitvary,5
2017,matfitfixed,3
2017,matlab,3
2017,max,2
2017,mbj,2
2017,mca,78
2017,mcmeta,5
2017,md,15250
2017,md5,64
2017,mdb,190
2017,mdf,7
2017,mdj,1
2017,mdo,13
2017,mdp,114
2017,mdv,1
2017,merlin,1
2017,meta,4775
2017,metadata,1
2017,metal,6
2017,mex,1
2017,mf,58
2017,mid,3
2017,mine,1
2017,mingw,1
2017,minttyrc,2
2017,mjs,132
2017,mk,95
2017,mkshrc,4
2017,ml,49
2017,mm,6
2017,mml,1
2017,mn,6
2017,mno,1
2017,mnt,1
2017,mnu,1
2017,mo,9
2017,mobirise,2
2017,mod,75
2017,model,5
2017,modmix,1
2017,module,41
2017,modulemap,14
2017,modules,1
2017,mov,2
2017,mp3,109
2017,mp4,22
2017,mpp,7
2017,msg,2
2017,msi,2
2017,msl,1
2017,mtl,7
2017,mwb,10
2017,myd,10
2017,myi,16
2017,mymetadata,1
2017,name,18
2017,ncb,3
2017,neon,2
2017,net,2
2017,netrwhist,5
2017,new,1
2017,nga,1
2017,ngc,1
2017,ngd,1
2017,nginx,7
2017,ngr,1
2017,nhd,1
2017,nhi,1
2017,nhr,1
2017,nib,2
2017,nin,1
2017,nix,5
2017,nlogo,64
2017,nls,31
2017,node,37
2017,nodemcutool,1
2017,notebook,3
2017,npmignore,12
2017,npy,2
2017,nq,6
2017,nsd,1
2017,nsi,3
2017,nsq,1
2017,nunjucks,1
2017,nupkg,2
2017,nuspec,29
2017,nvimrc,3
2017,nycrc,1
2017,o,1346
2017,obd,16
2017,obi,15
2017,obj,313
2017,obm,28
2017,ocamlinit,2
2017,octaverc,1
2017,od,1
2017,odef,1
2017,odg,8
2017,ods,4
2017,odt,21
2017,off,5
2017,ogg,34
2017,ogml,10
2017,ogv,2
2017,old,8
2017,onetoc2,3
2017,opendb,1
2017,opj,3
2017,opt,5
2017,opts,4
2017,order,5
2017,org,62
2017,ori,1
2017,orig,5
2017,original,8
2017,osx,4
2017,otf,17
2017,out,73
2017,outjob,1
2017,overridecontroller,1
2017,oy,1
2017,p,12
2017,pa11yci,4
2017,pac,2
2017,pack,2
2017,page,13
2017,pageflow,2
2017,pages,1
2017,pak,55
2017,par,7
2017,pas,16
2017,patch,42
2017,path,1
2017,patt,2
2017,pb,2
2017,pbm,2
2017,pbs,43
2017,pbxproj,716
2017,pcbdoc,1
2017,pcblib,2
2017,pch,13
2017,pdb,278
2017,pde,424
2017,pdf,888
2017,pdn,7
2017,pdp,2
2017,pe,1
2017,peer,2
2017,pegjs,1
2017,pem,29
2017,pentadactylrc,4
2017,pfx,2
2017,pg,8
2017,pgm,1
2017,php,14022
2017,phpproj,1
2017,phpt,61
2017,phtml,83
2017,physicmaterial,1
2017,physicsmaterial2d,9
2017,pickle,7
2017,pk8,1
2017,pkg,3
2017,pkl,5
2017,pl,19
2017,plain,1
2017,plan,3
2017,plg,1
2017,plist,188
2017,pls,3
2017,pm,25
2017,pmd,1
2017,pml,6
2017,png,11626
2017,po,2108
2017,podspec,35
2017,policy,8
2017,pom,20
2017,pot,10
2017,pp,127
2017,ppc64osx,19
2017,ppcosx,8
2017,pper,3
2017,ppt,3
2017,pptm,6
2017,pptx,17
2017,prefab,669
2017,prefs,54
2017,pri,8
2017,prj,2
2017,prjpcb,2
2017,prjpcbstructure,1
2017,prm,7
2017,pro,92
2017,process,3
2017,prod,1
2017,production,15
2017,prof,3
2017,profile,15
2017,projbuild,4
2017,project,101
2017,projitems,5
2017,prop,2
2017,properties,1868
2017,props,23
2017,proto,180
2017,prototxt,5
2017,prt,3
2017,prv,1
2017,ps,4
2017,ps1,121
2017,psd,80
2017,psd1,1
2017,psproj,1
2017,psqlrc,1
2017,pub,3
2017,pubxml,10
2017,pug,195
2017,puml,2
2017,pxm,1
2017,py,18258
2017,pyc,5466
2017,pyd,13
2017,pyf,1
2017,pyproj,16
2017,pyw,2
2017,pyxel,1
2017,pyz,3
2017,qbk,11
2017,qm,24
2017,qml,61
2017,qmlproject,1
2017,qrc,9
2017,qvd,1
2017,r,452
2017,r14,1
2017,r3,1
2017,r6,1
2017,rake,8
2017,raml,1
2017,rar,18
2017,rarodonte,1
2017,raw,8
2017,rawproto,1254
2017,rb,3850
2017,rbuildignore,1
2017,rc,6
2017,rc2,1
2017,rd,306
2017,rda,9
2017,rdata,8
2017,rdb,9
2017,rdlc,10
2017,rds,14
2017,rdx,7
2017,re,35
2017,readme,1
2017,recordevent,1
2017,red,4
2017,reds,34
2017,ref,1
2017,references,3
2017,rej,6
2017,rel,1
2017,rep,1
2017,repo,2
2017,repositories,18
2017,reppreview,1
2017,request,1
2017,res,5
2017,resfiles,1
2017,resource,36
2017,resources,33
2017,ress,7
2017,resw,1
2017,resx,87
2017,rhel,4
2017,rhistory,8
2017,rman,1
2017,rmd,92
2017,rnc,15
2017,robot,2
2017,rockspec,3
2017,rpgsave,5
2017,rprofile,1
2017,rpt,1
2017,rptdesign,21
2017,rq,6
2017,rs,242
2017,rsp,3
2017,rspec,1
2017,rsrc,1
2017,rst,441
2017,rtf,26
2017,ru,2
2017,rul,1
2017,rules,5
2017,ruleset,3
2017,rviz,2
2017,rw5,21
2017,s,127
2017,s34,2
2017,s3d,16
2017,sample,23
2017,sas,1
2017,sas7bdat,8
2017,sass,180
2017,sassc,5
2017,sav,6
2017,save,3
2017,sb,2
2017,sb2,37
2017,sbsar,5
2017,sbt,27
2017,sc,76
2017,scad,7
2017,scala,388
2017,scc,2
2017,scd,1
2017,sch,57
2017,schdoc,7
2017,schelp,581
2017,schlib,1
2017,scm,10
2017,scpt,1
2017,scr,82
2017,script,3
2017,scss,1805
2017,scssc,174
2017,sdf,3
2017,sem,6
2017,seq,15
2017,ser,6
2017,service,5
2017,servicefactory,1
2017,session,4
2017,sessions,3
2017,settings,4
2017,setup,2
2017,sf,65
2017,sh,2241
2017,sha1,111
2017,sha512,2
2017,shada,1
2017,shader,38
2017,shell,1
2017,shp,11
2017,shproj,3
2017,shx,11
2017,si,1
2017,sign,1
2017,signed,1
2017,sil,2
2017,sincedb,2
2017,sjs,4
2017,skb,6
2017,sketch,60
2017,skp,8
2017,sks,62
2017,sldasm,5
2017,sldprt,31
2017,slim,75
2017,sln,274
2017,sls,3
2017,smali,143
2017,smv,1
2017,snap,239
2017,snip,1
2017,snippets,19
2017,so,38
2017,sol,26
2017,sor,1
2017,source,1
2017,sp,1
2017,sp1,1
2017,spacemacs,5
2017,sparkleshare,1
2017,spc,1
2017,spd,160
2017,spdx,6
2017,spec,19
2017,spl,17
2017,springbeans,5
2017,springwebflow,1
2017,sqf,14
2017,sql,431
2017,sqlite,40
2017,sqlite3,80
2017,sqm,1
2017,src,3
2017,srt,1
2017,ssdl,1
2017,stackdump,1
2017,stacktrace,2
2017,stamp,1
2017,stat,1
2017,state,3
2017,status,7
2017,stencyl,1
2017,stetic,1
2017,stg,1
2017,stl,27
2017,store,24
2017,storyboard,273
2017,stp,3
2017,stpd,2
2017,str,3
2017,stredit,1
2017,strings,111
2017,sty,3
2017,styl,117
2017,stylelintrc,1
2017,stylus,1
2017,suo,146
2017,sv,5
2017,svc,4
2017,svcinfo,2
2017,svcmap,2
2017,svd,1
2017,sve,1
2017,svelte,1
2017,svf,1
2017,svg,1639
2017,svh,1
2017,svi,1
2017,svj,1
2017,svk,1
2017,svl,1
2017,svm,1
2017,svn,1
2017,svo,2
2017,svp,2
2017,svq,2
2017,svr,3
2017,svs,3
2017,svt,3
2017,svu,3
2017,svv,3
2017,svw,3
2017,svx,4
2017,svy,4
2017,svz,4
2017,swa,4
2017,swb,4
2017,swc,4
2017,swd,5
2017,swe,4
2017,swf,10
2017,swg,5
2017,swh,5
2017,swi,5
2017,swift,4474
2017,swj,6
2017,swk,10
2017,swl,13
2017,swm,14
2017,swn,22
2017,swo,28
2017,swp,107
2017,sym,8
2017,symlink,19
2017,syntax,1
2017,syr,1
2017,sz,14
2017,ta,5
2017,tab,1
2017,tag,285
2017,tar,2
2017,target,2
2017,tcl,226
2017,tdg,1
2017,tds,1
2017,template,121
2017,terminal,1
2017,terminfo,1
2017,tex,181
2017,tf,1
2017,tfrecord,1
2017,tfstate,1
2017,tga,4
2017,tgz,52
2017,theme,2
2017,thrift,1
2017,thtml,24
2017,tif,9
2017,tiff,15
2017,timestamp,1
2017,tld,9
2017,tlog,366
2017,tlpobj,1
2017,tmp,7
2017,tmpl,68
2017,tmux,2
2017,tmuxline,1
2017,tmx,3
2017,toc,18
2017,todo,1
2017,toml,84
2017,toprc,2
2017,tpl,78
2017,traineddata,1
2017,transform,1
2017,tree,3
2017,trg,1
2017,ts,3384
2017,tsl,1
2017,tsv,4
2017,tsx,129
2017,tt,21
2017,ttf,65
2017,ttl,1
2017,ttt,1
2017,turtle,3
2017,tut,1
2017,twb,1
2017,twig,1137
2017,txt,4672
2017,uasset,3639
2017,ubuntu,5
2017,ucls,18
2017,ui,54
2017,umap,181
2017,uml,1
2017,unity,401
2017,unitypackage,1
2017,unityweb,16
2017,unix,1
2017,upm,1
2017,uproject,7
2017,urdf,1
2017,url,18
2017,use,2
2017,user,42
2017,userprefs,40
2017,v,2
2017,v2,2
2017,vale,1
2017,var,3
2017,vb,26
2017,vbproj,5
2017,vbs,1
2017,vcmrc,3
2017,vcproj,3
2017,vcxproj,135
2017,vddproj,1
2017,vdproj,1
2017,version,2
2017,vim,394
2017,vimballrecord,1
2017,vimp,2
2017,vimperatorrc,2
2017,vimrc,304
2017,visualstate,1
2017,vlw,1
2017,vm,80
2017,vm6,1
2017,vmap,4
2017,voc,1
2017,volt,3
2017,vpcf,12
2017,vpk,5
2017,vpp,9
2017,vscode,1
2017,vsd,2
2017,vsdx,29
2017,vsixmanifest,1
2017,vue,400
2017,w2p,2
2017,war,31
2017,wasm,23
2017,wav,674
2017,wball,1
2017,webapp,4
2017,webm,1
2017,webp,6
2017,win,4
2017,windows,2
2017,winmd,1
2017,wmv,1
2017,woff,64
2017,woff2,30
2017,wsdl,4
2017,wt,17
2017,wxml,257
2017,wxs,4
2017,wxss,211
2017,x,1
2017,x2,2
2017,xacro,3
2017,xaml,388
2017,xar,6
2017,xbf,5
2017,xcbkptlist,53
2017,xccolortheme,1
2017,xcconfig,91
2017,xccurrentversion,4
2017,xcexplist,1
2017,xcf,21
2017,xcscheme,112
2017,xcscmblueprint,4
2017,xcuserstate,193
2017,xcworkspacedata,42
2017,xdefaults,2
2017,xdp,348
2017,xhtml,284
2017,xib,126
2017,xinitrc,15
2017,xise,1
2017,xkbmap,1
2017,xlf,3666
2017,xliff,2
2017,xls,43
2017,xlsm,1
2017,xlsx,1569
2017,xm,12
2017,xmi,6
2017,xmind,4
2017,xml,11826
2017,xmlxx,2
2017,xmobarrc,2
2017,xnb,23
2017,xorg,4
2017,xpm,7
2017,xprofile,2
2017,xproj,3
2017,xresources,27
2017,xrpt,1
2017,xsd,228
2017,xsessionrc,2
2017,xsi1,1
2017,xsi2,2
2017,xsjs,1
2017,xsl,2
2017,xsodata,1
2017,xss,17
2017,xvfb,2
2017,xyrs,1
2017,xz,6
2017,yaml,814
2017,yang,1
2017,yapf,1
2017,yml,3360
2017,yy,278
2017,yyp,3
2017,zcompdump,4
2017,zip,188
2017,zlogin,1
2017,zlogout,1
2017,zpreztorc,3
2017,zprofile,1
2017,zsh,54
2017,zshenv,1
2017,zshrc,78
2018,0,21
2018,0000000007,1
2018,1,7
2018,13,3
2018,1642,1
2018,2,1
2018,4,1
2018,5,14
2018,5628e3f,1
2018,6,19
2018,6m,1
2018,7,14
2018,7z,1
2018,8th,1
2018,a,39
2018,aab,1
2018,aar,18
2018,abap,1
2018,abi,6
2018,ac,3
2018,accdb,1
2018,action,13
2018,ad,3
2018,adb,3
2018,add,4
2018,adoc,233
2018,afdesign,4
2018,agent,1
2018,ai,24
2018,aia,1
2018,aif,1
2018,aiff,1
2018,aj,2
2018,alfredworkflow,3
2018,aliases,11
2018,alpine,1
2018,als,1
2018,am,14
2018,amigaos,15
2018,amigaos4,14
2018,anim,254
2018,apfmapping,1
2018,api,2
2018,apib,5
2018,apk,103
2018,app,2
2018,appcache,2
2018,applescript,1
2018,application,3
2018,appxmanifest,10
2018,apr,1
2018,aps,1
2018,ar,3
2018,arm,9
2018,armhf,6
2018,armv7l,1
2018,asax,13
2018,asc,44
2018,asciidoc,15
2018,ascx,3
2018,asdl,1
2018,ase,5
2018,asl,10
2018,asm,147
2018,asmdef,1
2018,asmx,5
2018,asp,12
2018,aspx,87
2018,asset,1234
2018,assets,50
2018,asta,5
2018,asv,2
2018,asy,8
2018,at,85
2018,atsln,2
2018,au3,1
2018,aux,6
2018,avi,82
2018,awk,2
2018,axml,1
2018,babel,1
2018,babelrc,54
2018,babylon,1
2018,backup,7
2018,bak,61
2018,bal,44
2018,baml,10
2018,bash,12
2018,bashrc,134
2018,bat,339
2018,bats,1
2018,bazel,1
2018,bbx,13
2018,bc,12
2018,bcc,2
2018,beam,2
2018,beforefix,1
2018,bib,40
2018,bin,1616
2018,binaryproto,1
2018,bins,4
2018,bitmap,2
2018,bk,2
2018,blend,36
2018,blend1,21
2018,blend2,2
2018,blg,9
2018,bmp,12
2018,bowerrc,1
2018,bpm,9
2018,bpmn2,11
2018,bqmoduleprovider,1
2018,brd,6
2018,brm,3
2018,browserlistrc,1
2018,browserslistrc,1
2018,bsh,5
2018,bsl,80
2018,bson,3
2018,bsp,6
2018,build,35
2018,buildconfig,1
2018,buildinfo,4
2018,buildreport,12
2018,bundle,1
2018,bundles,2
2018,bxrc,2
2018,bz2,11
2018,c,2351
2018,cabal,7
2018,cache,698
2018,cake,10
2018,cam,1
2018,camp,1
2018,caproj,1
2018,car,3
2018,cbp,39
2018,cbx,7
2018,cc,1324
2018,ccspjt,1
2018,cd,6
2018,cdb,9
2018,cdr,3
2018,centos,1
2018,centos7,1
2018,cer,45
2018,cert,1
2018,cfc,21
2018,cfe,3
2018,cfg,123
2018,cfm,3
2018,cfs,21
2018,cgi,1
2018,cginc,3
2018,charger,1
2018,chls,2
2018,chr,1
2018,chromium,31
2018,chunkwmrc,6
2018,chw,1
2018,ci,7
2018,circ,2
2018,class,5075
2018,classpath,116
2018,clj,110
2018,clkid743701,1
2018,clp,34
2018,cls,26
2018,cmake,109
2018,cmd,16
2018,cmi,4
2018,cmp,4
2018,cnf,7
2018,cof,6
2018,coffee,241
2018,com,3
2018,component,36
2018,conexion,1
2018,conf,444
2018,config,267
2018,conkyrc,2
2018,container,2
2018,content,4
2018,continent,2
2018,controller,190
2018,cookie,1
2018,coverage,8
2018,coveragerc,5
2018,cpp,3708
2018,cproj,2
2018,cproject,11
2018,cr,15
2018,crc,7
2018,crdownload,27
2018,crt,7
2018,cs,11603
2018,csc,1
2018,csdl,6
2018,csh,38
2018,cshtml,937
2018,cson,30
2018,csproj,1278
2018,csr,1
2018,css,5331
2018,csv,1498
2018,ctags,2
2018,ctp,10
2018,cur,1
2018,cvimrc,1
2018,cxx,2
2018,d,202
2018,dae,40
2018,dart,133
2018,dashboard,1
2018,dat,16453
2018,data,202
2018,database,1
2018,datasource,5
2018,db,205
2018,db3,1
2018,dbf,17
2018,dbk,2
2018,dblite,4
2018,dbs,4
2018,dcf,10
2018,dcssca,1
2018,ddc,1
2018,ddl,6
2018,dds,3
2018,deb,1
2018,def,103
2018,default,4
2018,defaults,7
2018,del,2
2018,deleted,8
2018,dep,2
2018,depend,23
2018,dependencies,9
2018,deployproj,1
2018,desktop,12
2018,dev,6
2018,develop,3
2018,development,3
2018,dex,1162
2018,dgml,2
2018,diagram,18
2018,diff,1
2018,digest,2
2018,dir,2
2018,dircolors,1
2018,directory,2
2018,dirs,2
2018,disco,6
2018,dist,60
2018,dll,474
2018,dm,35
2018,dmd,2
2018,dme,4
2018,dmg,1
2018,dmi,2
2018,dmm,3
2018,dmp,1
2018,do,4
2018,doc,138
2018,docker,2
2018,dockerfile,34
2018,dockerignore,34
2018,docm,1
2018,doctree,14
2018,docx,311
2018,done,18
2018,dot,12
2018,dotsettings,4
2018,download,12
2018,doxy,3
2018,doxyfile,1
2018,dpi,1
2018,dpr,2
2018,dproj,2
2018,drift,1
2018,driveupload,1
2018,drl,8
2018,drr,1
2018,dru,1
2018,dsn,1
2018,dsp,17
2018,dsw,15
2018,dtbcache,8
2018,dtd,11
2018,dtproj,2
2018,dtsx,3
2018,dvi,2
2018,dwlt,85
2018,e,64
2018,eap,1
2018,ear,28
2018,ecf,3
2018,ecr,2
2018,ecs,1
2018,edf,5
2018,edge,3
2018,editablecombobox,2
2018,editorconfig,20
2018,editrc,1
2018,edmx,15
2018,edn,11
2018,eex,17
2018,eg,7
2018,egg,49
2018,ejs,195
2018,el,106
2018,elf,18
2018,elm,49
2018,elmi,22
2018,elmo,26
2018,emacs,184
2018,empty,1
2018,enc,30
2018,encrypted,1
2018,ener,3
2018,enerblk,5
2018,entitlements,1
2018,enum,1
2018,env,58
2018,environment,1
2018,eot,60
2018,epf,1
2018,eps,21
2018,epub,4
2018,epw,1
2018,erb,2221
2018,erl,13
2018,err,9
2018,eslintignore,9
2018,eslintrc,17
2018,esym,1
2018,ex,101
2018,example,44
2018,exe,265
2018,exec,1
2018,exml,40
2018,exp,3
2018,expedition,1
2018,exports,8
2018,exr,28
2018,exs,69
2018,extra,2
2018,extrep,1
2018,f,12
2018,f90,188
2018,fbx,98
2018,fcl,1
2018,fcstd,1
2018,fcstd1,1
2018,feature,108
2018,fehbg,2
2018,fetchmailrc,1
2018,fh,3
2018,fig,5
2018,file,2
2018,filters,102
2018,fingerprint,1
2018,fio,2
2018,fir,1
2018,firebaserc,8
2018,fish,162
2018,fizz,1
2018,fl,2
2018,fla,9
2018,flac,6
2018,flake8,2
2018,flaskenv,2
2018,flat,5427
2018,flow,7
2018,flowconfig,6
2018,fls,1
2018,flsnp,2919
2018,fltar,1
2018,fltoc,2
2018,flver,1
2018,flx,1
2018,fmu,543
2018,fnl,2
2018,fnt,1
2018,fontsettings,4
2018,form,218
2018,fort,1
2018,forth,60
2018,forthqk,3
2018,frag,2
2018,freqs,2
2018,frm,355
2018,frt,362
2018,fs,137
2018,fset,1
2018,fset3,1
2018,fsproj,21
2018,fth,121
2018,ftl,15
2018,funapple3,1
2018,functions,5
2018,fx,1
2018,fxml,78
2018,fzz,39
2018,g,5
2018,g4,1
2018,gal,5
2018,game,1
2018,gbl,3
2018,gbo,3
2018,gbp,1
2018,gbr,31
2018,gbs,3
2018,gch,5
2018,gcloudignore,1
2018,gd,29
2018,gd1,1
2018,gdbinit,6
2018,gemspec,29
2018,gen,13
2018,general,3
2018,geo,17
2018,geojson,5
2018,gg1,1
2018,gif,456
2018,gitallowed,1
2018,gitattributes,16
2018,gitconfig,85
2018,gitexcludes,3
2018,gitignore,1334
2018,gitigonre,1
2018,gitingnore,1
2018,gitk,1
2018,gitmessage,1
2018,gitmodules,105
2018,gitreview,2
2018,gkds,1
2018,gko,2
2018,glbl,4
2018,glsl,67
2018,gm13,1
2018,gm15,1
2018,gml,341
2018,gmt,1
2018,gmx,4
2018,gn,45
2018,gni,7
2018,go,1509
2018,godot,5
2018,golden,1
2018,gpb,1
2018,gpg,5
2018,gpkg,1
2018,gpl,1
2018,gpt,1
2018,gradle,903
2018,graduer,1
2018,graffle,6
2018,grammar,2
2018,graphql,107
2018,graphqls,1
2018,grb,3
2018,grc,15
2018,grd,14
2018,grdp,13
2018,grib,3
2018,grib2,3
2018,groovy,182
2018,gs,2
2018,gson,1
2018,gtl,3
2018,gto,3
2018,gtp,3
2018,gts,3
2018,guiskin,1
2018,gv,17
2018,gvimrc,3
2018,gyp,2
2018,gypi,6
2018,gz,1739
2018,h,4661
2018,h5,2
2018,haml,6
2018,handlebars,695
2018,hash,20
2018,hbs,151
2018,hcl,4
2018,hdb,10
2018,hdbcalculationview,5
2018,hdbcds,1
2018,hdbrole,10
2018,hdinamespace,1
2018,headless,1
2018,here,11
2018,hex,11
2018,hgignore,5
2018,hgrc,1
2018,hgtags,5
2018,hgtimestamp,4
2018,hif,1
2018,history,3
2018,hlsl,1
2018,hmi,1
2018,home,1
2018,hpp,471
2018,hpwa,1
2018,hs,75
2018,htaccess,25
2018,htaccess1,1
2018,htf,1207
2018,htm,170
2018,html,35659
2018,http,2
2018,hxx,1
2018,hybird,1
2018,i,4
2018,i686,2
2018,iara,1
2018,ibd,24
2018,icloud,2
2018,icls,1
2018,icns,3
2018,ico,86
2018,icon,2
2018,idb,41
2018,ide,64
2018,identcache,2
2018,idl,1
2018,idx,7
2018,iextralanguagecontribution,1
2018,ilk,41
2018,iml,224
2018,import,31
2018,in,43
2018,inc,362
2018,includecache,10
2018,index,71
2018,inf,163
2018,info,2720
2018,ini,211
2018,inl,1
2018,ino,677
2018,inputrc,6
2018,install,14
2018,interim,1
2018,internal,11
2018,inv,4
2018,io,1
2018,iobj,1
2018,ipa,3
2018,ipch,17
2018,ipdb,1
2018,ipynb,933
2018,iset,1
2018,isl,3
2018,isproj,3
2018,item,121
2018,items,3
2018,itermcolors,2
2018,j2,32
2018,jade,23
2018,jar,756
2018,jason,2
2018,jasper,2
2018,java,35959
2018,jbuilder,44
2018,jceks,2
2018,jcm,2
2018,jfif,2
2018,jh,6
2018,jinja2,1
2018,jj,3
2018,jks,12
2018,jl,74
2018,jmx,1
2018,jnlp,9
2018,jou,7
2018,jpeg,290
2018,jpg,9495
2018,jrxml,2
2018,js,34812
2018,jsdtscope,2
2018,jshintrc,1
2018,jsm,5
2018,json,57556
2018,json5,1
2018,jsonlz4,17
2018,jsonp,10
2018,jsp,1380
2018,jsx,536
2018,kconfig,3
2018,key,23
2018,keystore,4
2018,keystream,55
2018,kml,3
2018,kmz,1
2018,kpt,3
2018,ks,2
2018,ksh,6
2018,kt,2941
2018,kts,38
2018,kv,53
2018,kytos,2
2018,l,26
2018,lang,4
2018,laptop,2
2018,lastbuildstate,14
2018,lastupdated,2
2018,latexgc,1
2018,latte,3
2018,launch,29
2018,layout,33
2018,lc,13
2018,ld,5
2018,ldb,8
2018,ldf,16
2018,ldp,1
2018,lds,2
2018,len,58
2018,less,239
2018,lfm,3
2018,lfsconfig,1
2018,li,1
2018,lib,25
2018,line,2
2018,linux,4
2018,liquid,100
2018,list,6
2018,little,1
2018,lkml,2
2018,ll,5
2018,lnk,11
2018,load,19
2018,local,36
2018,lock,2192
2018,lof,1
2018,log,1596
2018,logdb,1
2018,logging,1
2018,lol,2
2018,lot,1
2018,lpi,3
2018,lpr,2
2018,lps,1
2018,lra,8
2018,lrc,18
2018,lref,5
2018,lrs,4
2018,lss,1
2018,lst,86
2018,lua,1825
2018,lvl,5
2018,lyx,12
2018,lz4,4
2018,m,916
2018,m3u,1
2018,m4,3
2018,m4a,30
2018,m4v,2
2018,ma,2
2018,mac,3
2018,macos,4
2018,make,136
2018,mako,1
2018,manifest,9
2018,map,1855
2018,markdown,61
2018,markers,3
2018,mas2j,2
2018,mask,4
2018,master,14
2018,mat,723
2018,mca,67
2018,mccd,1
2018,mcp,1
2018,mcs,2
2018,mcw,2
2018,md,15647
2018,md5,236
2018,mdb,153
2018,mdf,16
2018,mdo,23
2018,mdp,270
2018,mdx,1
2018,me,3
2018,menu,1
2018,merge,2
2018,meta,6153
2018,metadata,4
2018,mexw64,2
2018,mf,87
2018,mgcb,10
2018,mgcontent,67
2018,mid,12
2018,min,1
2018,mingw,1
2018,mission,2
2018,mixer,2
2018,mjml,1
2018,mjs,259
2018,mk,217
2018,mkv,1
2018,mm,20
2018,mmap,1
2018,mo,22
2018,mobirise,9
2018,mod,2
2018,module,29
2018,modulemap,23
2018,modules,3
2018,mojom,42
2018,mono,10
2018,mov,49
2018,mozlz4,2
2018,mp3,297
2018,mp4,80
2018,mpg,1
2018,msg,1
2018,msh,3
2018,msi,4
2018,msl,6
2018,mtd,7
2018,mtgl,4
2018,mtl,9
2018,muttrc,1
2018,mwb,25
2018,myd,10
2018,myi,130
2018,myr,28
2018,n2disk,1
2018,name,6
2018,names,1
2018,nav,4
2018,nbt,17
2018,nc,76
2018,ncb,28
2018,neon,2
2018,net,8
2018,netrwhist,7
2018,netsim,1
2018,new,30
2018,nfk,1
2018,nfs00000000039409070000007c,1
2018,nginx,2
2018,nib,7
2018,ninja,1
2018,nix,12
2018,njk,1
2018,node,2
2018,nodemcutool,1
2018,nowignore,1
2018,npmignore,28
2018,npmrc,2
2018,nps,2
2018,npy,1289
2018,npz,7
2018,nsbuildinfo,1
2018,nscrub,1
2018,nsi,2
2018,nt,1
2018,ntopng,1
2018,numbers,3
2018,nuspec,9
2018,nwnx,3
2018,o,318
2018,obj,157
2018,object,10
2018,odbyroute,2
2018,odef,2
2018,odp,6
2018,ods,3
2018,odt,31
2018,ogg,182
2018,oggstr,3
2018,olc,464
2018,old,29
2018,olfversion,128
2018,olt,84
2018,opendb,2
2018,opj,1
2018,opt,120
2018,opts,1
2018,opus,3
2018,order,2
2018,org,78
2018,ori,3
2018,orig,9
2018,original,5
2018,osx,6
2018,otf,9
2018,out,184
2018,overlayfs,4
2018,owl,7
2018,p12,1
2018,p6,11
2018,p7s,3
2018,pac,10
2018,pack,1
2018,package,25
2018,page,13
2018,pageflow,1
2018,par,5
2018,pas,18
2018,pat,3
2018,patch,1676
2018,path,2
2018,paths,7
2018,pbs,1
2018,pbxproj,335
2018,pc,18
2018,pcap,1
2018,pcapng,3
2018,pcbdoc,2
2018,pcbdocpreview,2
2018,pcblib,1
2018,pch,43
2018,pcss,1
2018,pdb,267
2018,pde,19
2018,pdf,1097
2018,pdfp,9
2018,pdn,5
2018,pdsbak,8
2018,pdsprj,16
2018,pem,24
2018,pfring,2
2018,pfx,1
2018,pgm,5
2018,pgp,1
2018,phar,1
2018,phn,10
2018,phone,1
2018,php,19541
2018,phpproj,1
2018,phpt,72
2018,phtml,46
2018,physicmaterial,2
2018,physicsmaterial2d,11
2018,pickle,26
2018,piskel,2
2018,pkg,2
2018,pkl,6
2018,pl,8
2018,plg,20
2018,plist,221
2018,plo,2
2018,pls,5
2018,plug,2
2018,pm,6
2018,pm6,486
2018,pml,9
2018,png,16049
2018,po,152
2018,podspec,51
2018,policy,6
2018,pom,9
2018,pool,1
2018,pot,20
2018,pp,70
2018,ppc64osx,11
2018,ppcosx,5
2018,ppg,22
2018,ppk,2
2018,ppm,2
2018,ppt,4
2018,pptm,1
2018,pptx,53
2018,pref,3
2018,prefab,1308
2018,prefs,54
2018,prettierignore,1
2018,prettierrc,7
2018,prj,7
2018,prjpcb,3
2018,prjpcbpreview,1
2018,prm,2
2018,prn,2
2018,pro,80
2018,procfile,1
2018,prodection,1
2018,production,3
2018,profile,20
2018,proj,2
2018,projbuild,8
2018,project,336
2018,projitems,1
2018,prop,7
2018,properties,3745
2018,props,15
2018,proto,159
2018,prototxt,5
2018,prt,2
2018,prw,2
2018,ps,9
2018,ps1,94
2018,psd,74
2018,psm,2
2018,psm1,3
2018,psmdcp,1
2018,ptex,1
2018,pth,2
2018,pub,10
2018,pubxml,10
2018,pug,642
2018,puml,6
2018,pxm,3
2018,py,26319
2018,pyc,41291
2018,pyd,2
2018,pydevproject,1
2018,pyf,1
2018,pyi,4
2018,pylintrc,1
2018,pyo,43
2018,pypirc,1
2018,pyproj,17
2018,python,1
2018,pyw,6
2018,pyx,4
2018,pyz,2
2018,qbk,1
2018,qm,2
2018,qml,1
2018,qmsg,4
2018,qrc,7
2018,qt,3
2018,r,617
2018,r625,1
2018,rake,33
2018,raml,1
2018,rar,78
2018,rasi,2
2018,raw,2
2018,rawproto,1712
2018,rb,4741
2018,rbinfo,1
2018,rbuildignore,5
2018,rc,16
2018,rc2,2
2018,rc4,1
2018,rd,244
2018,rda,2
2018,rdata,11
2018,rdb,4
2018,rdf,199
2018,rdlc,6
2018,rdoc,3
2018,rdp,1
2018,rds,7
2018,readme,14
2018,red,12
2018,references,1
2018,refresh,12
2018,rej,2
2018,reloadtrigger,1
2018,rels,1
2018,rendertexture,1
2018,rep,1
2018,repositories,10
2018,res,6
2018,resolved,3
2018,resource,92
2018,resources,45
2018,ress,8
2018,resw,8
2018,resx,89
2018,rhel,2
2018,rhistory,8
2018,rights,1
2018,rkt,54
2018,rmd,84
2018,rnc,3
2018,rng,2
2018,robot,29
2018,rockspec,10
2018,rosinstall,3
2018,rp,63
2018,rpgsave,7
2018,rpp,1
2018,rpt,9
2018,rptdesign,153
2018,rptlibrary,16
2018,rs,890
2018,rsa,1
2018,rsp,6
2018,rss,24
2018,rst,264
2018,rte,2
2018,rtf,12
2018,ru,13
2018,rul,1
2018,ruleset,1
2018,rvd,3
2018,s,48
2018,s2e,1
2018,sample,31
2018,sas7bdat,1
2018,sass,329
2018,sav,31
2018,save,7
2018,sb2,2
2018,sbclrc,1
2018,sbt,10
2018,sc,67
2018,scad,1
2018,scala,124
2018,scc,2
2018,sccs,1
2018,scd,1
2018,sce,2
2018,sch,20
2018,schdoc,4
2018,schdocpreview,4
2018,schelp,295
2018,schema,2
2018,schlib,1
2018,scmbrc,1
2018,scpt,1
2018,screenrc,3
2018,screenshot,96
2018,scss,2327
2018,scssc,536
2018,sdf,1
2018,secret,2
2018,security,1
2018,self,2
2018,sequelizerc,1
2018,ser,182
2018,server,1
2018,service,18
2018,servicecreationconfigurationprovider,1
2018,servicefactory,1
2018,session,2
2018,settings,4
2018,setup,1
2018,sf,1
2018,sh,2509
2018,sha1,225
2018,sha512,2
2018,shader,22
2018,shape,3
2018,shp,1
2018,shproj,1
2018,shx,1
2018,si,3
2018,sig,3
2018,sitemap,1
2018,skb,5
2018,sketch,25
2018,skhdrc,4
2018,skipper,1
2018,skp,6
2018,sks,4
2018,slang,3
2018,sld,35
2018,sldasm,2
2018,sldprt,8
2018,slim,257
2018,sln,375
2018,sm,6
2018,smooth,2
2018,snap,322
2018,snip,4
2018,snippets,14
2018,snm,1
2018,snyk,10
2018,so,62
2018,socket,1
2018,sol,53
2018,song,2
2018,spacemacs,2
2018,spc,2
2018,spec,33
2018,speed,3
2018,spl,1
2018,springbeans,4
2018,spritefont,3
2018,sqbpro,1
2018,sql,972
2018,sqlite,67
2018,sqlite3,104
2018,sqlproj,2
2018,src,3
2018,srt,115
2018,srv,11
2018,ss,5
2018,ssdl,5
2018,sta,1
2018,stackdump,2
2018,stage,1
2018,staging,1
2018,stamp,1
2018,stat,2
2018,status,7
2018,step,1
2018,stex,11
2018,stl,13
2018,stop,1
2018,storage,66
2018,storagedata,3
2018,storagerecordindex,3
2018,store,2
2018,storyboard,338
2018,str,2
2018,strings,123
2018,struc,105
2018,sts,3
2018,stub,7
2018,styl,60
2018,stylus,6
2018,summary,2
2018,suo,128
2018,svc,2
2018,svcinfo,12
2018,svcmap,6
2018,svg,965
2018,swf,11
2018,swift,1809
2018,swiftdoc,4
2018,swiftmodule,4
2018,swn,1
2018,swo,9
2018,swp,62
2018,sym,1
2018,symlink,6
2018,syntax,2
2018,sys,1
2018,t,86
2018,t3001,1
2018,tab,1
2018,tag,147
2018,tags,13
2018,tar,24
2018,tc,65
2018,tcl,7
2018,template,33
2018,terminal,1
2018,test,5
2018,tex,342
2018,text,1
2018,tf,31
2018,tgz,79
2018,theme,4
2018,thtml,20
2018,tif,10
2018,tiff,9
2018,time,4
2018,tld,19
2018,tlog,137
2018,tmlanguage,1
2018,tmp,142
2018,tmpl,97
2018,tmthmeme,1
2018,tmux,1
2018,toc,15
2018,todo,1
2018,toml,130
2018,toprc,1
2018,tpf,1
2018,tpl,29
2018,transform,1
2018,tre,1
2018,tree,9
2018,tres,2
2018,trg,2
2018,trip,3
2018,ts,7063
2018,tscn,17
2018,tsp,1
2018,tst,1
2018,tsv,2
2018,tsx,627
2018,tt,10
2018,ttf,70
2018,turtle,1
2018,twig,957
2018,txt,7423
2018,txt2,1
2018,typoscript,1
2018,u,3
2018,uasset,5217
2018,ubuntu,1
2018,ucls,1
2018,ui,56
2018,umap,157
2018,unity,656
2018,unitypackage,1
2018,unityweb,40
2018,unix,1
2018,upload,1
2018,uproject,18
2018,url,13
2018,user,40
2018,userprefs,23
2018,usr,7
2018,util,2
2018,uttype,4
2018,uuid,2
2018,v,19
2018,v2,2
2018,vala,241
2018,value,3
2018,var,1
2018,vb,16
2018,vbproj,5
2018,vc,2
2018,vcd,1
2018,vcf,1
2018,vcproj,6
2018,vcxproj,163
2018,vdproj,9
2018,ver,181
2018,version,1
2018,vert,2
2018,vertexshader,2
2018,vhd,43
2018,vht,1
2018,vim,266
2018,vimrc,332
2018,vm,22
2018,vmf,10
2018,vmx,4
2018,vpk,2
2018,vsd,4
2018,vsdx,3
2018,vtk,420
2018,vue,1624
2018,vw,19
2018,war,12
2018,wasm,6
2018,watch,1
2018,wav,748
2018,webapp,2
2018,webloc,1
2018,webmanifest,5
2018,webp,3
2018,wgt,3
2018,whl,4
2018,wid,2
2018,widget,4
2018,wiki,4
2018,win,16
2018,wl,3
2018,wlf,1
2018,wml,1
2018,woff,151
2018,woff2,110
2018,workspace,11
2018,world,1
2018,wpress,1
2018,wrd,10
2018,wsdd,2
2018,wsdl,8
2018,wsgi,1
2018,wt,7
2018,wxml,496
2018,wxs,1
2018,wxss,262
2018,x,2
2018,xaml,207
2018,xbindkeysrc,2
2018,xbm,7
2018,xcbkptlist,9
2018,xcconfig,88
2018,xccurrentversion,5
2018,xcf,12
2018,xcscheme,84
2018,xcscmblueprint,1
2018,xcuserstate,118
2018,xcworkspacedata,49
2018,xd,7
2018,xdc,1
2018,xdp,85
2018,xhtml,246
2018,xib,25
2018,xinitrc,14
2018,xlf,515
2018,xls,379
2018,xlsm,1
2018,xlsx,245
2018,xm,20
2018,xmi,13
2018,xmind,9
2018,xml,16857
2018,xmodmap,3
2018,xmpdata,3
2018,xnb,31
2018,xpm,1
2018,xprofile,1
2018,xps,1
2018,xresources,30
2018,xsd,117
2018,xsession,2
2018,xsl,7
2018,xss,1
2018,xsym,1
2018,xul,2
2018,y,26
2018,yad,1
2018,yami,1
2018,yaml,1429
2018,yang,2
2018,yarnrc,1
2018,ymal,1
2018,yml,3619
2018,yy,684
2018,yyp,40
2018,z,1
2018,zapierapprc,1
2018,zip,428
2018,zpreztorc,1
2018,zprofile,6
2018,zsh,39
2018,zshenv,2
2018,zshrc,167
2018,zwave,1
2019,0,186
2019,000,12
2019,0000000002,1
2019,001,1
2019,002,1
2019,003,1
2019,01,2
2019,04,1
2019,1,36
2019,10,1
2019,18920,1
2019,2,30
2019,20170215,1
2019,2019,1
2019,20190903,1
2019,3,14
2019,3mf,1
2019,4,8
2019,4nzz1z,1
2019,4th,6
2019,5,3
2019,6,50
2019,63,1
2019,7,31
2019,7m,2
2019,7z,14
2019,8,11
2019,8th,1
2019,9,8
2019,9721bf7,1
2019,a,355
2019,aab,4
2019,aar,34
2019,aarch64,29
2019,abap,3
2019,abi,2
2019,ac,5
2019,accdb,6
2019,acss,7
2019,add,50
2019,adoc,84
2019,aep,1
2019,afdesign,1
2019,agent,1
2019,ahk,7
2019,ai,4
2019,aia,1
2019,aiff,1
2019,aird,1
2019,aliases,32
2019,all,2
2019,alpine,6
2019,am,20
2019,amigaos,25
2019,amigaos4,25
2019,ammo,1
2019,ampy,1
2019,anim,599
2019,apib,6
2019,apk,112
2019,apmrc,1
2019,app,3
2019,appcache,6
2019,application,14
2019,appxmanifest,3
2019,aps,38
2019,arb,5
2019,arm,13
2019,arm32v7,5
2019,arm32v8,1
2019,arm64v8,13
2019,armhf,31
2019,armv6l,1
2019,asax,18
2019,asc,5
2019,ascx,40
2019,aseprite,4
2019,ashx,1
2019,asm,325
2019,asmdef,6
2019,asp,349
2019,aspx,256
2019,asset,965
2019,assets,63
2019,asta,2
2019,asv,1
2019,asy,28
2019,at,21
2019,atl,1
2019,atsln,1
2019,au3,3
2019,aupreset,1
2019,autosave,1
2019,aux,43
2019,avi,6
2019,awk,7
2019,axf,5
2019,axml,10
2019,b,1
2019,b04,1
2019,b539e3750a50,1
2019,babel,1
2019,babelrc,36
2019,bac,2
2019,backup,37
2019,bak,100
2019,bak2,1
2019,bal,4
2019,baml,17
2019,ban,3
2019,bank,17
2019,bas,3
2019,base,2
2019,basebundlesinfotimestamp,1
2019,bash,19
2019,bashrc,107
2019,bat,140
2019,bazel,3
2019,bb,1
2019,bbappend,1
2019,bbl,7
2019,bbx,4
2019,bc,1
2019,bcf,7
2019,bck,1
2019,bd,4
2019,beam,82
2019,beta,3
2019,bib,29
2019,big,1
2019,bin,1002
2019,bit,7
2019,bk,5
2019,bkp2,1
2019,blank,1
2019,blend,16
2019,blend1,7
2019,blg,9
2019,blob,8
2019,bluej,1
2019,bmp,97
2019,bmpr,1
2019,bnd,19
2019,boot,1
2019,bp,1
2019,bpr,1
2019,brd,7
2019,brewfile,8
2019,brm3,3
2019,bs,1
2019,bsc,2
2019,bsh,7
2019,bsl,225
2019,build,31
2019,buildbase,1
2019,buildinfo,5
2019,buildreport,13
2019,builtin,2
2019,bundle,22
2019,bundleids,1
2019,busstationdistribution,2
2019,bxml,3
2019,bz2,2
2019,c,3354
2019,c3p,1
2019,cabal,4
2019,cache,770
2019,cachefile,1
2019,cachemanagerserviceconfigurationparser,2
2019,cam,2
2019,camkes,32
2019,cap,3
2019,car,9
2019,caw,26
2019,cbp,11
2019,cbx,2
2019,cc,594
2019,cdb,3
2019,cdm,1
2019,cdr,1
2019,centos,1
2019,cer,3
2019,cert,1
2019,ceshi,1
2019,cfc,4
2019,cfe,3
2019,cfg,142
2019,cfl,3
2019,cfm,2
2019,cfs,23
2019,cgi,1
2019,cginc,2
2019,check,2
2019,checksum,24
2019,chezmoiignore,3
2019,chls,1
2019,chromium,39
2019,chunkwmrc,1
2019,cif,2
2019,cjs,11
2019,class,7666
2019,classpath,68
2019,clearkey,1
2019,client,1
2019,clj,334
2019,cljs,4
2019,cls,14
2019,clw,1
2019,cma,1
2019,cmake,481
2019,cmd,13
2019,cmi,12
2019,cmo,6
2019,cnf,4
2019,coafile,1
2019,codedocs,1
2019,codekit,3
2019,codekit3,2
2019,coffee,57
2019,colorscheme,1
2019,columns,2
2019,com,36
2019,compile,3
2019,compiled,11
2019,component,25
2019,compute,1
2019,condarc,2
2019,conf,794
2019,config,550
2019,conkyrc,4
2019,cont,1
2019,container,7
2019,content,13
2019,contentproj,1
2019,controller,334
2019,coverage,3
2019,coveragerc,2
2019,cpp,5106
2019,cproj,1
2019,cproject,5
2019,cpx,1
2019,cr,1
2019,crc,4
2019,crdownload,1
2019,crf,326
2019,crontab,1
2019,crt,5
2019,crx,2
2019,cs,19342
2019,csdl,1
2019,csh,46
2019,cshtml,2418
2019,cson,17
2019,csproj,2773
2019,csr,3
2019,css,6399
2019,csv,1580
2019,ctb,1
2019,ctl,1
2019,ctp,32
2019,ctrl,3
2019,ctxt,7
2019,cu,66
2019,cur,1
2019,curlrc,1
2019,cxx,1
2019,d,2147
2019,dae,1
2019,dart,1673
2019,dat,941
2019,data,2240
2019,db,205
2019,db3,1
2019,dbase,4
2019,dbf,54
2019,dblite,22
2019,dbml,10
2019,dcm,27
2019,dconf,1
2019,dcp,36
2019,dcproj,2
2019,dcs,26
2019,dcsat,1
2019,dcss,21
2019,dcssca,6
2019,ddl,1
2019,ddnsi,1
2019,de77702,1
2019,deb,36
2019,debug,7
2019,dedal,1
2019,def,6
2019,default,2
2019,defaults,1
2019,del,1
2019,dep,6
2019,depend,3
2019,deploy,6
2019,deployment,1
2019,descarga,2
2019,desktop,10
2019,dev,7
2019,devanagari,1
2019,develop,3
2019,development,4
2019,dex,1434
2019,dfm,191
2019,dfminstall,1
2019,dhall,11
2019,dia,9
2019,diagram,12
2019,dict,3
2019,diff,90
2019,dill,19
2019,dir,1
2019,directory,1
2019,dirs,1
2019,disabledschelp,1
2019,dist,15
2019,dll,991
2019,dm,32
2019,dmc,3
2019,dme,2
2019,dmi,3
2019,dmp,10
2019,dms,3
2019,dnssetupspi,2
2019,dnx,1
2019,do,2
2019,doc,50
2019,docker,3
2019,dockerfile,145
2019,dockerfunctions,1
2019,dockerignore,35
2019,docm,6
2019,docs,1
2019,doctree,4
2019,docx,301
2019,dot,4
2019,dotsettings,3
2019,dowhile,8
2019,download,16
2019,downloading,1
2019,doxy,2
2019,dpr,53
2019,dproj,47
2019,drawio,16
2019,drl,3
2019,dsn,1
2019,dsp,2
2019,dsw,2
2019,dta,6
2019,dtb,1
2019,dtbcache,17
2019,dtd,23
2019,dump,2
2019,dumpstream,3
2019,dvci,5
2019,dvi,11
2019,dwg,2
2019,dwlt,168
2019,dwt,1
2019,dylib,2
2019,e,5
2019,ear,3
2019,ebp,1
2019,ecm,22
2019,eddx,1
2019,edf,1
2019,edge,12
2019,editorconfig,17
2019,edmx,13
2019,edn,1
2019,eex,2
2019,egg,303
2019,ejs,330
2019,el,324
2019,ela,1
2019,elay,1
2019,elc,2
2019,elf,98
2019,elm,22
2019,elmi,3
2019,elmo,3
2019,emacs,90
2019,eml,1
2019,enc,67
2019,ent,1
2019,entitlements,2
2019,env,121
2019,envrc,2
2019,eot,45
2019,eps,15
2019,erb,1868
2019,erl,37
2019,es5,1
2019,eslintignore,3
2019,eslintrc,28
2019,esrlabs,1
2019,etag,1
2019,ex,79
2019,example,44
2019,exe,457
2019,exp,3
2019,expect,7
2019,expected,1
2019,exports,3
2019,exr,125
2019,exs,41
2019,ext,1
2019,f,109
2019,f90,64
2019,fa,28300
2019,factories,4
2019,factorypath,14
2019,fasta,1
2019,fbx,439
2019,feature,69
2019,fetchmailrc,1
2019,fh,26
2019,fhlp,4
2019,filter,2
2019,filters,209
2019,final,1
2019,finalbest,27
2019,fingerprint,8
2019,fire,1
2019,firebaserc,7
2019,fish,118
2019,fits,4
2019,fl,25
2019,flac,1
2019,flake8,6
2019,flaskenv,2
2019,flat,3938
2019,flow,11
2019,flowconfig,1
2019,flr,2
2019,fls,12
2019,fmu,7
2019,fmx,2
2019,fn,5
2019,fna,31
2019,fnl,3
2019,fobj,704
2019,fontsettings,1
2019,for,16
2019,form,465
2019,formatconfig,2
2019,forth,39
2019,forthic,21
2019,frag,7
2019,frame,1
2019,frm,114
2019,frt,138
2019,fs,241
2019,fsproj,4
2019,fth,300
2019,ftl,30
2019,ftpquota,3
2019,functions,6
2019,fxml,128
2019,fzpz,2
2019,fzz,24
2019,g4,44
2019,gba,1
2019,gbr,11
2019,gbsproj,5
2019,gcda,1
2019,gch,5
2019,gcloudignore,1
2019,gcno,1
2019,gd,38
2019,gdb,7
2019,gdbinit,1
2019,gemspec,28
2019,gen,1
2019,genbest,27
2019,genparents,27
2019,genstats,27
2019,geo,4
2019,geojson,7
2019,gh,1
2019,gha,1
2019,gif,669
2019,git,1
2019,gitattributes,12
2019,gitconfig,70
2019,gitexcludes,4
2019,gitignore,1553
2019,gitingore,2
2019,gitkeep,1
2019,gitmodules,71
2019,gitrepo,10
2019,gitreview,1
2019,glb,1
2019,glob,1
2019,glsl,13
2019,gltf,2
2019,gml,38
2019,gn,115
2019,gni,17
2019,go,1506
2019,godot,13
2019,gpg,195
2019,gpk,4
2019,gpu,1
2019,gpx,3
2019,gql,1
2019,gr3,2
2019,gradle,1269
2019,graffle,1
2019,graph,3
2019,graphql,15
2019,grd,34
2019,grdp,16
2019,gresource,2
2019,groovy,225
2019,gv,9
2019,gvimrc,2
2019,gyp,1
2019,gz,1157
2019,h,5669
2019,h5,120
2019,haml,118
2019,handlebars,711
2019,har,31
2019,hash,6
2019,hbs,379
2019,hcl,6
2019,hdanc,7
2019,hdf,6
2019,hdf5,2
2019,hdr,2
2019,heic,1
2019,hex,41
2019,hgignore,2
2019,hgtags,6
2019,hh,52
2019,hint,7
2019,hipnc,11
2019,history,19
2019,hlp,1
2019,hlsl,13
2019,hmi,1
2019,hmtl,1
2019,hot,1
2019,hpfm,1
2019,hpp,567
2019,hrc,1
2019,hrl,1
2019,hs,95
2019,hta,1
2019,htaccess,25
2019,htf,270
2019,htm,233
2019,html,62553
2019,htpasswd,2
2019,http,1
2019,hub,6
2019,hwdef,6
2019,hwh,3
2019,hwp,2
2019,iad,1
2019,ibd,15
2019,ic,2
2019,icloud,2
2019,icls,5
2019,ico,131
2019,icon,1
2019,id,2
2019,idb,77
2019,ide,142
2019,ideavimrc,4
2019,identcache,2
2019,idl,1
2019,ids,5
2019,idx,15
2019,ilk,88
2019,image,1
2019,imb,1
2019,imd,1
2019,img,7
2019,iml,291
2019,import,49
2019,in,167
2019,inc,212
2019,includecache,82
2019,index,105
2019,inf,3
2019,info,4207
2019,ini,335
2019,ino,631
2019,inp,1
2019,inputrc,5
2019,insa,1
2019,install,2
2019,internal,78
2019,interp,29
2019,inv,8
2019,io,3
2019,iobj,12
2019,ipch,554
2019,ipdb,12
2019,ipr,4
2019,ipt,2
2019,ipynb,1301
2019,irbc,1
2019,isdb,1
2019,iss,2
2019,item,3
2019,itermcolors,2
2019,itermkeymap,2
2019,itr,5
2019,iws,23
2019,iwvsrr,1
2019,j2,2
2019,jade,17
2019,jar,687
2019,jasper,1
2019,java,39416
2019,jbuilder,70
2019,jenkinsfile,1
2019,jfif,1
2019,jks,12
2019,jl,11
2019,jmx,1
2019,jnlp,1
2019,joker,1
2019,josca,1
2019,jou,7
2019,jpeg,404
2019,jpg,39901
2019,jpg1,1
2019,jpr,2
2019,jps,1
2019,jrxml,1
2019,js,37858
2019,jsf,1
2019,json,81164
2019,json5,1
2019,jsonc,1
2019,jsp,1365
2019,jspf,4
2019,jsx,1380
2019,jvm,2
2019,jwk,1
2019,jws,1
2019,kbx,3
2019,kdev4,1
2019,key,21
2019,keystore,5
2019,keystream,21
2019,kinvey,1
2019,kml,10
2019,knwf,1
2019,ko,564
2019,kra,2
2019,kt,3422
2019,kts,11
2019,l,10
2019,la,3
2019,lai,2
2019,lang,5
2019,laptop,1
2019,last,1
2019,lastbuildstate,38
2019,lastupdated,3
2019,latin,3
2019,latte,17
2019,launch,39
2019,layout,19
2019,lc,4
2019,lck,1
2019,ld,26
2019,ldb,1
2019,leex,1
2019,lektorproject,2
2019,lenstats,27
2019,less,462
2019,lfm,126
2019,lib,32
2019,libspec,26
2019,license,2
2019,lifecyclemapping,1
2019,lighting,1
2019,lintstagedrc,1
2019,linux,2
2019,liquid,1
2019,lisp,1
2019,list,3
2019,listing,16
2019,little,1
2019,lkml,11
2019,ln,1
2019,lnk,12
2019,lnp,4
2019,local,21
2019,location,1
2019,lock,2568
2019,log,875
2019,lox,6
2019,lpi,52
2019,lpp,11
2019,lpr,26
2019,lps,125
2019,lr,9
2019,lref,3
2019,lrj,40
2019,lsl,6
2019,lsn,51
2019,lsp,4
2019,lst,147
2019,lua,813
2019,lyx,2
2019,m,160
2019,m3u,8
2019,m4,2
2019,m4a,2
2019,m6nd2z,1
2019,ma,1
2019,macos,7
2019,make,394
2019,makefile,1
2019,mako,1
2019,managementserver,1
2019,manifest,101
2019,map,4396
2019,markdown,44
2019,markers,14
2019,mas,5
2019,mask,5
2019,master,34
2019,mat,1478
2019,mb,2
2019,mcfunction,1
2019,mcmeta,1
2019,md,26158
2019,md5,47
2019,mdb,316
2019,mdj,24
2019,mdlrc,1
2019,mdo,405
2019,mdp,163
2019,mdtxt,2
2019,mdx,81
2019,me,4
2019,mel,3
2019,mem,1
2019,mesh,2
2019,meta,10754
2019,metadata,4
2019,mf,62
2019,mgc,1
2019,mgcb,3
2019,mgcontent,30
2019,mgstats,8
2019,min,2
2019,mixer,14
2019,mjs,103
2019,mk,60
2019,ml,173
2019,mlapp,1
2019,mli,34
2019,mm,13
2019,mmdb,1
2019,mno,7
2019,mo,20
2019,mobileprovision,2
2019,mobirise,9
2019,mod,77
2019,model,1
2019,modinfo,1
2019,module,6
2019,modulemap,8
2019,modules,5
2019,mojom,49
2019,moon,3
2019,mount,1
2019,mov,4
2019,mp3,711
2019,mp4,42
2019,mpp,18
2019,msi,4
2019,msim,3
2019,msl,1
2019,mtar,1
2019,mtl,6
2019,mustache,6
2019,mwb,25
2019,mxl,5
2019,mxlx,11
2019,myd,1
2019,myi,2
2019,mymetadata,1
2019,mypp,1
2019,myr,4
2019,n2disk,1
2019,name,23
2019,native,4
2019,natvis,1
2019,nav,6
2019,nbdata,1
2019,nc,3
2019,ncb,1
2019,ncx,1
2019,neon,8
2019,net,3
2019,netkan,3
2019,netrwhist,7
2019,new,4
2019,nf,3
2019,ngc,3
2019,nib,30
2019,ninja,4
2019,nix,3
2019,njk,16
2019,nml,1
2019,nmon,1
2019,nn,1
2019,nna,15
2019,nodemcutool,2
2019,nope,2
2019,note,1
2019,npmignore,19
2019,npmrc,2
2019,npr,28
2019,nprobe,1
2019,npy,12
2019,npz,3
2019,nscrub,1
2019,numbers,1
2019,nupkg,3
2019,nuspec,11
2019,nw,4
2019,o,3250
2019,obj,1510
2019,ocamlformat,3
2019,odbyroute,1
2019,odg,4
2019,odonto,1
2019,odp,6
2019,ods,1
2019,odt,41
2019,oform,1
2019,ogg,10
2019,oipaxml,1
2019,olc,124
2019,old,15
2019,old2,1
2019,oldd,1
2019,olfversion,18
2019,olt,49
2019,omdoc,1
2019,opam,1
2019,opendb,1
2019,opf,1
2019,opt,4
2019,opts,2
2019,ora,2
2019,order,58
2019,org,57
2019,orig,14
2019,original,37
2019,osx,3
2019,otf,3
2019,out,241
2019,output,1
2019,overview,1
2019,owl,2
2019,p,67862
2019,p12,2
2019,p6,10
2019,p7s,1
2019,pa,1
2019,pack,12
2019,package,2
2019,packages,5
2019,pageflow,1
2019,pages,9
2019,params,28
2019,pas,604
2019,pat,7
2019,patch,2414
2019,pattern,1
2019,paymentfactor,2
2019,pb,22
2019,pbtxt,1
2019,pbxproj,245
2019,pcapng,2
2019,pcbdoc,2
2019,pch,31
2019,pdb,725
2019,pdc,361
2019,pde,149
2019,pdf,1541
2019,pdm,4
2019,pdn,2
2019,pem,38
2019,perltidyrc,1
2019,permissionset,28
2019,perspective,3
2019,pfring,1
2019,pfx,6
2019,pgm,1
2019,php,16960
2019,phpt,18
2019,phtml,18
2019,physicmaterial,4
2019,physicsmaterial2d,6
2019,pickle,25
2019,piko,1
2019,pip,3
2019,pkf,7
2019,pkg,8
2019,pkl,23
2019,pkt,11
2019,pl,37
2019,pl6,16
2019,playable,3
2019,playground,1
2019,plg,1
2019,plist,180
2019,plo,43
2019,plt,1
2019,plug,7
2019,pm,44
2019,pm6,749
2019,png,17224
2019,pnm,1
2019,po,864
2019,podspec,15
2019,policy,2
2019,pom,23
2019,positions,1
2019,pot,22
2019,pp,16
2019,ppc64osx,17
2019,pper,7
2019,ppg,6
2019,ppk,2
2019,ppsx,1
2019,ppt,2
2019,pptx,84
2019,ppu,14
2019,pr,1
2019,prdx,2
2019,pre,3
2019,pref,4
2019,prefab,1937
2019,prefs,53
2019,preset,1
2019,prettierignore,12
2019,prettierrc,16
2019,prev,3
2019,pri,11
2019,prisma,4
2019,prj,3
2019,prjpcb,2
2019,pro,79
2019,prod,1
2019,production,8
2019,profile,28
2019,projbuild,4
2019,project,138
2019,prop,2
2019,properties,3095
2019,props,56
2019,proto,62
2019,prototxt,14
2019,prt,1
2019,ps,2
2019,ps1,107
2019,psb,1
2019,psd,203
2019,psm1,7
2019,pt,5
2019,pth,4
2019,pub,4
2019,pubxml,5
2019,pug,141
2019,puml,8
2019,purs,229
2019,pxm,1
2019,py,31284
2019,pyc,48684
2019,pyd,18
2019,pydevproject,1
2019,pyim,5
2019,pylintrc,5
2019,pypirc,1
2019,pyproj,16
2019,pyw,1
2019,pyx,5
2019,pyxel,2
2019,pyz,10
2019,qet,2
2019,qml,15
2019,qrc,11
2019,qs,1
2019,qss,3
2019,qtpl,2
2019,qvto,14
2019,r,360
2019,rake,45
2019,rakumod,9
2019,random,27
2019,randomlog,1
2019,rar,74
2019,rar1,3
2019,rasi,5
2019,raw,3
2019,razor,27
2019,rb,3875
2019,rbuildignore,4
2019,rc,57
2019,rc2,3
2019,rd,38
2019,rda,4
2019,rdata,30
2019,rdb,6
2019,rdf,6
2019,rdlc,11
2019,rdm,1
2019,rdoc,3
2019,rds,34
2019,re,1
2019,reapeaks,1
2019,red,30
2019,reds,37
2019,ref,4
2019,refactorlog,3
2019,refresh,1
2019,reg,3
2019,registry,1
2019,rej,4
2019,rel,2
2019,release,5
2019,rels,3
2019,renamedulusql,1
2019,rendertexture,3
2019,repositories,9
2019,res,34
2019,resolved,1
2019,resource,52
2019,resources,41
2019,ress,12
2019,rest,9
2019,results,1
2019,resx,66
2019,rgb,26
2019,rhel,3
2019,rhistory,10
2019,rich,1
2019,rights,149
2019,rman,1
2019,rmd,275
2019,rnd,2
2019,rng,2
2019,robot,6
2019,rockspec,3
2019,root,1
2019,rp,13
2019,rpm,2
2019,rprofile,1
2019,rpt,16
2019,rptdesign,41
2019,rptlibrary,5
2019,rpx,6
2019,rs,1516
2019,rsa,16
2019,rsp,9
2019,rspec,2
2019,rst,235
2019,rtf,15
2019,ru,5
2019,rules,2
2019,rulesrc,9
2019,run,1
2019,run114,1
2019,runbest,27
2019,runsettings,1
2019,russell,1
2019,rutu,18
2019,rw5,2
2019,rximg,1
2019,rxrec,5
2019,rxrep,2
2019,rxsettings,1
2019,rxtmg,1
2019,rxtst,2
2019,s,68
2019,safe,1
2019,sample,42
2019,sandbox,3
2019,sass,127
2019,sav,22
2019,save,4
2019,sbt,27
2019,sc,7
2019,scala,242
2019,scc,1
2019,scd,2
2019,sce,15
2019,sch,14
2019,schdoc,3
2019,schelp,133
2019,schema,1
2019,scm,1
2019,scmbrc,2
2019,scn,1
2019,scpt,2
2019,scr,1
2019,screenrc,7
2019,script,1
2019,scss,1946
2019,scssc,96
2019,sdac,1
2019,sdf,10
2019,sdsl,2
2019,sec,1
2019,secret,2
2019,seen,3
2019,sen,1
2019,sequelizerc,5
2019,ser,153
2019,server,6
2019,service,28
2019,servicefactory,2
2019,ses,1
2019,session,2
2019,set,11
2019,settings,5
2019,setup,4
2019,sf,16
2019,sh,2761
2019,sha1,58
2019,sha512,1
2019,shader,33
2019,shadergraph,13
2019,shadervariants,1
2019,shd,128
2019,shinit,1
2019,shp,19
2019,shtml,3
2019,shx,21
2019,si,3
2019,sign,1
2019,signaldone,4
2019,signed,1
2019,skb,5
2019,skhdrc,1
2019,skp,4
2019,slack,4
2019,sld,24
2019,slim,12
2019,sln,438
2019,snap,398
2019,snapshot,2
2019,snippets,13
2019,snippit,1
2019,snm,6
2019,snyk,10
2019,so,108
2019,sol,27
2019,solverstate,2
2019,spacemacs,1
2019,spacevim,1
2019,spec,27
2019,spfx,75
2019,spl,50
2019,split0,1
2019,split1,1
2019,split2,1
2019,split3,1
2019,split4,1
2019,split5,1
2019,split6,1
2019,split7,1
2019,springconfigdsl,1
2019,spritefont,1
2019,sprz,1
2019,spv,6
2019,sqbpro,1
2019,sql,1579
2019,sqlite,86
2019,sqlite3,116
2019,sqlproj,8
2019,srl,4
2019,ssdl,1
2019,sse,52
2019,ssi,1
2019,stackdump,1
2019,staging,2
2019,stalonetrayrc,2
2019,stamp,8
2019,stat,5
2019,state,1
2019,static,1
2019,status,6
2019,std,18
2019,step,1
2019,stex,4
2019,stl,20
2019,storyboard,172
2019,stowrc,1
2019,strings,28
2019,strip,1
2019,stripped,1
2019,stub,2
2019,stumpwmrc,1
2019,sty,23
2019,styl,35
2019,su,5
2019,sum,57
2019,suo,302
2019,sv,24
2019,svg,1032
2019,swf,4
2019,swift,1206
2019,swiftdoc,4
2019,swiftmodule,8
2019,swl,1
2019,swm,2
2019,swn,2
2019,swo,4
2019,swp,44
2019,sxhkdrc,11
2019,sxw,5
2019,symbols,1
2019,symlink,3
2019,syntax,3
2019,t,187
2019,tab,8
2019,tag,106
2019,tags,1
2019,tamil,1
2019,tar,3
2019,targetd64rc,2
2019,targets,2
2019,tc,6
2019,tcl,43
2019,template,15
2019,terminal,3
2019,terrainlayer,3
2019,test,3
2019,testing,1
2019,testsettings,1
2019,tex,311
2019,text,7
2019,textgrid,1
2019,tf,15
2019,tfevents,8
2019,tga,8
2019,tgz,110
2019,theme,15
2019,thrift,6
2019,thtml,8
2019,tif,5
2019,time,27
2019,timer,2
2019,timestamp,1
2019,timestamps,1
2019,tld,10
2019,tlog,506
2019,tlpdb,1
2019,tmp,8
2019,tmpl,124
2019,tmx,3
2019,toc,49
2019,todo,6
2019,tokens,9
2019,toml,230
2019,torrent,662
2019,tp,2
2019,tpl,26
2019,tree,6
2019,tres,8
2019,trg,1
2019,ts,9412
2019,tsbuildinfo,34
2019,tscn,125
2019,tst,7
2019,tsv,19
2019,tsx,1994
2019,tt,8
2019,ttf,55
2019,ttl,40
2019,ttroyer2,2
2019,turtle,1
2019,twbx,1
2019,twig,136
2019,tx,3
2019,txt,42387
2019,txt1,2
2019,tzf,1
2019,uasset,1284
2019,ubuntu,2
2019,ucls,13
2019,udb,3
2019,ufm,1
2019,ui,98
2019,umap,289
2019,unity,1143
2019,unity3d,4
2019,unitypackage,2
2019,unityweb,28
2019,unl,1
2019,unprocessed,1
2019,uproject,4
2019,upx,1
2019,urdf,3
2019,url,2
2019,usb,1
2019,use,3
2019,user,70
2019,userprefs,7
2019,users,1
2019,utdata,4
2019,utproject,1
2019,uttype,14
2019,uuid,11
2019,uvoptx,2
2019,uvprojx,2
2019,v,80
2019,vala,137
2019,vb,11
2019,vbproj,3
2019,vbs,3
2019,vcf,4
2019,vcproj,1
2019,vcxitems,3
2019,vcxproj,266
2019,vdemariojus,2
2019,vdf,4
2019,vdi,1
2019,vds,6
2019,version,2
2019,vert,11
2019,vhd,12
2019,vhdl,50
2019,vim,453
2019,vimrc,246
2019,vis,26
2019,vm,7
2019,vrb,1
2019,vrmanifest,1
2019,vsd,33
2019,vsdx,19
2019,vue,2508
2019,w,5
2019,war,36
2019,wasm,4
2019,wav,260
2019,wd3,1
2019,wdf,4
2019,wds,1
2019,webapp,1
2019,webloc,2
2019,webm,1
2019,webmanifest,8
2019,webp,154
2019,whl,4
2019,wie,1
2019,win,26
2019,win32,1
2019,wixproj,1
2019,wk3,1
2019,wl,5
2019,wma,1
2019,wmf,12
2019,woff,63
2019,woff2,50
2019,workflow,10
2019,workspace,1
2019,world,1
2019,wpc,1
2019,wrd,1
2019,wrl,1
2019,wsdd,1
2019,wsdl,2
2019,wsgi,1
2019,wt,13
2019,wxl,1
2019,wxml,348
2019,wxs,1
2019,wxss,233
2019,xaml,854
2019,xbf,4
2019,xbindkeysrc,1
2019,xbm,2
2019,xcbkptlist,20
2019,xcconfig,28
2019,xccurrentversion,2
2019,xcf,15
2019,xcfilelist,7
2019,xci,40
2019,xcompose,1
2019,xcscheme,63
2019,xctimeline,1
2019,xcuserstate,95
2019,xcworkspacedata,38
2019,xd,8
2019,xdc,12
2019,xdefaults,3
2019,xdp,309
2019,xdto,2
2019,xdv,1
2019,xhtml,1309
2019,xib,73
2019,xinitrc,16
2019,xls,78
2019,xlsm,19
2019,xlsx,529
2019,xm,31
2019,xmi,12
2019,xml,23761
2019,xmodmap,2
2019,xnb,8
2019,xonshrc,2
2019,xopp,4
2019,xpm,32
2019,xpr,2
2019,xprofile,1
2019,xresources,17
2019,xsd,762
2019,xsh,6
2019,xss,3
2019,xtb,36
2019,xz,4
2019,xzh,1
2019,y,8
2019,yaml,944
2019,yet,1
2019,yml,4559
2019,yml1,1
2019,ypp,3
2019,yy,110
2019,yyp,2
2019,z,1
2019,z01,1
2019,z02,1
2019,z03,1
2019,z04,1
2019,z05,1
2019,z06,1
2019,z07,1
2019,z08,1
2019,z09,1
2019,z10,1
2019,zarray,3
2019,zattrs,1
2019,zcompdump,1
2019,zip,827
2019,zpreztorc,3
2019,zprofile,7
2019,zsh,52
2019,zshrc,189
2020,0,35
2020,00,2
2020,0000000003,1
2020,001,2
2020,002,1
2020,01,2
2020,02,2
2020,0mfbb,1
2020,1,24
2020,10,5
2020,11,5
2020,12,7
2020,13,4
2020,14,4
2020,15,4
2020,16,4
2020,17,4
2020,18,4
2020,19,3
2020,2,16
2020,20,4
2020,21,3
2020,22,3
2020,23,3
2020,24,3
2020,25,3
2020,26,4
2020,27,3
2020,28,3
2020,29,3
2020,3,10
2020,30,3
2020,31,3
2020,32,3
2020,33,3
2020,34,3
2020,35,3
2020,36,3
2020,37,3
2020,38,3
2020,39,3
2020,3mfbb,1
2020,4,13
2020,40,3
2020,41,3
2020,42,3
2020,43,3
2020,44,3
2020,45,3
2020,46,3
2020,47,3
2020,48,3
2020,49,2
2020,4th,1
2020,5,7
2020,50,2
2020,51,2
2020,52,2
2020,53,2
2020,54,2
2020,55,2
2020,56,2
2020,57,2
2020,58,2
2020,59,2
2020,6,21
2020,60,2
2020,61,1
2020,62,1
2020,63,1
2020,64,1
2020,65,1
2020,66,1
2020,67,1
2020,68,1
2020,69,1
2020,7,14
2020,70,1
2020,71,1
2020,72,1
2020,73,1
2020,7z,7
2020,8,30
2020,9,5
2020,a,1013
2020,aab,8
2020,aar,50
2020,aarch64,35
2020,ab0da2b,1
2020,abap,56
2020,absolutelocalpath,1
2020,ac,19
2020,ac3,8
2020,adapter,3
2020,adb,1
2020,add,28
2020,administrator,5
2020,adoc,15
2020,ads,1
2020,afdesign,1
2020,afphoto,1
2020,agignore,4
2020,ahk,4
2020,ai,7
2020,aia,1
2020,aif,1
2020,akd,18
2020,al,92
2020,alf,1
2020,alfredworkflow,2
2020,ali,7
2020,alias,1
2020,aliases,26
2020,alpine,24
2020,am,23
2020,amd64,4
2020,amfbb,1
2020,amigaos,5
2020,amigaos4,5
2020,anim,272
2020,annoconfig,3
2020,ansible,1
2020,aof,1
2020,apib,1
2020,apk,60
2020,apns,1
2020,app,1
2020,appcache,1
2020,appxmanifest,4
2020,aps,1
2020,arb,5
2020,architect,1
2020,args,2
2020,arm,3
2020,arm64,2
2020,arm64v8,1
2020,armhf,35
2020,art,20
2020,asax,19
2020,asc,20
2020,ase,8
2020,aseprite,2
2020,ashes,1
2020,asl,2
2020,asm,24
2020,asmdef,6
2020,asoundrc,1
2020,asp,100
2020,aspx,9
2020,asset,3392
2020,assets,252
2020,asta,2
2020,asv,6
2020,at,62
2020,atlas,1
2020,attach,1
2020,autosave,4
2020,aux,14
2020,awk,4
2020,b4r,1
2020,babelrc,27
2020,babylon,3
2020,bac,1
2020,backup,37
2020,bak,96
2020,bak2,2
2020,bak3,1
2020,bakert,3
2020,baml,11
2020,bank,27
2020,base,2
2020,base64,2
2020,bash,63
2020,bashrc,86
2020,bashsource,1
2020,basic,3
2020,bat,153
2020,bats,5
2020,bazel,24
2020,bazelrc,1
2020,bbl,1
2020,bbmodel,2
2020,bbx,4
2020,bc,1
2020,bcc,1
2020,bck,1
2020,bdf,10
2020,bdy,1
2020,bed,10
2020,beforefix,1
2020,bexch,1
2020,bfxrsound,4
2020,bib,9
2020,bin,4111
2020,bionj,1
2020,bip,1
2020,bit,2
2020,bitmap,3
2020,bk,1
2020,blend,7
2020,blend1,1
2020,blg,2
2020,blob,5
2020,blocks,3
2020,bluej,1
2020,bmp,28
2020,bnk,1
2020,bom,1
2020,bp,1
2020,bpm,3
2020,br,116
2020,brd,10
2020,brewfile,7
2020,brm3,2
2020,browse,1
2020,browserlistrc,1
2020,brwbb,1
2020,bs,2
2020,bsbuild,1
2020,bsf,10
2020,bsl,10
2020,bson,2
2020,bspwm,2
2020,build,7
2020,buildinfo,5
2020,buildreport,36
2020,bundle,1
2020,bz2,1
2020,bzl,1
2020,c,2418
2020,c7qcb,1
2020,cabal,46
2020,cache,1580
2020,cachemanagerserviceconfigurationparser,2
2020,cacheserviceconfigurationparser,3
2020,cachingprovider,2
2020,cake,2
2020,camkes,67
2020,cap,36
2020,cat,17
2020,catalog,1
2020,caw,61
2020,cbp,37
2020,cbx,3
2020,cc,1328
2020,cd,1
2020,cdg,2
2020,cel,1
2020,cento,2
2020,centos,3
2020,cer,3
2020,cert,5
2020,certsigningrequest,1
2020,ceson,81
2020,cfc,12
2020,cfg,129
2020,cfl,14
2020,cfn,1
2020,cfs,27
2020,cgi,1
2020,checksum,4
2020,chr,2
2020,ci,7
2020,cjs,5
2020,cl,5
2020,class,6033
2020,classpath,61
2020,clj,54
2020,cls,14
2020,clust,1
2020,cmake,1046
2020,cmd,19
2020,cmi,53
2020,cmj,32
2020,cmt,53
2020,cnf,3
2020,cnv,1
2020,code,1
2020,codekit,2
2020,coffee,4
2020,colors,1
2020,com,2
2020,comm,17
2020,commented,1
2020,common,4
2020,component,23
2020,conf,645
2020,config,367
2020,conllu,1
2020,container,2
2020,content,1
2020,contree,1
2020,controller,228
2020,cookiecutterrc,1
2020,copy,1
2020,coverage,302
2020,coveragerc,5
2020,cp,2
2020,cpkl,27
2020,cpm,2
2020,cpp,4933
2020,cproject,20
2020,crontab,2
2020,crt,14
2020,cs,12718
2020,csdl,1
2020,csh,39
2020,cshtml,619
2020,cso,5
2020,cson,3
2020,csproj,1271
2020,csr,2
2020,css,7378
2020,csv,42244
2020,ctags,1
2020,ctp,26
2020,ctrl,1
2020,cu,17
2020,cuh,5
2020,cxx,5
2020,cys,2
2020,d,2333
2020,dacpac,2
2020,dae,1
2020,dart,2470
2020,dat,829
2020,data,1029
2020,datasource,12
2020,db,180
2020,db3,1
2020,dbf,3
2020,dbk,5
2020,dblite,7
2020,dbml,1
2020,dcf,9
2020,dcm,758
2020,dconf,2
2020,dcp,5
2020,dcu,235
2020,ddl,8
2020,dds,37
2020,deb,11
2020,deb10,7
2020,debian,37
2020,def,7
2020,default,8
2020,delta,2
2020,dem,1
2020,demo,2
2020,dep,53
2020,depend,7
2020,dependencies,6
2020,deployproj,1
2020,desktop,29
2020,dev,7
2020,develop,6
2020,developerprofile,1
2020,development,6
2020,dex,124
2020,dfm,47
2020,dfminstall,2
2020,dia,1
2020,diagram,10
2020,diary,3
2020,did,3
2020,diff,5
2020,dill,5
2020,directory,17
2020,dirs,3
2020,dist,19
2020,dll,3616
2020,dm,11
2020,dme,4
2020,dmi,5
2020,dmp,3
2020,dng,1
2020,dnx,1
2020,do,3
2020,doc,94
2020,dockerfile,365
2020,dockerignore,52
2020,dockertags,8
2020,docm,13
2020,doctree,93
2020,docuwiki,1
2020,docx,355
2020,dot,1
2020,download,4
2020,doxy,3
2020,dpr,10
2020,dra,9
2020,drawio,125
2020,drc,9
2020,drl,2
2020,drwbb,1
2020,ds,1
2020,dsn,5
2020,dsp,2
2020,dsw,1
2020,dtbcache,16
2020,dtd,28
2020,dtx,1
2020,dump,4
2020,dumpstream,28
2020,dvc,3
2020,dw,2
2020,dwlt,308
2020,dxf,1
2020,dylib,18
2020,dyn,33
2020,e4xmi,1
2020,e7qcb,1
2020,ear,15
2020,ecm,50
2020,edf,9
2020,edge,3
2020,edgelist,1
2020,editorconfig,24
2020,edmx,19
2020,edn,2
2020,eex,2
2020,egg,281
2020,ejs,229
2020,el,395
2020,el7,5
2020,elc,9
2020,elf,49
2020,elm,2
2020,elmi,2
2020,elmo,2
2020,emacs,82
2020,eml,1
2020,emmx,2
2020,enaml,18
2020,enc,56
2020,entitlements,3
2020,env,276
2020,eof,2
2020,eom,1
2020,eot,26
2020,ep,4
2020,epgz,6
2020,episode,1
2020,eps,4
2020,epub,2
2020,eq,31
2020,erb,1892
2020,erl,8
2020,errors,1
2020,es5,1
2020,eslintcache,202
2020,eslintignore,14
2020,eslintrc,20
2020,etag,2
2020,ewd,1
2020,ewp,1
2020,ewt,1
2020,eww,1
2020,ex,71
2020,example,78
2020,excalidraw,1
2020,exe,499
2020,exemplo,1
2020,exp,11
2020,expect,1
2020,expected,5
2020,exports,5
2020,exr,723
2020,exs,35
2020,ez,9
2020,f,137
2020,f32,5
2020,f3z,1
2020,f90,134
2020,fa,1
2020,factorypath,3
2020,fasta,14
2020,fbx,93
2020,fcstd,5
2020,fd,3
2020,fe66a83,1
2020,feature,142
2020,fehbg,1
2020,fetchmailrc,4
2020,fhlp,1
2020,fig,3
2020,filecache,3
2020,filemap,1
2020,files,1
2020,filter,3
2020,filters,198
2020,firebaserc,24
2020,fish,139
2020,fits,8
2020,fix,1
2020,flac,19
2020,flags,1
2020,flake8,20
2020,flare,1
2020,flaskenv,1
2020,flat,2554
2020,flowconfig,1
2020,flr,3
2020,fnc,3
2020,fnt,2
2020,fobj,446
2020,fodt,4
2020,form,109
2020,forth,27
2020,fortran,1
2020,frag,11
2020,frm,206
2020,fs,452
2020,fsh,9
2020,fsproj,21
2020,fsx,6
2020,fth,199
2020,ftl,26
2020,functions,2
2020,fx,1
2020,fxbuild,1
2020,fxml,140
2020,fzz,15
2020,gbo,1
2020,gbp,1
2020,gbs,1
2020,gch,2
2020,gcode,8
2020,gd,63
2020,gdalinfo,2
2020,gdb,1
2020,gdx,4
2020,ged,2
2020,gemspec,37
2020,gen,1
2020,geojson,10
2020,gexf,1
2020,gfx,1
2020,gif,1268
2020,gitattributes,24
2020,gitconfig,79
2020,gitignore,1635
2020,gitingore,3
2020,gitkeep,1
2020,gitmessage,1
2020,gitmodules,96
2020,gitnore,1
2020,glb,26
2020,glsl,40
2020,gltf,25
2020,gm1,1
2020,gml,528
2020,gmx,442
2020,gn,321
2020,gni,73
2020,gns3,2
2020,go,1721
2020,godot,10
2020,gp,5
2020,gpg,42
2020,gpk,1
2020,gql,2
2020,gradle,1658
2020,graffle,1
2020,graph,25
2020,graphml,1
2020,graphql,171
2020,graphqlconfig,3
2020,grc,9
2020,grd,100
2020,grdp,58
2020,greenfoot,1
2020,gresource,1
2020,grf,3
2020,groovy,261
2020,gs,1
2020,gst,5
2020,gtp,1
2020,gui,1
2020,gypi,9
2020,gz,1125
2020,h,5012
2020,h5,17
2020,h7qcb,1
2020,haml,60
2020,handlebars,431
2020,hash,2
2020,hbc,1
2020,hbs,525
2020,hdbgrants,1
2020,hdbsynonym,1
2020,hdbtable,2
2020,hdinamespace,1
2020,hdmi,1
2020,hex,3
2020,hgignore,2
2020,hgtags,4
2020,hgtimestamp,5
2020,hh,4
2020,hi,2
2020,history,11
2020,hiv,6
2020,hjson,11
2020,hlsl,3
2020,hmi,1
2020,home,1
2020,hook,1
2020,hpp,402
2020,hs,684
2020,hswm,1
2020,hswn,1
2020,htaccess,19
2020,htf,401
2020,htm,614
2020,html,151294
2020,htpasswd,2
2020,http,24
2020,huskyci,1
2020,huskyrc,1
2020,hwp,1
2020,hx,380
2020,hxml,6
2020,hxx,3
2020,i,23
2020,ibd,18
2020,icloud,9
2020,icls,10
2020,ico,173
2020,icon,1
2020,id,13
2020,idb,99
2020,ide,87
2020,ideavimrc,2
2020,identcache,1
2020,idl,2
2020,idx,32
2020,ignore,2
2020,ijzab,1
2020,ilk,104
2020,image,7
2020,img,4
2020,iml,273
2020,import,100
2020,in,153
2020,inc,89
2020,include,4
2020,includecache,28
2020,indd,1
2020,index,104
2020,info,2586
2020,ini,274
2020,init,1
2020,initfunc,1
2020,ink,10
2020,inky,7
2020,inl,3
2020,ino,808
2020,inp,3
2020,inputactions,39
2020,inputrc,5
2020,ins,1
2020,install,2
2020,interface,1
2020,interim,1
2020,internal,28
2020,inv,11
2020,iobj,3
2020,ioc,5
2020,ipa,1
2020,ipch,190
2020,ipdb,3
2020,ipr,1
2020,ipynb,1765
2020,iqtree,1
2020,itermcolors,1
2020,itwbb,1
2020,j2,11
2020,j7qcb,1
2020,jad,3
2020,jade,9
2020,jar,697
2020,jas,19
2020,java,39091
2020,jbuilder,46
2020,jenkinsfile,22
2020,jfif,27
2020,jfr,1
2020,jinja2,14
2020,jj,4
2020,jks,6
2020,jl,212
2020,jmx,2
2020,jnlp,1
2020,joblib,6
2020,jpeg,747
2020,jpg,11619
2020,jres,1
2020,jrl,10
2020,jrwbb,1
2020,js,41058
2020,json,236898
2020,jsonl,6
2020,jsp,1534
2020,jsproj,1
2020,jsx,1257
2020,jvm,13
2020,kbd,1
2020,kconfig,1
2020,key,31
2020,keystore,3
2020,keystream,43
2020,kjzab,1
2020,klib,4
2020,kra,4
2020,kt,6986
2020,kts,35
2020,kv,28
2020,kytos,11
2020,la,40
2020,lai,20
2020,lastbuildstate,91
2020,lastupdated,2
2020,latexmkrc,1
2020,latin,1
2020,launch,71
2020,layout,11
2020,ld,15
2020,ldf,19
2020,leex,14
2020,legacy,1
2020,lektorproject,1
2020,len,4
2020,less,328
2020,lfm,4
2020,lft,9
2020,lhs,9
2020,lib,60
2020,libpkg,1
2020,license,3
2020,licx,1
2020,lifecyclemapping,2
2020,lighting,2
2020,linkfilelist,2
2020,lintstagedrc,1
2020,liquid,26
2020,lisp,13
2020,list,16
2020,ljzab,1
2020,lkml,2
2020,lnk,7
2020,lo,32
2020,lo1,1
2020,local,10
2020,lock,4810
2020,log,978
2020,logs,1
2020,loo,2
2020,lox,8
2020,lp,1
2020,lpi,5
2020,lpr,1
2020,lps,1
2020,lr,17
2020,lref,8
2020,lsn,1
2020,lst,52
2020,lt,1
2020,ltwbb,1
2020,lua,729
2020,lvproj,2
2020,m,276
2020,m3u,30
2020,m4a,18
2020,m7qcb,1
2020,mac,14
2020,macos,8
2020,mag,80
2020,mak,2
2020,make,99
2020,mako,11
2020,mal,8
2020,manifest,259
2020,manx,2
2020,map,4555
2020,mar2300,7
2020,markdown,142
2020,markdownlintignore,1
2020,markers,9
2020,mas2j,1
2020,mask,4
2020,master,1
2020,mat,808
2020,mauidb,1
2020,max,1
2020,mc,5
2020,mcmeta,4
2020,md,36210
2020,md5,1486
2020,md5sum,2
2020,mdb,11
2020,mdf,19
2020,mdj,2
2020,mdo,3
2020,mdp,3
2020,mdx,16
2020,me,4
2020,mega,1
2020,mem,1
2020,mermaid,2
2020,mesh,25
2020,meshdata,2
2020,meta,14462
2020,metadata,5
2020,mexmaci64,7
2020,mf,39
2020,mgcb,3
2020,mit,1
2020,mixer,1
2020,mj,9
2020,mjn,1
2020,mjs,206
2020,mjzab,1
2020,mk,49
2020,mk1,1
2020,mkv,40
2020,mkw,2
2020,ml,475
2020,mldist,1
2020,mless,2
2020,mli,148
2020,mm,48
2020,mmap,6
2020,mmd,3
2020,mmfbb,1
2020,mms,1
2020,mo,4
2020,mobirise,9
2020,moc3,1
2020,mod,232
2020,model,4
2020,module,5
2020,modulemap,19
2020,modules,13
2020,mojom,41
2020,mov,21
2020,mp3,226
2020,mp4,118
2020,msav,1
2020,msg,2
2020,msi,14
2020,msl,1
2020,mtl,6
2020,mustache,1
2020,mwb,62
2020,mxproject,5
2020,myd,3
2020,myi,11
2020,mysql,8
2020,n2disk,1
2020,name,41
2020,nanorc,1
2020,nas,1
2020,native,9
2020,nc,4
2020,ndcondemo,2
2020,neo,4
2020,neon,2
2020,net,2
2020,netrwhist,11
2020,nex,4
2020,nexus,1
2020,nib,2
2020,nii,2
2020,ninja,39
2020,nix,173
2020,njk,29
2020,node,18
2020,nodemcutool,1
2020,noisette,39
2020,note,2
2020,npmignore,12
2020,npmrc,5
2020,nprobe,1
2020,ns,1
2020,nscrub,1
2020,nsi,2
2020,nswag,2
2020,ntopng,2
2020,number,1
2020,nupkg,4
2020,nw,1
2020,nycrc,2
2020,o,5871
2020,o7qcb,1
2020,obj,3383
2020,objbak,2
2020,ocamlformat,2
2020,ocamlinit,2
2020,odg,6
2020,odp,8
2020,ods,69
2020,odt,28
2020,ogg,515
2020,ojzab,1
2020,olb,1
2020,olc,49
2020,old,31
2020,olfversion,7
2020,olt,14
2020,onl,1
2020,opam,3
2020,opdata,1
2020,opendb,2
2020,opj,10
2020,opt,1
2020,org,208
2020,orig,16
2020,original,1
2020,orwbb,1
2020,os,1
2020,otf,5
2020,out,671
2020,overrides,1
2020,owl,1
2020,p00,3
2020,p01,5
2020,p02,1
2020,p03,1
2020,p04,5
2020,p05,1
2020,p06,1
2020,p07,1
2020,p08,1
2020,p09,1
2020,p10,4
2020,p12,2
2020,p6,1
2020,p7s,3
2020,pack,24
2020,packages,3
2020,pad,2
2020,pas,123
2020,patch,3380
2020,path,1
2020,patt,7
2020,pb,2
2020,pbd,1
2020,pbi,63
2020,pbix,1
2020,pbw,2
2020,pbxproj,761
2020,pcache,1
2020,pcap,3
2020,pcapng,1
2020,pcbdoc,6
2020,pcbdocpreview,1
2020,pcblib,2
2020,pch,56
2020,pck,81
2020,pcm,2
2020,pcss,1
2020,pdb,1527
2020,pdc,124
2020,pde,44
2020,pdf,2468
2020,pdn,5
2020,pe,61
2020,peer,11
2020,pem,59
2020,permissions,1
2020,pest,1
2020,pfring,1
2020,pfx,3
2020,pgn,17
2020,phar,1
2020,php,19816
2020,phpt,5
2020,phptest,1
2020,phtml,62
2020,physicmaterial,4
2020,physicsmaterial2d,13
2020,pickle,19
2020,pkb,35
2020,pkg,30
2020,pkl,34
2020,pks,24
2020,pkt,4
2020,pl,12
2020,playable,1
2020,plist,357
2020,plo,2
2020,pls,6
2020,pm,19
2020,pm6,174
2020,pml,2
2020,png,29770
2020,po,210
2020,podspec,57
2020,polybar,3
2020,pom,24
2020,pot,24
2020,pp,19
2020,pper,10
2020,ppg,3
2020,ppt,4
2020,pptx,96
2020,pref,9
2020,prefab,1859
2020,prefs,34
2020,premergebasefile,1
2020,presx,1
2020,prettierignore,11
2020,prettierrc,21
2020,prisma,62
2020,prjpcb,2
2020,prjpcbstructure,1
2020,pro,85
2020,processor,1
2020,prod,4
2020,production,5
2020,profile,13
2020,projbuild,10
2020,project,126
2020,properties,2499
2020,props,101
2020,proto,79
2020,prototxt,4
2020,prt,3
2020,prv,2
2020,ps,2
2020,ps1,120
2020,psb,11
2020,psd,49
2020,pslm,1
2020,psm,7
2020,psqlrc,1
2020,pt,5
2020,ptf,2
2020,pth,26
2020,pub,7
2020,public,2
2020,pubxml,3
2020,pug,120
2020,puml,11
2020,py,51749
2020,pyc,60340
2020,pyd,58
2020,pyi,11
2020,pylint2rc,2
2020,pylintrc,5
2020,pypirc,2
2020,pyproj,3
2020,pyw,2
2020,pyxres,6
2020,pyz,30
2020,q7qcb,1
2020,qbs,1
2020,qdoc,1
2020,qip,4
2020,qm,1
2020,qmfbb,1
2020,qml,71
2020,qpf,1
2020,qrc,45
2020,qrwbb,1
2020,qsf,7
2020,qss,1
2020,r,799
2020,rake,3
2020,raku,5
2020,rakumod,6
2020,raml,1
2020,rar,100
2020,rasi,20
2020,raw,1
2020,razor,36
2020,rb,3369
2020,rbuildignore,4
2020,rc,20
2020,rd,116
2020,rda,15
2020,rdata,32
2020,rdb,16
2020,rdf,10
2020,rds,23
2020,rdx,10
2020,re,509
2020,readme,2
2020,reast,53
2020,recipe,16
2020,red,69
2020,reds,7
2020,ref,1
2020,refactorlog,3
2020,references,8
2020,reg,9
2020,regex,1
2020,rej,1
2020,releaserc,1
2020,rendertexture,12
2020,replit,4
2020,repo,58
2020,repositories,18
2020,res,14
2020,resolved,4
2020,resource,36
2020,resources,66
2020,response,19
2020,ress,36
2020,rest,10
2020,result,1
2020,resx,334
2020,rgb,61
2020,rhel7,5
2020,rhel8,5
2020,rhistory,20
2020,ride,2
2020,rkt,2
2020,rlib,6
2020,rmd,840
2020,rmeta,6
2020,rnd,3
2020,rnw,2
2020,robot,20
2020,rockspec,10
2020,root,6
2020,rosinstall,3
2020,rpm,1
2020,rproj,1
2020,rpt,1
2020,rptdesign,74
2020,rptlibrary,2
2020,rs,1051
2020,rsa,1
2020,rsc,7
2020,rsm,3
2020,rsp,1
2020,rss,1
2020,rst,378
2020,rtf,8
2020,ru,6
2020,rules,1
2020,ruleset,4
2020,rulesrc,1
2020,rviz,4
2020,s,152
2020,sam,5
2020,sample,86
2020,sas,10
2020,sas7bdat,1
2020,sass,121
2020,sav,2
2020,save,4
2020,sb3,3
2020,sbclrc,2
2020,sbt,6
2020,sbx,1
2020,sc,36
2020,scad,17
2020,scala,1196
2020,scd,3
2020,sch,18
2020,schdoc,5
2020,schelp,149
2020,schlib,2
2020,schpreview,1
2020,scm,19
2020,scratch,1
2020,script,16
2020,scss,2621
2020,scssc,26
2020,sdf,117
2020,sdps,1
2020,secret,4
2020,secrets,2
2020,sed,6
2020,seen,1
2020,sentryclirc,1
2020,sequelizerc,7
2020,ser,62
2020,server,2
2020,service,8
2020,servicefactory,2
2020,settings,12
2020,sf3,3
2020,sgn,3
2020,sh,2143
2020,sha1,137
2020,sha256,3
2020,sha512,2
2020,shader,12
2020,shadergraph,8
2020,shape,1
2020,shd,1
2020,shl,18
2020,shp,3
2020,shtml,2
2020,shx,2
2020,sig,20
2020,sip,812
2020,sir,3
2020,skhdrc,3
2020,sks,4
2020,sld,30
2020,slim,118
2020,sln,507
2020,slvs,10
2020,smfbb,1
2020,smi,6
2020,smx,5
2020,snap,193
2020,snd,2
2020,snippet,1
2020,snippets,16
2020,snirf,2
2020,snk,2
2020,snyk,9
2020,so,247
2020,sol,11
2020,sp,20
2020,spacemacs,16
2020,spec,59
2020,spl,29
2020,spv,19
2020,sqbpro,1
2020,sql,1340
2020,sqlite,106
2020,sqlite3,164
2020,sqlproj,6
2020,src,8
2020,srl,1
2020,srt,1
2020,srwbb,1
2020,ss,2
2020,ssdl,1
2020,sse,118
2020,st,4
2020,stackdump,3
2020,stamp,9
2020,start,1
2020,stat,1
2020,state,1
2020,status,2
2020,step,1
2020,stetic,1
2020,stex,12
2020,stl,29
2020,storage,11
2020,storagedata,6
2020,storagerecordindex,6
2020,storyboard,255
2020,storybook,1
2020,streamlinkrc,1
2020,strings,39
2020,stripped,1
2020,sts,3
2020,stub,3
2020,sty,3
2020,styl,21
2020,stylelintrc,1
2020,su,23
2020,sub,1
2020,sum,90
2020,suo,325
2020,svelte,68
2020,svg,2332
2020,swift,3916
2020,swiftdoc,39
2020,swiftinterface,4
2020,swiftmodule,62
2020,swiftsourceinfo,55
2020,swo,3
2020,swp,42
2020,sxcu,1
2020,sxhkdrc,1
2020,symbols,1
2020,symlink,35
2020,t,105
2020,t9kbb,1
2020,tab,24
2020,table,1
2020,tag,97
2020,tar,164
2020,target,2
2020,targets,4
2020,tcl,23
2020,tcx,20
2020,td,4
2020,template,19
2020,terminal,1
2020,terrainlayer,3
2020,test,6
2020,testing,2
2020,testlog,7
2020,testsettings,2
2020,tex,769
2020,texi,2
2020,text,7
2020,tf,222
2020,tflite,4
2020,tft,1
2020,tfvars,1
2020,tga,20
2020,tgf,1
2020,tgt,8
2020,tgz,13
2020,theme,10
2020,thrift,4
2020,thtml,40
2020,tif,15
2020,tiff,37
2020,timer,3
2020,tjzab,1
2020,tld,5
2020,tlog,734
2020,tmb,15
2020,tmp,12
2020,tmpl,143
2020,tmpoutputpath,1
2020,tmux,4
2020,toc,123
2020,todo,4
2020,toml,386
2020,torrent,1
2020,tp,3
2020,tpl,94
2020,train,1
2020,trc,12
2020,tree,8
2020,treefile,1
2020,tres,14
2020,trg,3
2020,tridactylrc,1
2020,trigger,1
2020,trip,1
2020,ts,17117
2020,tsbuildinfo,11
2020,tscn,71
2020,tscproj,1
2020,tsk,22
2020,tsv,25
2020,tsx,3234
2020,tt,4
2020,ttf,153
2020,ttl,7
2020,twbx,1
2020,twig,623
2020,twitch,1
2020,tx,1
2020,txt,19008
2020,txt1,2
2020,typemap,1
2020,typoscript,2
2020,uasset,2859
2020,ucls,4
2020,uhtmanifest,2
2020,ui,185
2020,ulf,1
2020,umap,67
2020,unittest,2
2020,unity,1288
2020,unity3d,6
2020,unitypackage,10
2020,unityweb,31
2020,unix,1
2020,unwrap,104
2020,uproject,11
2020,url,4
2020,urwbb,1
2020,use,1
2020,user,53
2020,userprefs,27
2020,uuid,1
2020,uvoptx,3
2020,uvprojx,4
2020,uxf,9
2020,v,9
2020,v2,32
2020,v3,1
2020,vala,4
2020,validationcache,1
2020,values,7
2020,variables,4
2020,vars,2
2020,vb,63
2020,vbhtml,4
2020,vbproj,6
2020,vbs,2
2020,vc,1
2020,vcf,1
2020,vcproj,1
2020,vcxproj,267
2020,vdproj,5
2020,ver,186
2020,vert,9
2020,vfx,1
2020,vgo,2
2020,vhd,11
2020,vi,3
2020,vim,361
2020,vimrc,237
2020,violet,5
2020,vis,62
2020,vlw,4
2020,vms,1
2020,volt,1
2020,vpc,2
2020,vpp,1
2020,vrt,2
2020,vs,2
2020,vscodeignore,2
2020,vsdx,1
2020,vsh,2
2020,vsmdi,1
2020,vtt,1
2020,vue,4465
2020,wad,9
2020,war,15
2020,wasm,15
2020,wav,306
2020,wdl,1
2020,webm,6
2020,webmanifest,14
2020,webp,88
2020,wem,63
2020,wgs84,1
2020,whl,28
2020,wiki,2
2020,win,6
2020,woff,131
2020,woff2,41
2020,worker,1
2020,works,1
2020,wproj,1
2020,wsdd,1
2020,wsdt,2
2020,wsettings,1
2020,wtfbb,1
2020,wwu,20
2020,wxm,1
2020,wxml,105
2020,wxs,1
2020,wxss,99
2020,x,43
2020,xacro,3
2020,xaml,184
2020,xar,2
2020,xauthority,1
2020,xbm,1
2020,xbt,1
2020,xcbkptlist,35
2020,xcconfig,17
2020,xccurrentversion,3
2020,xcf,19
2020,xcfilelist,17
2020,xcl,55
2020,xcompose,2
2020,xcscheme,210
2020,xcuserstate,86
2020,xcworkspacedata,48
2020,xd,7
2020,xdefaults,2
2020,xdp,67
2020,xel,28
2020,xen,39
2020,xhtml,1106
2020,xib,26
2020,xinitrc,26
2020,xjb,1
2020,xl,34
2020,xlf,5
2020,xliff,6
2020,xls,136
2020,xlsb,5
2020,xlsm,56
2020,xlsx,499
2020,xlt,5
2020,xm,11
2020,xmap,1
2020,xmi,21
2020,xmind,3
2020,xml,35263
2020,xmodmap,1
2020,xnb,2
2020,xpdl,1
2020,xpr,2
2020,xprofile,3
2020,xresources,28
2020,xrf,1
2020,xrwbb,1
2020,xsd,85
2020,xsession,1
2020,xsh,10
2020,xsl,3
2020,xtb,32
2020,xxx,1
2020,xz,3
2020,yabairc,3
2020,yaml,14576
2020,yardopts,1
2020,yml,8440
2020,yml5,1
2020,yy,690
2020,yyp,5
2020,z,8
2020,zc,11
2020,zcompdump,1
2020,zip,632
2020,zls,1
2020,zni,1
2020,zpreztorc,1
2020,zprofile,10
2020,zrwbb,1
2020,zsh,95
2020,zshenv,7
2020,zshrc,167
2020,ztfbb,1
2021,0,79
2021,0000000001,2
2021,0000000008,1
2021,001,2
2021,002,2
2021,003,2
2021,004,2
2021,005,1
2021,006,1
2021,007,1
2021,008,1
2021,009,1
2021,010,1
2021,011,1
2021,012,1
2021,013,1
2021,014,1
2021,015,1
2021,016,1
2021,017,1
2021,0fpm,2
2021,1,24
2021,1x1,1
2021,2,7
2021,2691063217008,1
2021,2p,3
2021,3,5
2021,3dm,13
2021,3x3,2
2021,4,4
2021,4fpm,2
2021,5,4
2021,57,1
2021,6,1
2021,7,1
2021,7z,14
2021,8,13
2021,80685,1
2021,8th,1
2021,9,7
2021,91f39af,1
2021,a,986
2021,aab,8
2021,aac,19
2021,aar,41
2021,aarch64,10
2021,abap,78
2021,ac,1
2021,accdb,5
2021,adb,147
2021,add,10
2021,administrator,5
2021,adoc,6
2021,aep,1
2021,afdesign,2
2021,aff,1
2021,afphoto,2
2021,agda,11
2021,agignore,1
2021,ags,2
2021,ahk,3
2021,ai,4
2021,aia,4
2021,aidl,2
2021,aif,5
2021,ail,17
2021,aiml,2
2021,aird,1
2021,aj,21
2021,al,25
2021,alfredworkflow,2
2021,aliases,17
2021,alpine,9
2021,am,10
2021,amigaos,32
2021,amigaos4,31
2021,anim,528
2021,antigenrc,1
2021,apfmapping,4
2021,api,2
2021,apib,1
2021,apk,42
2021,app,4
2021,appcache,1
2021,application,5
2021,appxmanifest,4
2021,appxrecipe,30
2021,aps,5
2021,architect,1
2021,armhf,9
2021,asax,18
2021,asc,4
2021,ascx,3
2021,ase,2
2021,aseprite,7
2021,ashx,1
2021,asl,6
2021,asm,1321
2021,asmdef,20
2021,asmx,2
2021,asp,13
2021,aspx,193
2021,asset,1887
2021,assets,153
2021,asv,28
2021,at,49
2021,atlas,14
2021,atom,1
2021,atr,1
2021,atsln,1
2021,au,62
2021,aup,1
2021,autosave,2
2021,aux,3
2021,avi,1
2021,awk,2
2021,axaml,2
2021,axf,5
2021,b3d,4
2021,babelrc,10
2021,back,1
2021,backup,23
2021,bak,45
2021,bakert,5
2021,baml,45
2021,bas,6
2021,base,6
2021,bash,14
2021,bashrc,67
2021,bat,190
2021,bazel,15
2021,bazelrc,2
2021,bbl,1
2021,bbx,9
2021,bc,44
2021,bcsymbolmap,6
2021,bdf,5
2021,bdy,2
2021,beandefinitionreference,1
2021,beanintrospectionreference,1
2021,bib,21
2021,bin,3593
2021,bit,4
2021,bk,1
2021,blackarch,9
2021,blade,1
2021,blend,18
2021,blend1,3
2021,blg,1
2021,blob,30
2021,blockly,2
2021,blocks,3
2021,blueprint,1
2021,bml,1
2021,bmp,14
2021,bnk,1
2021,bpmn,26
2021,br,224
2021,brd,9
2021,breakpoints,2
2021,brew,5
2021,brewfile,4
2021,brm3,2
2021,browse,1
2021,bsc,1
2021,bsf,2
2021,bsl,41
2021,bson,2
2021,bst,1
2021,build,41
2021,buildbase,1
2021,buildinfo,57
2021,buildpacks,1
2021,buildreport,47
2021,bundle,14
2021,bundles,1
2021,busybox,2
2021,bz2,1
2021,bzl,2
2021,c,7696
2021,c4d,4
2021,ca,2
2021,cabal,71
2021,cache,1762
2021,camkes,13
2021,catkin,1
2021,cbp,97
2021,cbx,3
2021,cc,3374
2021,cci,2
2021,ccls,2
2021,cd,6
2021,cdf,1
2021,cdr,2
2021,cds,4
2021,cento,2
2021,cer,9
2021,cert,1
2021,cf,1
2021,cfe,39
2021,cff,4
2021,cfg,169
2021,cfl,4
2021,cfs,39
2021,cginc,1
2021,checksum,9
2021,chr,3
2021,chromium,23
2021,ci,1
2021,cjs,20
2021,ckpt,18
2021,cl,1
2021,class,4413
2021,classpath,36
2021,client,5
2021,clj,462
2021,cljc,1
2021,cljs,3
2021,cls,74
2021,clsp,25
2021,clvm,13
2021,cmake,508
2021,cmc,2
2021,cmd,17
2021,cmi,10
2021,cms,1
2021,cnf,3
2021,co2,1
2021,codeclonesettings,1
2021,cof,2
2021,collection,10
2021,com,4
2021,component,12
2021,conf,548
2021,config,466
2021,container,19
2021,controller,308
2021,copy,1
2021,coverage,161
2021,coveragerc,7
2021,cpp,5420
2021,cproj,1
2021,cproject,10
2021,cr,2
2021,crdownload,2
2021,crf,170
2021,cron,2
2021,crt,10
2021,cs,13180
2021,csc,3
2021,csd,1
2021,csdl,10
2021,csh,35
2021,cshtml,768
2021,cson,2
2021,csp,4
2021,csproj,1048
2021,csr,1
2021,css,9570
2021,csv,14889
2021,csvr,1
2021,ctl,1
2021,ctrl,1
2021,cu,8
2021,cur,3
2021,curlrc,1
2021,custom,4
2021,cwp,1
2021,cxx,4
2021,d,613
2021,dag,1
2021,dart,4676
2021,das,24
2021,dasflow,31
2021,dashboard,1
2021,dat,315
2021,dat0,1
2021,dat1,1
2021,dat2,1
2021,dat4,1
2021,dat5,1
2021,dat6,1
2021,dat7,1
2021,dat8,1
2021,data,507
2021,datasource,1
2021,db,247
2021,db3,6
2021,dbgconf,1
2021,dblite,14
2021,dccache,4
2021,dcf,11
2021,dconf,7
2021,dcproj,2
2021,dcs,2
2021,dds,231
2021,deb,52
2021,deb10,6
2021,debian,7
2021,debug,8
2021,def,8
2021,default,1
2021,defaults,4
2021,delta,6
2021,demo,1
2021,dep,9
2021,depend,89
2021,dependencies,1
2021,deploy,2
2021,deps,4
2021,der,2
2021,description,2
2021,desktop,4
2021,dev,15
2021,develop,245
2021,developement,1
2021,development,14
2021,dex,166
2021,df,1
2021,dfm,32
2021,dfminstall,2
2021,dia,10
2021,diag,2
2021,diagram,13
2021,diary,3
2021,dict,1
2021,digestcache,1
2021,dill,7
2021,dio,10
2021,dircolors,3
2021,directory,1
2021,dirs,1
2021,dist,12
2021,ditamap,1
2021,dll,2338
2021,dlx,1
2021,dm,33
2021,dmp,1
2021,dmrc,1
2021,do,6
2021,doc,20
2021,docker,2
2021,dockerfile,50
2021,dockerfunctions,1
2021,dockerignore,57
2021,dockertags,11
2021,docm,1
2021,doctree,91
2021,docx,285
2021,dof,1
2021,dot,10
2021,dotsettings,5
2021,dotx,1
2021,download,50
2021,dpf,1
2021,dpl,3
2021,dpr,14
2021,dproj,3
2021,draw,1
2021,drawio,275
2021,drc,1
2021,driveupload,4
2021,drl,1
2021,dsc,95
2021,dsl,1
2021,dsn,16
2021,dsp,8
2021,dsw,6
2021,dsym,2
2021,dtbcache,1
2021,dtd,18
2021,dtx,3
2021,dump,97
2021,dumpstream,1
2021,dvc,17
2021,dwlt,106
2021,dylib,44
2021,dyn,336
2021,ear,5
2021,ebextensions,1
2021,edge,15
2021,edit,1
2021,editor,1
2021,editorconfig,34
2021,edmx,14
2021,edn,11
2021,edps,1
2021,efi,1
2021,efml,1
2021,egg,143
2021,ejemplo,1
2021,ejs,417
2021,el,391
2021,el7,4
2021,elf,54
2021,emacs,93
2021,eml,241
2021,emmx,3
2021,emproject,1
2021,emsession,2
2021,emx,14
2021,enaml,54
2021,enc,53
2021,entitlements,4
2021,env,335
2021,envrc,1
2021,eot,42
2021,episode,1
2021,eps,182
2021,epub,3
2021,erb,3216
2021,erl,19
2021,es,1
2021,eslintcache,246
2021,eslintignore,8
2021,eslintrc,31
2021,esp,8
2021,etag,21
2021,etapas,1
2021,ewd,1
2021,ewp,4
2021,ewt,2
2021,ex,10
2021,example,153
2021,exe,761
2021,exp,9
2021,exports,7
2021,exr,36
2021,exs,2
2021,extension,1
2021,extra,2
2021,f,63
2021,f32,3
2021,f3d,1
2021,f3z,1
2021,f90,46
2021,fa,2
2021,factories,3
2021,factorypath,1
2021,fastq,2
2021,fbs,2
2021,fbx,74
2021,fcstd,3
2021,fcstd1,2
2021,fdata,2
2021,fdt,4
2021,fdx,4
2021,feature,202
2021,fetchmailrc,3
2021,fig,1
2021,file,13
2021,filecache,5
2021,filemtimes,1
2021,filter,10
2021,filters,75
2021,final,11
2021,findone,1
2021,fingerprint,2
2021,firebaserc,28
2021,fish,113
2021,fit,2
2021,fits,1
2021,fixed,4
2021,fizz,10
2021,fla,4
2021,flac,17
2021,flags,4
2021,flake8,10
2021,flaskenv,1
2021,flat,1744
2021,fls,1
2021,flt,1
2021,fmu,10
2021,fmx,7
2021,fna,1
2021,fnl,32
2021,fnm,4
2021,fnt,26
2021,fork,1
2021,form,254
2021,forth,10
2021,fpm,1
2021,fra,2
2021,frag,2
2021,fs,83
2021,fset,2
2021,fset3,2
2021,fsproj,18
2021,fspy,1
2021,fsx,19
2021,ft,1
2021,fth,70
2021,ftl,43
2021,functions,6
2021,fxbuild,3
2021,fxml,149
2021,fzz,12
2021,g,6
2021,gbr,7
2021,gbrjob,1
2021,gcda,4
2021,gch,3
2021,gcloudignore,6
2021,gcno,4
2021,gcode,1
2021,gd,124
2021,gdbinit,1
2021,gemspec,9
2021,gen,1
2021,general,1
2021,geo,29
2021,geojson,10
2021,geom,1
2021,gfx,2
2021,gif,309
2021,gitattributes,19
2021,gitconfig,79
2021,gitiggnore,2
2021,gitignore,1854
2021,gitkeep,2
2021,gitmodules,94
2021,gitnore,1
2021,glb,42
2021,gleam,2
2021,gliffy,10
2021,glsl,610
2021,gltf,18
2021,gml,27
2021,gmx,8
2021,gn,496
2021,gni,182
2021,go,2067
2021,godot,15
2021,gpg,44
2021,gpickle,6
2021,gpr,1
2021,gpu,1
2021,gql,7
2021,gradle,1784
2021,graph,5
2021,graphml,14
2021,graphql,25
2021,graphqls,12
2021,grc,2
2021,grd,125
2021,grdp,72
2021,gresource,1
2021,groovy,110
2021,gs,1
2021,gsp,1
2021,guid,5
2021,gyp,4
2021,gypi,6
2021,gz,1605
2021,h,6262
2021,h2o,1
2021,h5,33
2021,haml,1
2021,handlebars,555
2021,hash,11
2021,hbs,462
2021,hcl,2
2021,hdbtable,9
2021,hdbtabledata,9
2021,hdbview,26
2021,hdr,1
2021,heic,7
2021,hex,26
2021,hgignore,3
2021,hgtags,2
2021,hgtimestamp,22
2021,hh,7
2021,hist,23
2021,history,23
2021,history3,1
2021,hjson,25
2021,hlsl,1
2021,hmap,2
2021,hook,2
2021,hpp,1070
2021,hprof,4
2021,hrl,2
2021,hs,717
2021,hta,1
2021,htaccess,12
2021,htf,1743
2021,htm,197
2021,html,89930
2021,http,15
2021,hwh,4
2021,hx,396
2021,hxml,13
2021,hxx,1
2021,icc,1
2021,icls,7
2021,icns,3
2021,ico,166
2021,icon,1
2021,id,15
2021,idb,66
2021,ide,24
2021,ideavimrc,4
2021,idl,1
2021,idx,10
2021,ignore,1
2021,ilk,67
2021,img,6
2021,iml,250
2021,import,76
2021,in,94
2021,inc,150
2021,include,2
2021,includecache,15
2021,ind,3
2021,index,100
2021,info,728
2021,ini,293
2021,inky,15
2021,inl,10
2021,ino,539
2021,inp,1
2021,inputactions,2
2021,inputrc,3
2021,install,5
2021,intentdefinition,1
2021,interim,2
2021,intermediate,7
2021,internal,16
2021,inv,34
2021,ioc,4
2021,ipa,3
2021,ipch,45
2021,ipk,1
2021,ipynb,1654
2021,ipynbpynb,1
2021,irbrc,1
2021,iset,2
2021,itermcolors,1
2021,itying,1
2021,j,1
2021,j2,1
2021,jade,4
2021,jar,503
2021,jasper,1
2021,java,37999
2021,jbuilder,28
2021,jdl,5
2021,jenkinsfile,1
2021,jenkisfile,1
2021,jfif,56
2021,jh,10
2021,jinja,7
2021,jjhw1,2
2021,jks,13
2021,jl,123
2021,jmx,1
2021,jnlp,1
2021,joblib,3
2021,jou,5
2021,jpeg,4592
2021,jpg,50635
2021,js,46947
2021,js2,1
2021,json,280529
2021,json5,2
2021,jsonl,5
2021,jsonlz4,9
2021,jsonnet,1
2021,jsp,1338
2021,jsx,2445
2021,jta,1
2021,jungle,6
2021,jvm,19
2021,jwk,1
2021,kali,9
2021,kaniko,1
2021,kbx,11
2021,kdb,2
2021,key,44
2021,keys,1
2021,keystore,1
2021,keystream,19
2021,kjb,2
2021,kkk,3
2021,kml,1
2021,kt,7979
2021,ktr,2
2021,kts,91
2021,ktx,2
2021,kv,15
2021,kytos,20
2021,l,2
2021,lang,8
2021,langevin,1
2021,lastbuildstate,14
2021,launch,62
2021,layout,45
2021,lc,2
2021,ld,18
2021,ldb,2
2021,ldf,6
2021,less,473
2021,lf,1
2021,lfm,6
2021,lft,8
2021,lhs,6
2021,lib,29
2021,license,2
2021,lifecyclemapping,8
2021,lighting,5
2021,linf,1
2021,linkfilelist,9
2021,links,1
2021,liquid,4
2021,lisp,10
2021,list,26
2021,little,1
2021,liv,4
2021,lkml,14
2021,ll,6
2021,llvm,1
2021,lmp,2
2021,lnk,19
2021,lnp,3
2021,loc,4
2021,local,12
2021,location,8
2021,lock,7256
2021,log,923
2021,logic,1
2021,logs,1
2021,lpi,5
2021,lpr,3
2021,lps,5
2021,lr,3
2021,lref,13
2021,lsn,21
2021,lss,1
2021,lst,131
2021,lua,1328
2021,lvproj,2
2021,lz4,2
2021,m,503
2021,m3u,12
2021,m3u1,1
2021,m3u8,2
2021,m4,1
2021,m4a,2
2021,ma,1
2021,mac,3
2021,macos,4
2021,mak,1
2021,make,120
2021,mako,1
2021,manifest,15
2021,map,6469
2021,markdown,71
2021,markers,21
2021,mask,5
2021,maslowcreate,1
2021,master,21
2021,mat,843
2021,material,3
2021,mc,52
2021,mca,14
2021,mcmeta,4
2021,mcppi,1
2021,md,26174
2021,md5,1835
2021,mdb,6
2021,mdd,4
2021,mdf,6
2021,mdiman,1
2021,mdj,1
2021,mdo,85
2021,mdx,5
2021,me,4
2021,mem,2
2021,meta,14229
2021,metadata,33
2021,mevs,2
2021,mf,78
2021,mid,1
2021,minikube,1
2021,mixer,6
2021,mjs,705
2021,mk,118
2021,mkv,1
2021,ml,1
2021,mlapp,8
2021,mless,1
2021,mli,1
2021,mlx,4
2021,mm,111
2021,mmap,4
2021,mmd,1
2021,mo,41
2021,mobileprovision,1
2021,mobirise,3
2021,mod,210
2021,model,1
2021,module,21
2021,modulefile,1
2021,modulemap,12
2021,mogrt,3
2021,mojom,62
2021,molecule,2
2021,moon,1
2021,mov,10
2021,mp3,846
2021,mp4,94
2021,mpp,5
2021,ms,3
2021,msav,2
2021,msg,10
2021,msgpack,6
2021,msh,3
2021,msi,79
2021,msl,8
2021,msvc,1
2021,mtl,17
2021,mtx,4
2021,multiarch,3
2021,mwb,6
2021,mwp,1
2021,mxproject,1
2021,mysql,2
2021,n2disk,2
2021,name,49
2021,names,10
2021,nat,1
2021,native,5
2021,nav,1
2021,ncb,7
2021,ncx,2
2021,neg,1
2021,neon,2
2021,net,5
2021,netrwhist,5
2021,nfp,5
2021,nh,1
2021,nib,4
2021,nif,9
2021,nii,2
2021,ninja,23
2021,nix,234
2021,njk,14
2021,njsproj,25
2021,node,17
2021,nodemcutool,1
2021,nojekyll,1
2021,noop,2
2021,npmignore,17
2021,npmrc,3
2021,nprobe,2
2021,npt,2
2021,npy,12
2021,npz,2
2021,ns,9
2021,nscrub,2
2021,nsi,1
2021,nsw,10
2021,ntopng,2
2021,number,1
2021,numbers,2
2021,nupkg,3
2021,nuspec,3
2021,nvd,4
2021,nvl,1
2021,nvm,4
2021,nvt,1
2021,nwb,2
2021,nyd1lq,1
2021,o,2647
2021,obj,4277
2021,odbyroute,1
2021,odp,4
2021,ods,12
2021,odt,18
2021,off,1
2021,off0,1
2021,off1,1
2021,off2,1
2021,ogg,28
2021,ol,3
2021,old,52
2021,olfversion,3
2021,olt,1
2021,onetoc2,4
2021,onnx,2
2021,opdata,1
2021,opendb,1
2021,opf,2
2021,opt,7
2021,ora,1
2021,order,2
2021,org,88
2021,orig,14
2021,original,17
2021,os,3
2021,otf,19
2021,out,157
2021,outjob,1
2021,output,2
2021,overridecontroller,2
2021,ovpn,1
2021,ows,1
2021,p,14
2021,p12,8
2021,p7s,3
2021,pack,59
2021,packages,6
2021,paef,3
2021,pages,1
2021,pal,1
2021,parrot,9
2021,pas,114
2021,password,1
2021,patch,3315
2021,path,6
2021,patt,5
2021,pb,59
2021,pbi,13
2021,pbix,1
2021,pbs,1
2021,pbtxt,1
2021,pbw,1
2021,pbxproj,476
2021,pc,1
2021,pcap,9
2021,pcbdoc,8
2021,pcblib,7
2021,pch,10
2021,pck,232
2021,pcm,195
2021,pdb,1118
2021,pdc,1
2021,pde,166
2021,pdf,3587
2021,pdn,2
2021,pdsbak,23
2021,pdsprj,7
2021,pem,22
2021,pentoo,18
2021,pepk,1
2021,per,6
2021,pfring,2
2021,pfx,9
2021,pgn,16
2021,phar,1
2021,phased,58
2021,php,19906
2021,phpt,5
2021,phtml,57
2021,physicmaterial,9
2021,physicsmaterial2d,8
2021,pickle,76
2021,pig,10
2021,pintool,1
2021,pkb,30
2021,pkg,3
2021,pkl,145
2021,pklz,12
2021,pks,22
2021,pkt,1
2021,pl,4
2021,plantuml,1
2021,playable,9
2021,plg,7
2021,plist,261
2021,ply,2
2021,pm6,238
2021,pma,1
2021,png,46905
2021,po,165
2021,podspec,36
2021,policy,8
2021,pom,1
2021,por,5
2021,pos,5
2021,postinst,1
2021,pot,15
2021,pp,39
2021,pper,21
2021,ppm,1
2021,ppt,1
2021,pptx,106
2021,pref,9
2021,prefab,1785
2021,prefs,48
2021,preset,5
2021,prettierignore,12
2021,prettierrc,14
2021,pri,11
2021,prisma,3
2021,prj,2
2021,prjpcb,15
2021,prjpcbstructure,9
2021,pro,97
2021,processor,2
2021,prod,4
2021,production,9
2021,profile,22
2021,projbuild,4
2021,project,107
2021,projitems,1
2021,prompt,1
2021,properties,1548
2021,props,74
2021,proto,42
2021,protoinst,4
2021,prov,2
2021,prt,1
2021,prw,2
2021,ps1,124
2021,psb,12
2021,psd,73
2021,psm1,1
2021,pt,30
2021,pth,9
2021,pub,8
2021,pubxml,8
2021,pug,139
2021,puml,5
2021,pvr,2
2021,py,32837
2021,pyc,74580
2021,pyd,12
2021,pyde,1
2021,pyf,2
2021,pyi,1
2021,pylintrc,3
2021,pyo,95
2021,pyproj,7
2021,pyw,1
2021,pyx,42
2021,pyz,4
2021,qm,1
2021,qml,147
2021,qrc,36
2021,qsf,2
2021,r,1318
2021,rabl,1
2021,rake,3
2021,raku,1
2021,rakumod,31
2021,rakutest,12
2021,rar,65
2021,rasi,52
2021,razor,35
2021,rb,3622
2021,rbold,1
2021,rbuildignore,10
2021,rc,16
2021,rc2,1
2021,rc4,3
2021,rd,132
2021,rda,12
2021,rdata,187
2021,rdb,40
2021,rdf,3
2021,rds,90
2021,rdx,3
2021,re,375
2021,readme,1
2021,recipe,10
2021,red,8
2021,reds,3
2021,references,1
2021,refresh,1
2021,reg,4
2021,rej,1
2021,release,7
2021,remap,1
2021,rendertexture,3
2021,replit,3
2021,repos,2
2021,repositories,14
2021,req,1
2021,res,19
2021,resfiles,4
2021,resolved,8
2021,resource,33
2021,resources,118
2021,ress,41
2021,rest,19
2021,resx,163
2021,rev,3
2021,rhel7,3
2021,rhel8,6
2021,rhistory,57
2021,rights,10
2021,rkt,30
2021,rlib,74
2021,rmap,8
2021,rmd,294
2021,rmeta,80
2021,rnd,2
2021,robot,15
2021,rosinstall,9
2021,rpm,2
2021,rpp,1
2021,rprofile,1
2021,rpt,208
2021,rptdesign,29
2021,rptlibrary,1
2021,rpz,5
2021,rs,2384
2021,rsc,9
2021,rsm,1
2021,rsp,13
2021,rss,7
2021,rst,366
2021,rtf,55
2021,rtfd,2
2021,ru,1
2021,rules,4
2021,ruleset,1
2021,rustfmt,1
2021,rviz,8
2021,s,38
2021,sample,36
2021,sas,4
2021,sas7bcat,1
2021,sas7bdat,20
2021,sass,147
2021,sav,23
2021,save,106
2021,sbc,1
2021,sbt,34
2021,sc,17
2021,scad,1
2021,scala,49
2021,scc,1
2021,scd,15
2021,sch,22
2021,schdoc,79
2021,schdocpreview,71
2021,schelp,119
2021,scheme,1
2021,schlib,4
2021,scm,2
2021,scpt,1
2021,screenrc,3
2021,script,23
2021,scss,3383
2021,scssc,20
2021,secret,10
2021,selector,1
2021,semgrepignore,1
2021,sequelizerc,6
2021,ser,22
2021,serial,1
2021,server,3
2021,service,15
2021,session,1
2021,set,1
2021,settings,4
2021,sfa,2
2021,sfdisk,1
2021,sh,2054
2021,sha1,2
2021,sha256,3
2021,shada,1
2021,shader,28
2021,shadergraph,2
2021,shadervariants,1
2021,shape,1
2021,shl,1
2021,shx,9
2021,si,43
2021,sig,4
2021,skhdrc,1
2021,sks,3
2021,sl,5
2021,slcp,1
2021,slim,71
2021,sln,376
2021,slps,1
2021,slq,1
2021,slugignore,4
2021,smarttitle,2
2021,smbdeleteaaa98179d1c51a9aec8,1
2021,sml,19
2021,smproj,1
2021,snap,90
2021,snapshot,3
2021,snippets,27
2021,snk,4
2021,snyk,4
2021,so,44
2021,sol,63
2021,sp,1
2021,spacemacs,9
2021,spec,39
2021,speed,1
2021,spl,9
2021,spp,1
2021,springbeans,1
2021,spriteatlas,3
2021,sqbpro,1
2021,sql,927
2021,sqlite,93
2021,sqlite3,221
2021,sqlx,7
2021,src,4
2021,srt,1
2021,ss,72
2021,ssdl,8
2021,ssl,1
2021,sslargefile,2
2021,stackdump,1
2021,staging,2
2021,stamp,26
2021,start,70
2021,stat,4
2021,state,3
2021,stats,2
2021,status,2
2021,stderr,388
2021,step,1
2021,stetic,1
2021,sth,2
2021,stl,18
2021,stop,2
2021,storyboard,141
2021,stowrc,1
2021,stp,1
2021,str1,1
2021,streamlinkrc,1
2021,strings,25
2021,stringsdict,2
2021,stub,2
2021,sty,3
2021,styl,3
2021,stylelintrc,2
2021,su,67
2021,sum,123
2021,suo,292
2021,sv,74
2021,svelte,52
2021,svg,4167
2021,svpp,1
2021,swcrc,1
2021,swf,6
2021,swift,2479
2021,swiftdeps,2
2021,swiftdoc,20
2021,swiftfilelist,1
2021,swiftinterface,16
2021,swiftmodule,30
2021,swiftsourceinfo,24
2021,swo,3
2021,swp,76
2021,sxcu,1
2021,sym1,1
2021,sym2,1
2021,sym3,1
2021,symlink,7
2021,syn,20
2021,syntax,4
2021,t,122
2021,tab,48
2021,table,9
2021,tag,110
2021,talismanrc,1
2021,tar,2
2021,targets,3
2021,tasks,2
2021,tbl,2
2021,tc,3
2021,tcl,165
2021,tclib,6
2021,tcp,1
2021,team,1
2021,temp,1
2021,template,64
2021,terrainlayer,7
2021,test,19
2021,testing,1
2021,testsham,1
2021,tex,1163
2021,text,5
2021,tf,529
2021,tfevents,1
2021,tflite,2
2021,tfvars,18
2021,tga,2217
2021,tgt,1
2021,tgz,16
2021,theme,12
2021,thtml,11
2021,tif,48
2021,tiff,97
2021,tikzstyles,1
2021,tim,4
2021,timer,2
2021,timestamp,2
2021,tip,4
2021,tla,11
2021,tld,9
2021,tlog,323
2021,tmlanguage,1
2021,tmp,48
2021,tmpl,55
2021,toc,18
2021,toml,528
2021,topojson,1
2021,tpl,187
2021,tps,1
2021,tree,6
2021,tres,9
2021,trg,18
2021,trigger,1
2021,trip,3
2021,trx,1
2021,ts,22691
2021,tsbuildinfo,18
2021,tscn,52
2021,tscproj,1
2021,tst,1
2021,tsv,11
2021,tsx,6143
2021,tt,12
2021,ttf,82
2021,turtle,2
2021,twig,307
2021,txt,12466
2021,txtpip,1
2021,typedefs,1
2021,types,1
2021,uasset,953
2021,ubuntu,2
2021,ucfg,105
2021,ucls,6
2021,ufm,1
2021,ui,59
2021,umap,48
2021,umlcd,3
2021,uni,1
2021,unity,1366
2021,unity3d,4
2021,unitypackage,6
2021,unityweb,103
2021,uproject,3
2021,url,5
2021,urxvt,1
2021,use,4
2021,user,59
2021,userprefs,1
2021,users,1
2021,uuid,3
2021,uvoptx,5
2021,uvprojx,4
2021,uxf,4
2021,uxml,2
2021,v,364
2021,v2,60
2021,v8,19
2021,vala,56
2021,validatestring,1
2021,values,1
2021,vb,10
2021,vbproj,4
2021,vbs,18
2021,vcf,1
2021,vcproj,1
2021,vcxproj,152
2021,vdproj,8
2021,version,24
2021,vfl,1
2021,vgm,2
2021,vgmd,1
2021,vgo,4
2021,vh,1
2021,vhd,426
2021,vi,6
2021,view,5
2021,vim,480
2021,viminfo,1
2021,vimrc,160
2021,vlw,2
2021,vm,2
2021,vmap,1
2021,vmoptions,1
2021,vpb,1
2021,vpc,1
2021,vpk,1
2021,vrb,1
2021,vrm,2
2021,vrmanifest,2
2021,vsdx,3
2021,vsix,3
2021,vsixmanifest,4
2021,vstemplate,1
2021,vtt,3
2021,vue,5996
2021,vw,40
2021,w,1
2021,wadl,1
2021,war,20
2021,wasm,32
2021,wav,143
2021,wbt,1
2021,wcfg,4
2021,webapp,1
2021,webloc,15
2021,webm,6
2021,webmanifest,18
2021,webp,265
2021,weld,2
2021,whl,5
2021,wid,5
2021,wiki,1
2021,win,35
2021,wktree,1
2021,wmv,1
2021,woff,102
2021,woff2,78
2021,work,1
2021,workspace,3
2021,wpc,1
2021,wsdl,2
2021,wsdt,2
2021,wt,21
2021,wxml,20
2021,wxs,1
2021,wxss,30
2021,x,3
2021,xaml,324
2021,xbel,1
2021,xbf,62
2021,xbindkeysrc,2
2021,xcactivitylog,1
2021,xcbkptlist,25
2021,xcbuild,9
2021,xcconfig,30
2021,xccurrentversion,5
2021,xcent,1
2021,xcf,30
2021,xcfilelist,14
2021,xci,20
2021,xcl,69
2021,xcscheme,67
2021,xcscmblueprint,2
2021,xctestrun,1
2021,xcuserstate,110
2021,xcworkspacedata,24
2021,xd,5
2021,xdc,1
2021,xdp,76
2021,xhtml,336
2021,xib,20
2021,xinitrc,22
2021,xjb,14
2021,xlf,6
2021,xlogic,9
2021,xls,63
2021,xlsm,132
2021,xlsx,528
2021,xlt,7
2021,xmi,6
2021,xmind,10
2021,xml,23600
2021,xonshrc,3
2021,xorg,1
2021,xpr,5
2021,xprofile,4
2021,xproile,1
2021,xresources,17
2021,xsd,49
2021,xsh,6
2021,xsl,7
2021,xtb,20
2021,xyx,1
2021,xyz,6
2021,y,9
2021,yabairc,1
2021,yaml,6694
2021,yamllint,2
2021,yapf,1
2021,yarnrc,2
2021,yml,11267
2021,yy,45
2021,yyp,2
2021,z01,1
2021,z01jpg,1
2021,z02,1
2021,z03,1
2021,z04,1
2021,z05,1
2021,zig,1
2021,zip,1614
2021,zprofile,10
2021,zsh,89
2021,zshenv,18
2021,zshrc,242
2022,0,51
2022,0000000001,1
2022,0000000004,1
2022,0000000009,1
2022,000001,3
2022,000002,7
2022,000003,3
2022,000004,1
2022,000005,1
2022,000006,1
2022,000007,1
2022,000008,1
2022,000009,1
2022,000010,1
2022,000011,1
2022,000012,1
2022,000013,1
2022,000014,1
2022,000015,1
2022,000016,1
2022,000017,1
2022,000018,1
2022,000019,1
2022,000020,1
2022,000021,1
2022,000022,1
2022,000023,1
2022,000024,1
2022,000025,1
2022,000026,1
2022,000027,1
2022,000028,1
2022,000029,1
2022,000030,1
2022,000031,1
2022,000032,1
2022,000033,1
2022,000034,1
2022,000035,1
2022,000036,1
2022,000037,1
2022,000038,1
2022,000039,1
2022,000040,1
2022,000041,1
2022,000042,1
2022,000043,1
2022,000044,1
2022,000045,1
2022,000046,1
2022,000047,1
2022,000048,1
2022,000049,1
2022,000050,1
2022,000051,1
2022,000052,1
2022,000053,1
2022,000054,1
2022,000055,1
2022,000056,1
2022,000057,1
2022,000058,1
2022,000059,1
2022,000060,1
2022,000061,1
2022,000062,1
2022,000063,1
2022,000064,1
2022,000065,1
2022,000066,1
2022,000067,1
2022,000068,2
2022,09672866041111972,1
2022,1,62
2022,10,6
2022,11,3
2022,12,3
2022,13,3
2022,14,3
2022,15,3
2022,15591,1
2022,16,3
2022,17,3
2022,18,3
2022,18469294536481584,1
2022,19,3
2022,19368,1
2022,2,49
2022,2198157820772828,1
2022,2298642052592,1
2022,24364023296449244,1
2022,28790,2
2022,3,23
2022,3030981861296278,1
2022,3dm,20
2022,4,5
2022,44008,1
2022,4th,15
2022,5,4
2022,5279978875853133,1
2022,6,6
2022,7,4
2022,72312,1
2022,7z,26
2022,8,6
2022,8166780,1
2022,8209515524699345,1
2022,9,7
2022,a,2025
2022,a65,1
2022,aab,27
2022,aar,30
2022,aarch64,26
2022,abap,10
2022,abi,1
2022,ac,3
2022,acds,1
2022,acl,1
2022,adb,3
2022,add,24
2022,adj,1
2022,adjlist,1
2022,administrator,9
2022,ado,1
2022,adoc,44
2022,ads,2
2022,afdesign,2
2022,ahk,8
2022,ai,9
2022,aia,1
2022,aiml,1
2022,aix,1
2022,al4,2
2022,alg,13
2022,ali,1
2022,alias,3
2022,aliases,7
2022,aliasesrc,1
2022,aliasrc,1
2022,alpine,3
2022,am,5
2022,amigaos,15
2022,amigaos4,15
2022,anim,314
2022,apk,266
2022,app,4
2022,application,8
2022,appxmanifest,2
2022,appxrecipe,4
2022,aps,2
2022,arb,3
2022,arcd,2
2022,arci,2
2022,args,2
2022,armhf,23
2022,art,40
2022,as,3
2022,asax,17
2022,asc,7
2022,ascx,17
2022,asd,1
2022,asddls,1
2022,ase,3
2022,aseprite,43
2022,asl,77
2022,asm,222
2022,asmdef,48
2022,asmx,1
2022,asp,15
2022,aspx,277
2022,asset,4081
2022,assets,49
2022,astro,8
2022,at,54
2022,atl,2
2022,atlas,9
2022,att,1
2022,autosave,2
2022,aux,34
2022,avi,5
2022,avif,89
2022,avsc,6
2022,awk,1
2022,aws,3
2022,axf,8
2022,b,1
2022,b00,5
2022,b01,15
2022,b02,6
2022,b03,6
2022,b04,5
2022,b05,7
2022,b06,7
2022,b07,5
2022,b08,2
2022,b09,3
2022,b10,3
2022,b11,1
2022,b12,3
2022,b13,1
2022,b14,2
2022,b15,2
2022,b16,2
2022,b17,2
2022,b19,2
2022,b20,2
2022,b21,1
2022,b22,1
2022,b23,1
2022,b24,1
2022,b25,1
2022,b3d,1
2022,babelrc,14
2022,back,1
2022,backend,1
2022,backup,81
2022,bak,100
2022,bak2,3
2022,bak20221202,1
2022,bal,2
2022,baml,12
2022,bar,1
2022,base,1
2022,baseline,2
2022,bash,50
2022,bashrc,32
2022,basic,1
2022,bat,167
2022,bazel,1
2022,bb,1
2022,bbl,4
2022,bbx,7
2022,bd,2
2022,beddb,2
2022,beforefix,3
2022,bhc,5
2022,bib,119
2022,bicep,89
2022,bin,1039
2022,binary,1
2022,bk,2
2022,blackarch,2
2022,blend,114
2022,blend1,13
2022,blg,11
2022,blob,1
2022,blockhoundintegration,1
2022,blockmap,1
2022,blocks,5
2022,bluej,18
2022,bmp,42
2022,bmpr,10
2022,bnd,3
2022,bnk,3
2022,bpm,1
2022,bpmn,102
2022,br,75
2022,breakpoints,3
2022,brewfile,2
2022,broadcom,1
2022,broken,1
2022,brs,1
2022,bsi,2
2022,bsl,5
2022,bst,4
2022,btl,1
2022,build,7
2022,buildinfo,46
2022,buildreport,5
2022,builtin,47
2022,bundle,7
2022,bvn,1
2022,bytes,2
2022,bz2,2
2022,c,28436
2022,cabal,6
2022,cache,1388
2022,cake,2
2022,car,3
2022,cases,1
2022,catboost,245
2022,catkin,7
2022,cbc,1
2022,cbp,99
2022,cbx,8
2022,cc,9125
2022,cd,4
2022,cddx,1
2022,cds,9
2022,cento,4
2022,centos7,2
2022,cer,1
2022,cf,1
2022,cfb,1
2022,cff,1
2022,cfg,133
2022,cfl,6
2022,cgi,4
2022,cgraph,69
2022,checksum,3
2022,chen,1
2022,chr,3
2022,chromium,321
2022,cif,1
2022,cil,2
2022,cjs,416
2022,ckpt,2
2022,class,4771
2022,classpath,29
2022,cli,1
2022,clib,4
2022,clj,358
2022,cls,212
2022,clsp,25
2022,clvm,1
2022,cma,1
2022,cmake,1980
2022,cmd,9715
2022,cmf,3
2022,cmi,1
2022,cmp,21
2022,cmxa,1
2022,cmxs,1
2022,cnf,9
2022,codekit3,4
2022,collection,20
2022,comdats,12
2022,compiled,1
2022,component,13
2022,conda,1
2022,conf,486
2022,config,12822
2022,container,17
2022,content,4
2022,controller,201
2022,coverage,4
2022,coveragerc,3
2022,cp,67
2022,cpio,2
2022,cpp,5615
2022,cproject,60
2022,cpu,1
2022,cql,1
2022,cr2,1
2022,crdownload,2
2022,crf,294
2022,crt,14
2022,cs,17186
2022,csc,16
2022,csdl,7
2022,csh,23
2022,cshtml,1017
2022,csl,2
2022,cso,2
2022,cson,1
2022,csproj,1218
2022,csr,3
2022,css,13493
2022,csv,40734
2022,ct,1
2022,ctb,1
2022,ctp,2
2022,cu,1
2022,cxp,2
2022,cxx,2
2022,cypher,4
2022,d,4082
2022,dae,4
2022,dag,8
2022,dart,6516
2022,dat,123
2022,data,90
2022,datasource,12
2022,day05,1
2022,db,241
2022,db3,3
2022,dbg,1
2022,dblite,3
2022,dblwr,10
2022,dccache,3
2022,dcf,54
2022,dconf,6
2022,dcproj,5
2022,dcs,1
2022,dds,14
2022,deb,50
2022,debian,8
2022,debug,4
2022,def,4
2022,default,1
2022,defaultbak,1
2022,defaults,3
2022,delta,33
2022,dep,12
2022,depend,79
2022,dependencies,1
2022,depren,1
2022,deps,1
2022,der,7
2022,desktop,4
2022,dev,34
2022,devcontainer,3
2022,develop,457
2022,development,17
2022,devirt,60
2022,dex,365
2022,dfm,10
2022,dfu,1
2022,dia,51
2022,diagram,15
2022,diary,2
2022,diff,1
2022,dig,1
2022,digest,2
2022,digestcache,7
2022,dill,16
2022,dio,2
2022,dirs,2
2022,disabled,22
2022,disk,1
2022,dist,17
2022,ditaa,1
2022,dll,2231
2022,dm,2
2022,dmanifest,2
2022,dmd,1
2022,dmn,5
2022,dmp,33
2022,dnd,24
2022,do,2
2022,doc,21
2022,docker,1
2022,dockerfile,92
2022,dockerignore,52
2022,doctree,60
2022,docx,334
2022,domains,1
2022,dot,11
2022,dotsettings,2
2022,download,1
2022,doxyfile,1
2022,dpr,2
2022,dproj,3
2022,drawio,158
2022,drc,1
2022,dsc,47
2022,dsidx,1
2022,dsn,23
2022,dss,18
2022,dtb,5
2022,dtbo,1
2022,dtd,3
2022,dts,7
2022,dtx,2
2022,dump,129
2022,dwl,16
2022,dwlt,110
2022,dxf,2
2022,dylib,13
2022,dyn,38
2022,dynamic,1
2022,dz,1
2022,e178792,1
2022,e178793,1
2022,e178794,1
2022,e178795,1
2022,e178797,1
2022,e178798,1
2022,e178799,1
2022,e178800,1
2022,e178801,1
2022,e178802,1
2022,e178803,1
2022,e178804,1
2022,e178805,1
2022,e178806,1
2022,ebirdy,1
2022,ecb,4
2022,edf,2
2022,edge,27
2022,editorconfig,151
2022,edmx,17
2022,edn,51
2022,efi,10
2022,egg,4
2022,ejs,1076
2022,el,280
2022,elc,9
2022,elf,97
2022,emacs,23
2022,eml,3
2022,emmx,1
2022,enaml,11
2022,enc,41
2022,entitlements,5
2022,env,374
2022,env1,1
2022,envrc,6
2022,eot,46
2022,eps,4
2022,epub,12
2022,erb,1423
2022,err,4
2022,error,12
2022,es,1
2022,eslintcache,111
2022,eslintignore,15
2022,eslintrc,14
2022,esp32,1
2022,esp32dev,2
2022,esp8266webserver,1
2022,esproj,2
2022,evim,6
2022,evt,2
2022,ex,50
2022,example,141
2022,exb,1
2022,exe,642
2022,exp,19
2022,exports,3
2022,exr,43
2022,exs,17
2022,extra,4
2022,ezmeshasset,1
2022,f,12
2022,f3d,3
2022,f90,698
2022,f9b79cc,1
2022,factories,2
2022,fandoghignore,1
2022,fasta,141
2022,fbx,191
2022,fd,1
2022,feature,139
2022,fetchmailrc,1
2022,fig,3
2022,figlist,1
2022,file,4
2022,filecache,9
2022,files,1
2022,filter,16
2022,filters,109
2022,fingerprint,1
2022,firebaserc,16
2022,fish,167
2022,flac,9
2022,flag,3
2022,flags,8
2022,flake8,19
2022,flaskenv,2
2022,flat,2303
2022,flow,61
2022,fna,2
2022,fnl,579
2022,fnsummary,58
2022,fodt,4
2022,font,18
2022,form,155
2022,frag,2
2022,frm,104
2022,frtx,1
2022,fs,250
2022,fsproj,23
2022,fsx,2
2022,fth,86
2022,ftl,9
2022,functions,4
2022,fxml,148
2022,fzz,5
2022,g,3
2022,g1t,31
2022,g4,9
2022,gb,1
2022,gcc,1
2022,gch,162
2022,gcode,1
2022,gd,329
2022,gdc,14
2022,gdshader,2
2022,gemspec,47
2022,gen,25
2022,geo,15
2022,geojson,12
2022,gff,1
2022,gif,468
2022,gitallowed,1
2022,gitattributes,34
2022,gitconfig,57
2022,github,1
2022,gitignore,1926
2022,gitkeep,1
2022,gitmodules,85
2022,gitrepo,32
2022,glb,19
2022,glbl,2
2022,glsl,19
2022,gltf,149
2022,gmi,4
2022,gml,55
2022,gn,747
2022,gni,125
2022,go,2290
2022,godot,26
2022,gohtml,2
2022,gov,1
2022,gpg,40
2022,gpkg,1
2022,gpr,1
2022,gpx,1
2022,gql,7
2022,graalvm,1
2022,gradle,1392
2022,graph,4
2022,graphql,22
2022,graphqlconfig,1
2022,grc,4
2022,grd,72
2022,grdp,147
2022,groovy,266
2022,gson,2
2022,gsp,24
2022,gui,17
2022,guid,20
2022,gyp,16
2022,gypi,16
2022,gyre,2
2022,gz,6239
2022,h,10416
2022,h5,12
2022,h5p,1
2022,h90,1
2022,handlebars,429
2022,har,3
2022,hash,7
2022,hbs,134
2022,hcl,105
2022,hdbindex,1
2022,hdbtable,1
2022,hdf5,8
2022,heex,1
2022,heic,6
2022,hex,15
2022,hh,10
2022,hint,1
2022,hintrc,1
2022,hist,1
2022,history,4
2022,hjson,6
2022,hlsl,1
2022,hmap,6
2022,hmm,373
2022,hmtl,1
2022,hnml,2
2022,hp,1
2022,hpp,479
2022,hs,138
2022,htaccess,30
2022,htf,203
2022,htm,2569
2022,html,226863
2022,htmly,1
2022,http,49
2022,hx,76
2022,hxml,2
2022,i,7
2022,i3,1
2022,i3status,1
2022,iam,2
2022,ibd,31
2022,ibt,50
2022,icf,56
2022,icloud,3
2022,icls,441
2022,icns,1
2022,ico,246
2022,id,27
2022,idb,34
2022,ide,19
2022,idea,1
2022,identifier,7
2022,idl,2
2022,idsig,1
2022,idx,31
2022,ignore,1
2022,ijm,1
2022,ilg,1
2022,ilk,32
2022,img,237
2022,iml,450
2022,import,1261
2022,in,98
2022,inc,34
2022,include,19
2022,includecache,103
2022,ind,1
2022,index,79
2022,inetloc,1
2022,info,123
2022,ini,1331
2022,init,10
2022,inl,1
2022,inline,67
2022,ino,665
2022,inputactions,14
2022,inputrc,8
2022,install,2
2022,intentdefinition,2
2022,interim,4
2022,intermediate,3
2022,internal,147
2022,interp,7
2022,inv,16
2022,ioc,13
2022,ipch,93
2022,ipt,12
2022,ipynb,2122
2022,iso,2
2022,iss,4
2022,ist,2
2022,item,7
2022,j2,7
2022,jade,1
2022,jags,15
2022,jam,2
2022,jar,404
2022,jason,3
2022,java,36939
2022,javasnippet,10
2022,jbuilder,8
2022,jenkinsfile,17
2022,jfif,91
2022,jh,1
2022,jinja,68
2022,jinja2,1
2022,jj,4
2022,jks,8
2022,jl,65
2022,jnlp,1
2022,joblib,40
2022,jou,22
2022,jpeg,5176
2022,jpg,29302
2022,jrxml,1
2022,js,53129
2022,jshintrc,1
2022,json,263017
2022,json5,16
2022,jsonc,2
2022,jsonp,2
2022,jsp,1871
2022,jspf,12
2022,jsx,5382
2022,jucer,3
2022,jvm,2
2022,jwk,2
2022,jww,3
2022,k8s,1
2022,kali,3
2022,kbx,1
2022,ket,2
2022,key,40
2022,keystore,6
2022,keystream,50
2022,kml,4
2022,kra,11
2022,kt,9515
2022,kts,316
2022,kubernetes,1
2022,kv,64
2022,kytos,27
2022,l,4
2022,la,2
2022,lang,13
2022,language,1
2022,last,1
2022,lastbuildstate,34
2022,latex,2
2022,latexcfg,2
2022,latexmkrc,1
2022,launch,41
2022,layered,1
2022,layout,52
2022,lco,4
2022,ld,41
2022,ldb,2
2022,ldf,25
2022,lds,1
2022,less,226
2022,lfm,1
2022,lib,29
2022,lifecyclemapping,4
2022,lightgbm,265
2022,lighting,9
2022,linear,19
2022,linkfilelist,10
2022,liquid,318
2022,list,40
2022,listing,21
2022,lkml,1
2022,llvm,1
2022,lmp,2
2022,lnk,32
2022,lnp,5
2022,loc,10
2022,local,17
2022,location,6
2022,lock,7019
2022,lockb,4
2022,log,32602
2022,lottie,6
2022,lpi,1
2022,lprof,4
2022,lps,2
2022,lref,4
2022,lrs,1
2022,lst,141
2022,lua,1405
2022,luau,83
2022,lwo,1
2022,lws,2
2022,lycheeignore,2
2022,lyx,4
2022,lz4,35
2022,lzma,1
2022,m,1333
2022,m3,1
2022,m3u8,5
2022,m4a,4
2022,m51,1
2022,mac,8
2022,macos,10
2022,make,639
2022,makefile,1
2022,manifest,76
2022,map,8535
2022,markdown,24
2022,markers,5
2022,mas2j,7
2022,mask,11
2022,master,68
2022,mat,880
2022,maven,1
2022,mbn,213
2022,mc,2
2022,mca,62
2022,mccd,1
2022,mcmeta,6
2022,md,40556
2022,md5,655
2022,mdb,15
2022,mdf,26
2022,mdj,8
2022,mdlrc,1
2022,mdo,13
2022,mdp,1
2022,mdt,15
2022,mdv,1
2022,mdx,31
2022,me,3
2022,mem,1
2022,message,1
2022,meta,14076
2022,metadata,85
2022,mex,1
2022,mexw64,2
2022,mf,45
2022,mgcb,3
2022,mgcontent,19
2022,mgstats,7
2022,mhtml,1
2022,mib,1
2022,mine,1
2022,minttyrc,1
2022,mixer,5
2022,mjs,3503
2022,mk,69
2022,mkv,2
2022,ml,6
2022,mld,1
2022,mli,2
2022,mll,1
2022,mly,1
2022,mm,164
2022,mo,48
2022,mobileprovision,1
2022,moc,3
2022,mod,256
2022,module,9
2022,modulemap,21
2022,modules,3
2022,mojom,40
2022,molecule,1
2022,mov,4
2022,mp3,1156
2022,mp4,216
2022,mpp,3
2022,msav,1
2022,msc,1
2022,msch,2
2022,msg,13
2022,msh,15
2022,msi,12
2022,msjd,3513
2022,msl,7
2022,msvc,3
2022,mtar,4
2022,mtl,2
2022,mtree,2
2022,mustache,11
2022,mut,1
2022,mwb,12
2022,mxproject,7
2022,myapp,1
2022,myd,3
2022,myi,11
2022,mysql,1
2022,n2disk,4
2022,nam,3
2022,name,42
2022,names,2
2022,nas,2
2022,native,2
2022,nav,4
2022,naverc,1
2022,nb,1
2022,nb3,1
2022,nbakmysql,1
2022,nbt,1
2022,nc,3
2022,ned,1
2022,neon,6
2022,net,7
2022,netrwhist,5
2022,nf,6
2022,nh,1
2022,ninja,88
2022,nix,412
2022,nja,2
2022,njk,87
2022,njsproj,2
2022,nk,2
2022,nlogo,1
2022,node,39
2022,nojekyll,1
2022,npmignore,9
2022,npmrc,2
2022,nprobe,3
2022,npy,38
2022,nscrub,4
2022,nse,1
2022,ntopng,5
2022,nu,1
2022,num,1
2022,numbers,1
2022,nuspec,1
2022,o,7525
2022,o178792,1
2022,o178793,1
2022,o178794,1
2022,o178795,1
2022,o178796,1
2022,o178797,1
2022,o178798,1
2022,o178799,1
2022,o178801,1
2022,o178802,1
2022,o178803,1
2022,o178804,1
2022,o178805,1
2022,oat,40
2022,obj,17194
2022,obsolete,1
2022,odex,123
2022,odoc,1
2022,odocl,2
2022,odp,5
2022,ods,18
2022,odt,11
2022,ofb,1
2022,ogg,78
2022,oggstr,68
2022,ogv,1
2022,old,66
2022,onetoc2,1
2022,onnx,57
2022,opendb,1
2022,opt,2
2022,ora,1
2022,orchest,1
2022,org,35
2022,orig,25
2022,original,15
2022,otf,14
2022,ou,96
2022,out,318
2022,outjob,2
2022,output,3
2022,outputdata,6
2022,p,4
2022,p12,11
2022,p4,1
2022,p7m,2
2022,pack,608
2022,packages,29
2022,packer,1
2022,page,34
2022,pageflow,1
2022,pages,3
2022,parrot,10
2022,pas,14
2022,password,1
2022,patch,200
2022,path,2
2022,patt,3
2022,paymentfactor,2
2022,pb,24
2022,pbf,14658
2022,pbix,1
2022,pbxproj,454
2022,pc,22
2022,pcap,7
2022,pcapng,1
2022,pcbdoc,3
2022,pch,5
2022,pck,51
2022,pcm,453
2022,pcss,1
2022,pdb,1054
2022,pde,26
2022,pdf,2761
2022,pdsbak,2
2022,pdsc,2
2022,pdsprj,2
2022,pem,99
2022,pentoo,5
2022,pepk,1
2022,per,18
2022,pfring,4
2022,pfx,4
2022,pgn,9
2022,pgsql,2
2022,phar,2
2022,php,20450
2022,phtml,28
2022,physicmaterial,3
2022,physicsmaterial2d,2
2022,pickle,64
2022,pid,6
2022,pidx,2
2022,pkb,29
2022,pkg,14
2022,pkginfo,2
2022,pkl,388
2022,pks,4
2022,pkt,13
2022,pl,3
2022,plan,1
2022,playable,2
2022,plist,333
2022,pls,1
2022,plt,14
2022,plugin,7
2022,ply,1
2022,pm6,94
2022,pmml,1
2022,png,41865
2022,png1,1
2022,png1666287362png,1
2022,po,1382
2022,podspec,26
2022,pom,3
2022,postcss,2
2022,pot,494
2022,pp,35
2022,pper,42
2022,ppsx,1
2022,ppt,1
2022,pptx,111
2022,ppu,1
2022,pref,4
2022,prefab,1312
2022,prefs,36
2022,prettierignore,14
2022,prettierrc,23
2022,prg,1
2022,pri,5
2022,primeryml,1
2022,prisma,74
2022,prj,4
2022,prjpcb,2
2022,prjpcbstructure,2
2022,pro,41
2022,probe,4
2022,processor,2
2022,procfile,1
2022,prod,10
2022,production,9
2022,profile,21
2022,projbuild,8
2022,project,144
2022,projectc,1
2022,prompt,2
2022,properties,2143
2022,propiedades,1
2022,props,98
2022,proto,77
2022,ps,1
2022,ps1,71
2022,psb,10
2022,psd,82
2022,psf,2
2022,pt,15
2022,ptau,5
2022,pth,29
2022,ptr,2
2022,ptx,2
2022,pub,34
2022,pubxml,7
2022,pug,334
2022,puml,148
2022,pxi,1
2022,py,32569
2022,pyc,90389
2022,pyd,29
2022,pyde,7
2022,pylintrc,4
2022,pyproj,2
2022,pyt,2
2022,pyw,3
2022,pywal,1
2022,pyx,2
2022,pyz,11
2022,qa,3
2022,qdb,1
2022,qjob,49
2022,qm,13
2022,qmd,621
2022,qml,47
2022,qrc,8
2022,qsf,3
2022,qsys,1
2022,qxrewrite,33
2022,r,1122
2022,r7774,1
2022,r7826,1
2022,rake,3
2022,rakumod,60
2022,rakutest,8
2022,raml,6
2022,rapt,1
2022,rar,102
2022,rasi,18
2022,raw,1
2022,razor,284
2022,rb,2736
2022,rbuildignore,5
2022,rbxlx,11
2022,rc,102
2022,rc4,1
2022,rd,77
2022,rda,4
2022,rdata,189
2022,rdb,31
2022,rdf,93
2022,rdoc,1
2022,rds,67
2022,rdx,27
2022,readthedocs,7
2022,recipe,30
2022,red,2
2022,reduced,1
2022,references,1
2022,rej,4
2022,rel,40
2022,release,4
2022,releaserc,2
2022,remap,12
2022,removed,1
2022,replace,2
2022,replit,4
2022,repositories,10
2022,res,3
2022,resolved,9
2022,resource,8
2022,resources,48
2022,ress,22
2022,rest,189
2022,results,1
2022,resx,158
2022,rev,1
2022,rhistory,125
2022,risk,1
2022,rlib,29
2022,rmarkdown,3
2022,rmd,192
2022,rmeta,60
2022,rnd,3
2022,robot,8
2022,rockspec,2
2022,root,3
2022,rosinstall,12
2022,rpgle,2
2022,rpr,2
2022,rprofile,1
2022,rproj,2
2022,rptdesign,3
2022,rs,3637
2022,rsa,7
2022,rsp,657
2022,rst,398
2022,rtf,28
2022,ru,1
2022,rules,4
2022,ruleset,1
2022,rviz,48
2022,s,151
2022,sa,1
2022,sample,70
2022,sas,7
2022,sass,140
2022,sav,5
2022,save,27
2022,sbatch,1
2022,sbml,1
2022,sbss,2
2022,sbt,1
2022,sc,86
2022,scad,1
2022,scala,42
2022,scan,3
2022,scd,1
2022,sce,8
2022,scenetemplate,3
2022,scenewithbuildsettings,1
2022,scf,1
2022,sch,2
2022,schdoc,5
2022,schdocpreview,1
2022,schelp,55
2022,schem,3
2022,schema,3
2022,schlib,1
2022,scm,14
2022,scratch,1
2022,scrbl,125
2022,screenshot,5
2022,script,48
2022,scss,4411
2022,sct,2
2022,scy,40
2022,sdf,3
2022,sdi,336
2022,secure,1
2022,sequealizerc,1
2022,sequelizerc,10
2022,ser,30
2022,service,13
2022,settings,15
2022,sexp,1
2022,sfk,3
2022,sh,2594
2022,sha1,9
2022,sha256tree,1
2022,sha512,2
2022,sha512sum,7
2022,shader,4
2022,shadergraph,16
2022,shadersubgraph,1
2022,shl,3
2022,shp,1
2022,side,5
2022,sig,8
2022,sitemap,2
2022,sketch,2
2022,skp,2
2022,slim,143
2022,sln,485
2022,slugignore,1
2022,slurm,1
2022,slx,8
2022,slxc,6
2022,snap,54
2022,snapshot,83
2022,snippet,58
2022,snippets,15
2022,snm,2
2022,snyk,1
2022,so,414
2022,sol,203
2022,spacemacs,3
2022,spec,31
2022,spl,24
2022,springbeans,1
2022,springwebflow,1
2022,spriteatlas,1
2022,spv,1
2022,sq,14
2022,sqbpro,2
2022,sql,1290
2022,sqlite,152
2022,sqlite3,335
2022,src,2
2022,srl,1
2022,ss,101
2022,ssdl,6
2022,ssh,1
2022,ssl,2
2022,sso,1
2022,sst,9
2022,stackdump,14
2022,staging,4
2022,stalonetrayrc,2
2022,stamp,23
2022,stan,7
2022,start,21
2022,stat,56
2022,state,9
2022,status,1
2022,stc,1
2022,stderr,327
2022,step,20
2022,stex,48
2022,stl,9
2022,storyboard,146
2022,stp,3
2022,stresstest,9
2022,strings,641
2022,stt,1
2022,stub,6
2022,studio,1
2022,sty,3
2022,styl,4
2022,stylelintrc,1
2022,su,65
2022,sum,141
2022,suo,369
2022,supp,1
2022,sv,16
2022,svelte,341
2022,svg,2333
2022,svx,1
2022,swa,1
2022,swb,1
2022,swbn,1
2022,swc,1
2022,swd,1
2022,swe,3
2022,swf,4
2022,swg,5
2022,swh,6
2022,swi,8
2022,swift,1648
2022,swiftdeps,3
2022,swiftdoc,16
2022,swiftfilelist,1
2022,swiftinterface,15
2022,swiftmodule,2
2022,swiftsourceinfo,3
2022,swig,3
2022,swj,10
2022,swk,15
2022,swl,20
2022,swm,29
2022,swn,90
2022,swo,328
2022,swp,1501
2022,sym,29
2022,symlink,38
2022,symvers,2
2022,syntax,3
2022,sys,1
2022,t,97
2022,tab,35
2022,tag,5
2022,talismanrc,3
2022,taprc,1
2022,tar,6
2022,target,2
2022,targetclone,7
2022,targets,2
2022,tc,21
2022,tcl,4
2022,temp,3
2022,template,83
2022,templates,1
2022,terrainlayer,2
2022,test,13
2022,testing,3
2022,testlog,1
2022,tex,829
2022,text,11
2022,tf,771
2022,tfevents,2
2022,tflite,8
2022,tfplan,11
2022,tfstate,105
2022,tfvars,62
2022,tgz,17
2022,thanos,1
2022,theme,3
2022,thtml,25
2022,tif,60
2022,tiff,6
2022,timeindex,22
2022,tinygps,1
2022,tlog,186
2022,tmlanguage,1
2022,tmp,33
2022,tmpl,21
2022,tmtheme,10
2022,tmx,1
2022,toc,54
2022,tokens,6
2022,toml,990
2022,torrent,1
2022,touchgfx,1
2022,tpl,521
2022,tr,3
2022,traceevents,14
2022,tre,2
2022,tree,7
2022,tres,34
2022,trg,6
2022,trigger,25
2022,ts,26788
2022,tsbuildinfo,30
2022,tscn,265
2022,tst,3
2022,tsv,32
2022,tsx,8138
2022,tt,4
2022,tte,1
2022,ttf,47
2022,turtle,4
2022,twb,1
2022,twig,197
2022,twitch,1
2022,tx,2
2022,txt,19334
2022,typescript,1
2022,uasset,3557
2022,ubu64,1
2022,ubuntu,1
2022,ui,59
2022,umap,192
2022,unit,18
2022,unity,1001
2022,unity3d,1
2022,unitypackage,19
2022,unityweb,56
2022,uproject,18
2022,upx,2
2022,urdf,2
2022,url,11
2022,usdz,5
2022,use,1
2022,user,67
2022,uuid,1
2022,uvoptx,9
2022,uvprojx,9
2022,uxml,3
2022,v,4
2022,v1,23
2022,v2,119
2022,vala,6
2022,values,3
2022,vash,57
2022,vb,247
2022,vbproj,27
2022,vcproj,1
2022,vcxproj,164
2022,vdex,7
2022,vdproj,6
2022,veg,1
2022,version,9
2022,vesta,1
2022,vfl,1
2022,vfx,8
2022,vgo,5
2022,vh,1
2022,vhd,14
2022,vim,369
2022,vimrc,51
2022,visibility,67
2022,vlw,1
2022,vns,1
2022,vox,9
2022,vs,4
2022,vsdx,4
2022,vsidx,214
2022,vsix,1
2022,vsixmanifest,6
2022,vtf,3
2022,vtk,1
2022,vtt,2
2022,vue,4627
2022,war,8
2022,wasm,17
2022,wav,3388
2022,wayland,1
2022,wbk,1
2022,wdl,11
2022,web,29809
2022,webm,7
2022,webmanifest,12
2022,webp,8942
2022,whitesource,13
2022,whl,12
2022,wid,7
2022,wiki,2
2022,win,20
2022,wmv,1
2022,woff,90
2022,woff2,76
2022,words,1
2022,work,2
2022,working,1
2022,workspace,3
2022,wrl,1
2022,wsdl,6
2022,wsgi,2
2022,wsuo,5
2022,wt,46
2022,www,6
2022,wxml,15
2022,wxss,13
2022,xaml,304
2022,xbf,19
2022,xbindkeysrc,1
2022,xcactivitylog,2
2022,xcbkptlist,18
2022,xcbuild,6
2022,xcconfig,90
2022,xcf,20
2022,xcfilelist,14
2022,xcodeproj,2
2022,xcprivacy,1
2022,xcscheme,111
2022,xctestplan,1
2022,xctestrun,1
2022,xcuserstate,49
2022,xcworkspacedata,19
2022,xdc,1
2022,xdefaults,1
2022,xgboost,193
2022,xhtml,334
2022,xib,30
2022,xinitrc,11
2022,xjb,1
2022,xld,4
2022,xlf,1
2022,xls,43
2022,xlsm,105
2022,xlsx,554
2022,xltx,1
2022,xmi,35
2022,xmind,4
2022,xml,19318
2022,xmodmap,2
2022,xmp,1
2022,xnb,6
2022,xonshrc,1
2022,xprofile,1
2022,xresources,6
2022,xsd,133
2022,xsh,2
2022,xslt,6
2022,xtb,1815
2022,xz,1
2022,y,2
2022,yabairc,2
2022,yamal,1
2022,yaml,5257
2022,yaml1,1
2022,yml,10889
2022,yuck,4
2022,yxmd,1
2022,yy,87
2022,yyp,11
2022,z,6
2022,z01,6
2022,z02,6
2022,z03,6
2022,z04,5
2022,z05,4
2022,z06,4
2022,z07,4
2022,z08,4
2022,z09,4
2022,z10,4
2022,z11,4
2022,z12,3
2022,z13,3
2022,z14,3
2022,z15,2
2022,z16,1
2022,z17,1
2022,z18,1
2022,z19,1
2022,z20,1
2022,z21,1
2022,z22,1
2022,z23,1
2022,z24,1
2022,z25,1
2022,z26,1
2022,z27,1
2022,z28,1
2022,z29,1
2022,z30,1
2022,z31,1
2022,z32,1
2022,z33,1
2022,z34,1
2022,z64,1
2022,zattrs,1
2022,zig,30
2022,zip,924
2022,zipz,1
2022,zkey,5
2022,zmetadata,2
2022,zprofile,5
2022,zsh,45
2022,zshenv,4
2022,zshrc,159
2022,zst,4
2023,0,109
2023,0000000001,3
2023,0000000002,2
2023,0000000007,1
2023,0000000023,3
2023,00000001,1
2023,000001,4
2023,000002,5
2023,000003,4
2023,000004,4
2023,000005,3
2023,000006,3
2023,000007,2
2023,000008,3
2023,000009,2
2023,000010,1
2023,000011,1
2023,000012,1
2023,00080,25
2023,001,1
2023,002,1
2023,003,1
2023,004,1
2023,00443,10
2023,005,1
2023,006,1
2023,007,1
2023,008,1
2023,009,1
2023,010,1
2023,011,1
2023,012,1
2023,013,1
2023,014,1
2023,015,1
2023,016,1
2023,017,1
2023,018,1
2023,019,1
2023,020,1
2023,021,1
2023,022,1
2023,023,1
2023,024,1
2023,025,1
2023,026,1
2023,027,1
2023,028,1
2023,029,1
2023,03,1
2023,030,1
2023,031,1
2023,032,1
2023,033,1
2023,034,1
2023,035,1
2023,036,1
2023,037,1
2023,038,1
2023,039,1
2023,04,1
2023,040,1
2023,041,1
2023,042,1
2023,043,1
2023,044,1
2023,045,1
2023,046,1
2023,047,1
2023,048,1
2023,049,1
2023,050,1
2023,051,1
2023,052,1
2023,053,1
2023,054,1
2023,055,1
2023,056,1
2023,057,1
2023,058,1
2023,059,1
2023,060,1
2023,061,1
2023,062,1
2023,063,1
2023,064,1
2023,065,1
2023,066,1
2023,067,1
2023,068,1
2023,069,1
2023,070,1
2023,071,1
2023,072,1
2023,073,1
2023,074,1
2023,075,1
2023,076,1
2023,077,1
2023,078,1
2023,079,1
2023,080,1
2023,081,1
2023,082,1
2023,083,1
2023,084,1
2023,085,1
2023,086,1
2023,087,1
2023,088,1
2023,089,1
2023,08db71b,1
2023,090,1
2023,091,1
2023,092,1
2023,093,1
2023,094,1
2023,095,1
2023,096,1
2023,097,1
2023,098,1
2023,099,1
2023,1,63
2023,10,11
2023,100,1
2023,101,1
2023,102,1
2023,103,1
2023,104,1
2023,105,1
2023,106,1
2023,107,1
2023,108,1
2023,11,3
2023,1288,1
2023,1586,1
2023,1682893804956553,1
2023,1682893804967560,1
2023,1682893807805408,1
2023,1682893807816073,1
2023,1682893808014830,1
2023,1682893808026628,1
2023,1682893810840686,1
2023,1682893810850718,1
2023,1682893811127061,1
2023,1682893811138966,1
2023,1682893813881746,1
2023,1682893813891991,1
2023,1682893814194610,1
2023,1682893814206318,1
2023,1682893816919104,1
2023,1682893816930479,1
2023,1682893817262813,1
2023,1682893817284012,1
2023,1682894677766326,1
2023,1682895347130621,1
2023,1682895351190965,1
2023,1682895352576050,1
2023,1682895355441711,1
2023,1682895355460197,1
2023,1682895355916983,1
2023,1682895355934972,1
2023,1682895356399457,1
2023,1682895358996695,1
2023,1682895359034888,1
2023,1682895359394205,1
2023,1682895359400029,1
2023,1682895359453399,1
2023,1682895362088047,1
2023,1682895362094283,1
2023,1682895362501091,1
2023,1682895363117434,1
2023,1682895363123284,1
2023,1682895478495654,1
2023,1705,1
2023,1720,1
2023,1901,1
2023,1916,1
2023,1931,1
2023,1946,1
2023,1d,185
2023,2,89
2023,2023,1
2023,2062994241968,1
2023,2txt,1
2023,3,1
2023,3009,1
2023,3610,1
2023,3637352,1
2023,3c5403c,1
2023,4,1
2023,418,1
2023,6,1
2023,64bit,2
2023,65192,1
2023,65194,1
2023,65197,1
2023,65198,1
2023,65199,1
2023,65201,1
2023,65202,1
2023,65203,1
2023,65205,1
2023,65206,1
2023,65207,1
2023,65208,1
2023,65209,1
2023,65211,1
2023,65212,1
2023,65213,1
2023,65214,1
2023,65215,1
2023,65216,1
2023,65217,1
2023,65218,1
2023,65219,1
2023,65220,1
2023,65221,1
2023,65224,1
2023,65225,1
2023,65228,1
2023,65229,1
2023,65232,1
2023,65234,1
2023,65235,1
2023,65241,1
2023,65242,1
2023,65246,1
2023,65247,1
2023,65248,1
2023,65249,1
2023,65251,1
2023,65252,1
2023,65254,1
2023,65255,1
2023,661,1
2023,7,1
2023,7z,5
2023,8,4
2023,9,5
2023,9133,1
2023,91f39af,1
2023,9724,1
2023,a,1833
2023,aab,2
2023,aar,21
2023,aarch64,11
2023,abap,7
2023,abi,2
2023,ac,1
2023,acdb,7
2023,add,13
2023,administrator,27
2023,adoc,50
2023,aem3,1
2023,agal,40
2023,ahk,14
2023,ai,3
2023,aia,1
2023,aiml,1
2023,aix,1
2023,al,1
2023,algo,1
2023,aliases,17
2023,aliasesrc,7
2023,alpine,1
2023,ami,8
2023,amigaos,6
2023,amigaos4,6
2023,ammdb,3
2023,anim,627
2023,antiafk,4
2023,aof,1
2023,apk,127
2023,app,1
2023,appignore,1
2023,appxmanifest,7
2023,appxrecipe,199
2023,aps,30
2023,arb,23
2023,archer,1
2023,architect,7
2023,args,44
2023,arm,1
2023,armhf,13
2023,art,28
2023,as,40
2023,asax,8
2023,asc,15
2023,asciidoc,11
2023,ascx,2
2023,asd,1
2023,ase,26
2023,aseprite,74
2023,asm,137
2023,asmdef,46
2023,asmref,1
2023,asp,117
2023,aspx,124
2023,asset,6328
2023,assets,28
2023,assinatura,16
2023,asta,4
2023,astro,159
2023,asv,3
2023,autosave,1
2023,aux,5
2023,avi,4
2023,avif,73
2023,avsc,9
2023,axf,3
2023,b00,5
2023,b01,8
2023,b02,6
2023,b03,4
2023,b04,4
2023,b05,3
2023,b06,1
2023,b08,1
2023,b09,1
2023,b10,1
2023,b11,1
2023,b12,1
2023,b13,1
2023,b14,1
2023,b1f,1
2023,b602196,1
2023,babelrc,7
2023,bac,1
2023,backup,11
2023,bacpac,1
2023,bak,49
2023,bak2,2
2023,bam,3
2023,baml,21
2023,bank,19
2023,base,2
2023,baseline,1
2023,basex,1
2023,basexgui,1
2023,bash,19
2023,bashrc,48
2023,basis,1
2023,bat,189
2023,bbl,3
2023,bbx,1
2023,bc,17
2023,bcup,1
2023,bd,1
2023,bdy,1
2023,beta,1
2023,bhc,10
2023,bib,19
2023,bicep,7
2023,bim,1
2023,bin,320
2023,bkp,4
2023,blackarch,5
2023,blend,25
2023,blend1,13
2023,blg,3
2023,blk,1
2023,blob,93
2023,blocks,6
2023,bmarks,1
2023,bmp,43
2023,bomdoc,1
2023,bp,2
2023,bpe,1
2023,bpm,2
2023,br,89
2023,brd,2
2023,breakpoints,2
2023,brm3,15
2023,browserslistrc,2
2023,brs,49
2023,brush,2
2023,bsh,2
2023,bsl,6
2023,build,8
2023,buildbase,1
2023,buildconfiguration,3
2023,buildinfo,20
2023,buildreport,1
2023,bundle,43
2023,bundles,1
2023,by,1
2023,bz2,1
2023,c,46314
2023,cabal,5
2023,cache,2191
2023,cal,2
2023,cam,1
2023,car,3
2023,cbk,1
2023,cbor,1
2023,cbp,36
2023,cbx,1
2023,cc,4437
2023,cconb,4
2023,cd,4
2023,cdb,18
2023,cdf,1
2023,cds,1
2023,cell,2
2023,cer,14
2023,certs,1
2023,cff,6
2023,cfg,188
2023,cfm,3
2023,cgf,6
2023,cgi,2
2023,checksum,2
2023,chezmoiignore,1
2023,chm,1
2023,chr,1
2023,chromium,148
2023,cifrado,18
2023,cjs,186
2023,ckpt,3
2023,class,6618
2023,classpath,22
2023,clib,11
2023,client,1
2023,clip,4
2023,clj,150
2023,cls,10
2023,clsp,47
2023,clvm,15
2023,cma,33
2023,cmake,2162
2023,cmd,131
2023,cmf,2
2023,cmi,85
2023,cmo,93
2023,cmp,1
2023,cmt,93
2023,cmti,37
2023,cmx,98
2023,cmxa,32
2023,cmxs,30
2023,cnf,10
2023,codef,33
2023,codespellrc,1
2023,coffee,1
2023,command,1
2023,commands,1
2023,comments,1
2023,comp,57
2023,compiled,2
2023,component,8
2023,conf,457
2023,config,7920
2023,container,2
2023,content,3
2023,controller,329
2023,cookiecutterrc,1
2023,copy,1
2023,coverage,6
2023,coveragerc,3
2023,cp,4
2023,cpp,6599
2023,cproject,24
2023,cpt,2
2023,crdownload,1
2023,crl,1
2023,crt,20
2023,cs,14729
2023,csdl,3
2023,csh,39
2023,cshtml,838
2023,csproj,940
2023,csr,5
2023,css,14626
2023,csv,12085
2023,ctex,10
2023,cts,4
2023,ctxt,6
2023,cu,8
2023,cue,1
2023,curlrc,2
2023,curses,4
2023,cveignore,1
2023,cvsignore,1
2023,cyclo,2
2023,d,197
2023,dae,3
2023,dag,18
2023,dart,7940
2023,das,12
2023,dasflow,9
2023,dat,106
2023,data,50
2023,datasource,33
2023,db,371
2023,db3,1
2023,dbf,3
2023,dblite,1
2023,dblwr,6
2023,dbml,1
2023,dcf,21
2023,dcp,23
2023,dcs,1
2023,dcu,2
2023,ddb,4
2023,ddl,3
2023,dds,154
2023,ddw,2
2023,deb,2
2023,debian,5
2023,debug,11
2023,decifrado,1
2023,def,2
2023,default,9
2023,defaults,3
2023,delta,7
2023,dep,4
2023,depend,28
2023,dependencies,7
2023,desktop,12
2023,dev,10
2023,develop,144
2023,development,3
2023,dex,4
2023,dff,3
2023,dfm,1
2023,dhall,3
2023,diagram,12
2023,diary,2
2023,dict,1
2023,diff,2
2023,digest,15
2023,digestcache,9
2023,dill,1
2023,dio,9
2023,dircolors,1
2023,directory,1
2023,direnvrc,1
2023,dirs,2
2023,disabled,8
2023,disk,2
2023,dist,3
2023,django,1
2023,dll,1930
2023,dm,5
2023,dmd,1
2023,dmg,2
2023,dmi,3
2023,dmp,4
2023,dnd,52
2023,do,13
2023,doc,19
2023,docker,1
2023,dockerfile,99
2023,dockerfunctions,1
2023,dockerignore,59
2023,doctree,95
2023,docx,355
2023,domains,1
2023,done,2
2023,dot,100
2023,dotsettings,1
2023,download,9
2023,dpi,2
2023,dpr,2
2023,drawio,126
2023,drl,2
2023,dsc,10
2023,dsv,1
2023,dump,6
2023,dumpstream,7
2023,dvi,6
2023,dwlt,276
2023,dxg,1
2023,dylib,47
2023,editorconfig,315
2023,edmx,13
2023,edn,4
2023,edr,1
2023,efr,20
2023,egg,4
2023,ejs,529
2023,el,224
2023,elf,73
2023,emacs,20
2023,enaml,1
2023,enc,39
2023,entitlements,5
2023,entry,1
2023,env,469
2023,envexample,1
2023,eot,9
2023,erb,1055
2023,error,8
2023,eslintcache,27
2023,eslintignore,9
2023,eslintrc,14
2023,esp32c3,1
2023,esp32dev,1
2023,esql,3
2023,evb,2
2023,evn,1
2023,evtx,3
2023,ex,10
2023,example,147
2023,exampleenv,1
2023,excalidraw,1
2023,exe,1101
2023,exec,12
2023,exemple,1
2023,exp,10
2023,exports,8
2023,exr,128
2023,exs,6
2023,ext,1
2023,extra,1
2023,f,8
2023,f2fs,1
2023,f3d,8
2023,f90,168
2023,fa,382
2023,factories,2
2023,factorypath,11
2023,fai,2
2023,faiss,5
2023,fasta,7
2023,fastq,11
2023,fbp,1
2023,fbs,1
2023,fbx,750
2023,fc2e5bd,1
2023,fdf,2
2023,feather,2
2023,feature,73
2023,fig,10
2023,file,5
2023,filecache,1
2023,fileignore,1
2023,filter,24
2023,filters,123
2023,fingerprint,1
2023,finobacci,1
2023,firebaserc,26
2023,fish,134
2023,fits,1
2023,flags,5
2023,flake8,9
2023,flask,2
2023,flaskenv,3
2023,flat,9
2023,flm,1
2023,flp,4
2023,fls,5
2023,flv,2
2023,fmu,1
2023,fna,5
2023,fnl,40
2023,fnya,1
2023,form,364
2023,forth,8
2023,forthic,25
2023,fos,3
2023,frag,42
2023,frm,354
2023,frt,5
2023,fs,390
2023,fsproj,32
2023,fsx,1
2023,ft,88
2023,fth,156
2023,ftl,3
2023,functions,5
2023,fxbuild,1
2023,fxml,322
2023,fxp,1
2023,fzz,2
2023,g1t,5
2023,gb,2
2023,gbin,1
2023,gbr,19
2023,gbrjob,1
2023,gch,35
2023,gd,340
2023,gds,2
2023,gemspec,29
2023,gen,2
2023,geo,6
2023,geojson,5
2023,geom,2
2023,gfx,15
2023,gif,565
2023,git,6
2023,gitattributes,42
2023,gitconfig,35
2023,gitgnore,2
2023,gitignore,1913
2023,gitingore,2
2023,gitmodules,138
2023,gitrepo,10
2023,glb,34
2023,gleam,2
2023,glsl,13
2023,gltf,14
2023,gml,248
2023,gn,547
2023,gni,89
2023,gns3,4
2023,go,2782
2023,godot,49
2023,goggle,10
2023,gohtml,1
2023,gpg,33
2023,gpkg,4
2023,gpu,2
2023,gpx,2
2023,gql,4
2023,gradle,1514
2023,graph,2
2023,graphql,32
2023,graphqls,1
2023,grd,63
2023,grdp,93
2023,greenfoot,1
2023,gresource,2
2023,gro,1
2023,groovy,84
2023,gs,1
2023,gtpl,3
2023,gyp,2
2023,gypi,10
2023,gz,2334
2023,h,10448
2023,h5,30
2023,haml,25
2023,handlebars,46
2023,har,2
2023,harness,6
2023,hash,1
2023,hbs,633
2023,hcl,47
2023,hdalc,1
2023,hdb,19
2023,hdbanalyticprivilege,2
2023,hdbcalculationview,61
2023,hdbprocedure,3
2023,hdbrole,2
2023,hdbroleconfig,2
2023,hdbsynonym,2
2023,hdbtable,21
2023,hdbtabledata,2
2023,hdbview,2
2023,hdf5,20
2023,hdr,4
2023,header,1
2023,heex,1
2023,heic,1
2023,hex,54
2023,hh,1
2023,hidpi,1
2023,hif,1
2023,highperformance,1
2023,hintrc,3
2023,hist,1
2023,history,10
2023,hjson,8
2023,hmap,2
2023,hpp,697
2023,hs,27
2023,hsd,2
2023,htaccess,14
2023,htf,1024
2023,htm,116
2023,html,79749
2023,htpassword,1
2023,http,51
2023,hwp,2
2023,hx,5
2023,hxl,2
2023,i,6
2023,i64,1
2023,iar,1
2023,ibd,84
2023,ibt,60
2023,icloud,5
2023,icls,35
2023,icns,5
2023,ico,460
2023,icon,1
2023,id,22
2023,idb,80
2023,ide,2
2023,idea,2
2023,identifier,36
2023,idl,11
2023,idls,1
2023,idsig,1
2023,idx,31
2023,iextralanguagecontribution,1
2023,igc,1
2023,ilk,81
2023,img,20
2023,iml,157
2023,import,1268
2023,imports,1
2023,in,98
2023,inc,43
2023,include,1
2023,includecache,5
2023,index,65
2023,inf,1
2023,info,92
2023,ini,543
2023,inipp,3
2023,init,9
2023,ino,472
2023,inp,1
2023,inputactions,47
2023,inputrc,6
2023,inputs,3
2023,ins,1
2023,install,5
2023,intentdefinition,1
2023,interim,13
2023,intermediate,1
2023,internal,18
2023,inv,20
2023,io,1
2023,iobj,3
2023,ioc,14
2023,ipch,51
2023,ipdb,3
2023,ipostentityprocessingservice,1
2023,ipynb,2090
2023,iridis4,1
2023,itb,1
2023,items,46
2023,j2,8
2023,jade,7
2023,jar,800
2023,java,40048
2023,jbuilder,34
2023,jdi,2
2023,jenkins,1
2023,jenkinsfile,4
2023,jfif,67
2023,jg,1
2023,jinja2,13
2023,jiso,1
2023,jks,9
2023,jl,15
2023,jmx,9
2023,joblib,8
2023,jonty,1
2023,jou,21
2023,jpeg,1687
2023,jpg,20909
2023,jrxml,1
2023,js,52654
2023,jslib,2
2023,json,53527
2023,json1,265
2023,json2,285
2023,json5,36
2023,jsonc,28
2023,jsonl,32
2023,jsons,1
2023,jsonx,1
2023,jsp,716
2023,jspf,9
2023,jsx,10099
2023,jvm,4
2023,k,1
2023,k8s,2
2023,kali,2
2023,kdl,7
2023,keep,1
2023,keras,1
2023,key,28
2023,keylayout,1
2023,keystore,7
2023,kksrc,1
2023,klana,5
2023,kml,2
2023,ko,1
2023,kpt,5
2023,kra,3
2023,kt,5813
2023,kts,227
2023,kv,16
2023,kvconfig,6
2023,kytos,59
2023,l,25
2023,lang,13
2023,lani,2
2023,lark,1
2023,lastbuildstate,28
2023,latte,1
2023,launch,61
2023,layered,6
2023,layout,36
2023,lbr,1
2023,lck,1
2023,ld,24
2023,ldf,7
2023,lean,5
2023,lektorproject,1
2023,less,269
2023,lessmem,2
2023,lh,43
2023,lib,23
2023,libs,2
2023,license,6
2023,licenseheader,1
2023,licenses,2
2023,licx,2
2023,lifecyclemapping,1
2023,lighting,7
2023,lintstagedrc,1
2023,liquid,12
2023,lisp,7
2023,list,46
2023,lkml,29
2023,ll,3
2023,lm,23
2023,lmat,30
2023,lnk,10
2023,lnp,3
2023,local,52
2023,location,8
2023,lock,2987
2023,lockb,18
2023,locres,2
2023,log,31091
2023,logdb,1
2023,logs,1
2023,lookml,2
2023,lottie,2
2023,lovyangfx,1
2023,lpi,2
2023,lpr,3
2023,lr,3
2023,lref,4
2023,ls,3
2023,lst,312
2023,lua,1133
2023,luau,47
2023,lwo,2
2023,lws,1
2023,ly,2
2023,m,330
2023,m2,1
2023,m3u,5
2023,m4a,4
2023,m4r,1
2023,mac,3
2023,macos,1
2023,mad,8
2023,madgerc,1
2023,maf,360
2023,mai,24
2023,majinsavage,15
2023,mak,6
2023,make,75
2023,makejail,1
2023,man,1
2023,manifest,17
2023,manpages,1
2023,map,5653
2023,marcos,15
2023,maria,2
2023,mariacloud,1
2023,markdown,8
2023,markers,5
2023,mask,5
2023,master,42
2023,mat,2316
2023,material,1
2023,matlabdrivetag,3
2023,mbconfig,8
2023,mbtree,1
2023,mc,1
2023,mca,1
2023,mch,8
2023,mcmeta,5
2023,md,46999
2023,md5,145
2023,mdb,10
2023,mdf,7
2023,mdgit,1
2023,mdj,2
2023,mdl,4
2023,mdp,3
2023,mdt,9
2023,mdx,15
2023,me,6
2023,menu,1
2023,mesh,1
2023,meta,29109
2023,metadata,28
2023,metagen,1
2023,metal,1
2023,mexmaci64,3
2023,mexw64,3
2023,mf,65
2023,mgcb,1
2023,mhtml,3
2023,mid,2376
2023,mixer,16
2023,mjs,4353
2023,mk,43
2023,mkv,10
2023,ml,79
2023,mli,13
2023,mll,1
2023,mlx,9
2023,mm,148
2023,mmdb,1
2023,mo,29
2023,mobileprovision,21
2023,mod,301
2023,model,4
2023,module,2
2023,modulemap,10
2023,modules,2
2023,mojom,39
2023,mol,3
2023,mongodb,4
2023,mov,6
2023,mp3,3853
2023,mp4,656
2023,mpeg,4
2023,mq4,1
2023,msc,1
2023,msg,8
2023,msgflow,2
2023,msh,1
2023,msi,7
2023,msl,3
2023,mtl,34
2023,mts,8
2023,mum,2
2023,mustache,41
2023,mvw,177
2023,mwb,15
2023,mxproject,9
2023,myd,9
2023,myi,24
2023,name,45
2023,nb,3
2023,nci,1
2023,ndjson,13
2023,neon,2
2023,net,1
2023,netrwhist,2
2023,network,2
2023,nf,4
2023,nginx,1
2023,nightly,1
2023,nii,1
2023,nim,29
2023,nimble,2
2023,nims,3
2023,ninja,131
2023,nix,279
2023,nja,1
2023,njk,34
2023,nk,2
2023,node,10
2023,node18,1
2023,nodejs,5
2023,nojekyll,6
2023,npmignore,10
2023,npmrc,3
2023,npy,42
2023,nrrd,790
2023,nu,7
2023,nupkg,2
2023,nuspec,11
2023,nvmrc,1
2023,o,1664
2023,oat,28
2023,obj,17987
2023,ocamlinit,3
2023,oci,2
2023,odex,146
2023,odg,1
2023,odp,1
2023,odt,6
2023,ogg,90
2023,oggvorbisstr,14
2023,ok,1
2023,old,138
2023,older,1
2023,omfl,1
2023,one,1
2023,onnx,32
2023,opam,1
2023,ora,1
2023,order,1
2023,org,40
2023,orig,17
2023,origin,1
2023,original,62
2023,osgeo4w,1
2023,otf,29
2023,out,519
2023,outputdata,18
2023,overridecontroller,26
2023,p,1
2023,p1,5
2023,p12,3
2023,p7b,1
2023,p7s,1
2023,p7x,2
2023,p8,4
2023,pack,347
2023,page,3
2023,pages,2
2023,paired,1
2023,parms,1
2023,parquet,7
2023,parrot,3
2023,part,1
2023,pas,29
2023,patch,365
2023,path,7
2023,patt,4
2023,pb,97
2023,pbip,1
2023,pbix,13
2023,pbxproj,651
2023,pc,4
2023,pcap,14
2023,pcapng,32
2023,pcbdoc,9
2023,pcbdocpreview,1
2023,pcblib,3
2023,pch,1
2023,pck,9
2023,pcm,136
2023,pcss,9
2023,pdb,721
2023,pde,325
2023,pdf,2278
2023,pdom,2
2023,pdsbak,2
2023,pdsprj,1
2023,pe,1
2023,pem,113
2023,pentoo,12
2023,perspective,1
2023,pfi,1
2023,pfx,13
2023,pgn,2
2023,pgsql,4
2023,pgw,1
2023,phar,1
2023,php,18334
2023,php81,1
2023,phpproj,1
2023,phtml,64
2023,physicmaterial,4
2023,physicsmaterial2d,1
2023,pickle,43
2023,pid,1
2023,pin,2
2023,piopm,1
2023,pkb,3
2023,pkf,5
2023,pkg,15
2023,pkl,69
2023,pkt,8
2023,pl,5
2023,playable,209
2023,plist,351
2023,plt,1
2023,pm6,21
2023,png,35042
2023,po,188
2023,podspec,36
2023,pof,1
2023,pom,4
2023,pop,4
2023,pos,4
2023,postcss,1
2023,postgresql,2
2023,pot,29
2023,pp,19
2023,pper,19
2023,ppk,1
2023,pprof,1
2023,pptm,1
2023,pptx,134
2023,pref,2
2023,prefab,5052
2023,prefs,25
2023,prerm,2
2023,preset,1
2023,prettierignore,13
2023,prettierrc,22
2023,prg,9
2023,pri,86
2023,priors,1
2023,prisma,89
2023,prj,2
2023,prjpcb,14
2023,prjpcbstructure,5
2023,pro,41
2023,probe,10
2023,process,2
2023,processor,1
2023,prod,1
2023,production,18
2023,profile,27
2023,projbuild,6
2023,project,85
2023,prop,2
2023,properties,2357
2023,props,132
2023,proto,85
2023,proxyrc,1
2023,pryrc,3
2023,ps,1
2023,ps1,221
2023,psd,31
2023,pseudocodigo,13
2023,psm1,4
2023,pt,28
2023,pth,41
2023,pts,1
2023,pu,503
2023,pub,8
2023,pug,87
2023,puml,6
2023,purs,7
2023,pvk,3
2023,pvpy,1
2023,pxz,1
2023,py,35675
2023,pyc,163935
2023,pyd,39
2023,pyi,40
2023,pylintrc,3
2023,pypirc,1
2023,pyproj,3
2023,python,1
2023,pytorch,2
2023,pyu,1
2023,pyw,5
2023,pyz,14
2023,qbk,1
2023,qcom,1
2023,qdf,1
2023,qgz,2
2023,qmd,832
2023,qml,4
2023,qmsg,8
2023,qpf,1
2023,qrc,11
2023,qsf,2
2023,qss,2
2023,quartoignore,1
2023,qvs,2
2023,qws,1
2023,qza,15
2023,qzv,12
2023,r,603
2023,rad,34
2023,rafael,10
2023,rake,15
2023,raku,1
2023,rakumod,61
2023,rakutest,11
2023,rar,55
2023,rarp,1
2023,rasi,28
2023,raw,1
2023,razor,78
2023,rb,2483
2023,rbi,19
2023,rbuildignore,4
2023,rc,164
2023,rc2,1
2023,rcfdb,2
2023,rd,100
2023,rda,3
2023,rdata,79
2023,rdatatmp,1
2023,rdb,19
2023,rdf,64
2023,rdlc,3
2023,rds,19
2023,rdx,11
2023,reapeaks,7
2023,recipe,26
2023,red,32
2023,reds,104
2023,references,13
2023,release,11
2023,remmina,38
2023,render,1
2023,rendertexture,10
2023,replit,3
2023,repo,1
2023,repositories,7
2023,res,6
2023,rescache,1
2023,resfiles,1
2023,resolved,18
2023,resource,12
2023,resources,75
2023,ress,16
2023,rest,44
2023,results,2
2023,resx,119
2023,rhistory,41
2023,rimignore,5
2023,rlf,2
2023,rlx,1
2023,rm,1
2023,rmarkdown,5
2023,rmd,55
2023,rnd,4
2023,robot,89
2023,rockspec,1
2023,ron,5
2023,root,1
2023,rosinstall,3
2023,rpc,5
2023,rpi,2
2023,rproj,7
2023,rpt,45
2023,rpx,12
2023,rs,2116
2023,rsa,3
2023,rsp,525
2023,rst,262
2023,rtf,9
2023,ruby,1
2023,rules,9
2023,run,1
2023,runname,2
2023,rviz,6
2023,s,41
2023,safetensors,1
2023,sample,452
2023,sarif,39
2023,sas,1
2023,sass,186
2023,sav,40
2023,save,8
2023,sb,1
2023,sbclrc,1
2023,sbn,3
2023,sbs,1
2023,sbsar,1
2023,sbt,7
2023,sbx,3
2023,sc,11
2023,scala,9
2023,scancache,1
2023,scene,3
2023,scenewithbuildsettings,13
2023,sch,17
2023,schdoc,52
2023,schdocpreview,45
2023,schelp,87
2023,schlib,2
2023,scm,12
2023,scml,1
2023,scn,10
2023,screenrc,1
2023,script,4
2023,scss,4915
2023,scssc,38
2023,sct,5
2023,sdb,23
2023,sdc,1
2023,sdf,42
2023,sdi,450
2023,seguro,8
2023,sequelizerc,4
2023,ser,3
2023,server,3
2023,service,23
2023,servicefactory,2
2023,session,11
2023,settings,10
2023,sf,3
2023,sgfox,2
2023,sh,2059
2023,sha,1
2023,sha1,2
2023,sha256,12
2023,sha256tree,5
2023,sha512,4
2023,shader,106
2023,shadergraph,5
2023,shadervariants,9
2023,shaliases,3
2023,shelf,2
2023,sherpa,1
2023,shp,3
2023,shx,3
2023,si,1
2023,side,4
2023,sig,1
2023,signal,20
2023,simulate,2
2023,single,2
2023,sitemap,1
2023,sixel,1
2023,sldprt,3
2023,slim,4
2023,sln,382
2023,slx,4
2023,smpgsz,1
2023,smsg,1
2023,smx,1
2023,snap,42
2023,snapshot,76
2023,snbt,2
2023,so,824
2023,sof,2
2023,sol,91
2023,sp,1
2023,spc,2
2023,spec,25
2023,spfx,2
2023,spl,11
2023,sprite,1
2023,spriteatlas,20
2023,spriteatlasv2,1
2023,spritefont,2
2023,sq,4
2023,sqbpro,1
2023,sql,936
2023,sqlfluff,1
2023,sqlfluffignore,1
2023,sqlite,63
2023,sqlite3,312
2023,ss,41
2023,ssdl,3
2023,sso,1
2023,sst,19
2023,st,13
2023,stag,3
2023,stalonetrayrc,2
2023,stamp,6
2023,stan,2
2023,star,1
2023,start,15
2023,stash,1
2023,stat,3
2023,state,8
2023,step,5
2023,stex,85
2023,stl,11
2023,stor,7
2023,storyboard,81
2023,stp,4
2023,stresstest,9
2023,strings,827
2023,stub,4
2023,sty,2
2023,styl,6
2023,stylelintignore,1
2023,su,49
2023,sum,174
2023,summary,7
2023,suo,143
2023,svc,1
2023,svelte,554
2023,svg,3400
2023,swbn,2
2023,swcrc,1
2023,swi,1
2023,swift,2806
2023,swiftdeps,4
2023,swiftdoc,13
2023,swiftinterface,6
2023,swiftmodule,9
2023,swiftsourceinfo,13
2023,swinb,1
2023,swj,4
2023,swk,7
2023,swl,15
2023,swm,35
2023,swn,78
2023,swo,345
2023,swp,2444
2023,sym,2
2023,symbolmap,12
2023,symlink,5
2023,syntax,4
2023,t,34
2023,t2,1
2023,tab,12
2023,table,1
2023,tag,1
2023,tar,4
2023,targets,4
2023,tbd,1
2023,tcl,8
2023,temp,1
2023,template,36
2023,tensorflow,2
2023,terrainlayer,40
2023,test,39
2023,testing,3
2023,tex,228
2023,text,5
2023,tf,263
2023,tfbs,3
2023,tfstate,8
2023,tfvars,4
2023,tga,9
2023,tgz,24
2023,th,1
2023,theme,10
2023,thtml,9
2023,tif,23
2023,tiff,11
2023,tla,2
2023,tlb,2
2023,tlog,370
2023,tmj,2
2023,tmlanguage,1
2023,tmp,22
2023,tmp0e1fd,1
2023,tmp267ef,1
2023,tmp98381,1
2023,tmp9f6f7,1
2023,tmpa255d,1
2023,tmpa5c26,1
2023,tmpl,27
2023,tmtheme,2
2023,tmux,1
2023,tmx,16
2023,toc,63
2023,todo,2
2023,toml,847
2023,top,2
2023,toprc,1
2023,toucherror,1
2023,touchgfx,1
2023,touchok,1
2023,tpl,87
2023,tpr,1
2023,trace,1
2023,traceevents,30
2023,tree,7
2023,tres,15
2023,trg,3
2023,trigger,5
2023,trip,1
2023,trr,1
2023,truststore,2
2023,ts,27461
2023,tsbuildinfo,44
2023,tscn,330
2023,tsv,92
2023,tsx,12777
2023,tt,5
2023,ttf,88
2023,ttl,335
2023,turtle,12
2023,twb,1
2023,twbr,2
2023,twbx,2
2023,twig,79
2023,txt,9302
2023,type,1
2023,uasset,2291
2023,ubu64,2
2023,ubuntu,3
2023,ui,78
2023,umap,118
2023,umlcd,1
2023,uniqueid0,3
2023,uniqueid1,1
2023,uniqueid10,1
2023,uniqueid11,1
2023,uniqueid12,1
2023,uniqueid13,1
2023,uniqueid14,1
2023,uniqueid15,1
2023,uniqueid16,1
2023,uniqueid17,1
2023,uniqueid18,1
2023,uniqueid2,1
2023,uniqueid3,2
2023,uniqueid4,1
2023,uniqueid5,1
2023,uniqueid6,1
2023,uniqueid7,1
2023,uniqueid8,1
2023,uniqueid9,1
2023,unity,3127
2023,unity3d,1
2023,unitypackage,3
2023,unityweb,151
2023,unmarked,3
2023,unmask,1
2023,unused,1
2023,uproject,5
2023,urdf,1
2023,url,15
2023,use,4
2023,user,52
2023,uss,8
2023,uvopt,1
2023,uvoptx,39
2023,uvproj,1
2023,uvprojx,32
2023,uxml,12
2023,v,68
2023,v1,2
2023,v2,150
2023,vala,28
2023,vb,28
2023,vbproj,1
2023,vbs,1
2023,vc,1
2023,vcf,167
2023,vcproj,3
2023,vcxitems,2
2023,vcxproj,160
2023,vdb,3
2023,vdi,5
2023,vdproj,1
2023,vds,4
2023,vec,6
2023,veo,2
2023,ver,1
2023,vert,33
2023,vhd,64
2023,vhdl,15
2023,vho,1
2023,vi,3
2023,vim,112
2023,viminfo,6
2023,vimrc,38
2023,vm,1
2023,vmdk,1
2023,vo,2
2023,vpc,1
2023,vrcpa,1
2023,vs,5
2023,vscode,1
2023,vsdconfig,1
2023,vsdx,6
2023,vsidx,339
2023,vsixmanifest,1
2023,vt,1
2023,vue,4250
2023,vwf,4
2023,wandb,2
2023,wapproj,2
2023,war,4
2023,wasm,63
2023,wav,849
2023,wcfg,1
2023,wdf,7
2023,wdl,6
2023,web,29209
2023,webapp,1
2023,webm,12
2023,webmanifest,16
2023,webp,2862
2023,wgsl,9
2023,whl,10
2023,win,8
2023,win10,1
2023,wld,1
2023,wlt,1
2023,woff,735
2023,woff2,52
2023,work,8
2023,workspace,1
2023,world,2
2023,wsd,1
2023,wsgi,2
2023,wsuo,25
2023,wt,79
2023,wxml,46
2023,wxss,23
2023,x,1
2023,xacro,9
2023,xaml,182
2023,xbf,5
2023,xcbkptlist,30
2023,xcconfig,131
2023,xccurrentversion,1
2023,xcf,22
2023,xci,7
2023,xcodeproj,1
2023,xcscheme,149
2023,xctestplan,2
2023,xcuserstate,250
2023,xcworkspacedata,23
2023,xdb,1
2023,xdc,9
2023,xhtml,99
2023,xib,29
2023,xinitrc,7
2023,xld,1
2023,xln,1
2023,xls,17
2023,xlsm,1
2023,xlsx,654
2023,xm,5
2023,xmi,21
2023,xml,12479
2023,xml1,95
2023,xml2,144
2023,xnb,1
2023,xpm,36
2023,xpr,7
2023,xprofile,2
2023,xresources,5
2023,xrf,1
2023,xsd,40
2023,xsh,1
2023,xtb,3266
2023,xxx,1
2023,xz,12
2023,yaml,4233
2023,yaml00,1
2023,yamlold,2
2023,yg,2
2023,yml,8363
2023,yml2ijjhjn,1
2023,yy,238
2023,yyp,47
2023,z,2
2023,zarray,3
2023,zig,34
2023,zin,1
2023,zip,1272
2023,zprofile,3
2023,zpt,1
2023,zsh,29
2023,zshenv,7
2023,zshrc,134
2024,0,25
2024,0000000011,1
2024,0000000027,1
2024,0000000098,1
2024,00000001,1
2024,001,1
2024,002,1
2024,003,1
2024,004,1
2024,005,1
2024,006,1
2024,007,1
2024,008,1
2024,009,1
2024,010,1
2024,011,1
2024,012,1
2024,013,1
2024,014,1
2024,015,1
2024,016,1
2024,017,1
2024,018,1
2024,019,1
2024,020,1
2024,021,1
2024,022,1
2024,023,1
2024,024,1
2024,025,1
2024,026,1
2024,027,1
2024,028,1
2024,029,1
2024,030,1
2024,031,1
2024,032,1
2024,033,1
2024,034,1
2024,035,1
2024,036,1
2024,037,1
2024,038,1
2024,039,1
2024,04,2
2024,040,1
2024,041,1
2024,042,1
2024,043,1
2024,044,1
2024,045,1
2024,046,1
2024,047,1
2024,048,1
2024,049,1
2024,050,1
2024,051,1
2024,052,1
2024,053,1
2024,054,1
2024,055,1
2024,056,1
2024,057,1
2024,058,1
2024,059,1
2024,060,1
2024,061,1
2024,062,1
2024,063,1
2024,064,1
2024,065,1
2024,066,1
2024,067,1
2024,068,1
2024,069,1
2024,070,1
2024,071,1
2024,072,1
2024,073,1
2024,074,1
2024,075,1
2024,076,1
2024,077,1
2024,078,1
2024,0jar,1
2024,1,6
2024,10,1
2024,1001,2
2024,11,4
2024,1127,1
2024,1140,1
2024,12,1
2024,2,7
2024,201,2
2024,20240416,1
2024,20240420,1
2024,20240529,1
2024,20240608,1
2024,2105202030,1
2024,4th,12
2024,7z,16
2024,a,608
2024,aab,1
2024,aar,8
2024,aarch64,19
2024,abap,2
2024,ac,1
2024,add,26
2024,admin,2
2024,adoc,29
2024,ai,1
2024,ak,1
2024,al,5
2024,aliases,15
2024,all,2
2024,alpine,3
2024,am,2
2024,amd64,3
2024,amigaos,1
2024,amigaos4,1
2024,anim,387
2024,apfmapping,1
2024,api,2
2024,apk,11
2024,app,6
2024,appxmanifest,2
2024,appxrecipe,57
2024,apr,2
2024,aps,1
2024,ar,1
2024,arb,8
2024,arcconfig,1
2024,architect,2
2024,arm64,11
2024,asax,3
2024,asciidoc,1
2024,ase,39
2024,aseprite,22
2024,asl,3
2024,asm,30
2024,asmdef,47
2024,asp,1
2024,aspx,29
2024,asset,3535
2024,assets,31
2024,astro,283
2024,astylerc,1
2024,at,4
2024,aup3,3
2024,aux,3
2024,avedb,6
2024,avif,71
2024,avsc,3
2024,awk,1
2024,awsxclbin,9
2024,axaml,3
2024,b,1
2024,b3d,2
2024,babelrc,1
2024,backup,7
2024,bag,5
2024,bak,19
2024,bak0,8
2024,bak1,7
2024,bak2,5
2024,bak3,5
2024,bak4,5
2024,bak5,6
2024,bak6,3
2024,bak7,6
2024,bak8,4
2024,bak9,2
2024,baml,9
2024,base,1
2024,bash,9
2024,bashrc,23
2024,bat,89
2024,bbx,5
2024,bc,7
2024,bf,2
2024,bib,15
2024,bim,1
2024,bin,369
2024,bkp,2
2024,blackarch,7
2024,blend,12
2024,blend1,6
2024,blocks,2
2024,bmp,21
2024,bnf,8
2024,br,89
2024,brd,1
2024,brewfile,4
2024,brm3,5
2024,brs,1
2024,bsl,1
2024,bst,1
2024,build,13
2024,buildinfo,4
2024,bundle,24
2024,c,2411
2024,cabal,3
2024,cache,944
2024,camkes,6
2024,capnp,1
2024,car,1
2024,catkin,1
2024,cbp,10
2024,cbx,3
2024,cc,3049
2024,ccfxprep,287
2024,cd,4
2024,cddx,1
2024,cds,5
2024,cento,1
2024,cert,1
2024,cff,15
2024,cfg,117
2024,changes,4
2024,cheat,2
2024,checksum,1
2024,chezmoiignore,1
2024,chromium,108
2024,cif,2
2024,cjs,153
2024,ckpt,1
2024,clangd,1
2024,claro,1
2024,class,1842
2024,classpath,16
2024,cliente,1
2024,clj,68
2024,cls,123
2024,clsp,1
2024,cmake,961
2024,cmd,17
2024,cms,1
2024,cnf,3
2024,codef,26
2024,com,1
2024,commands,1
2024,comp,16
2024,compiled,4
2024,component,3
2024,conf,564
2024,config,6836
2024,confy,1
2024,containerfile,5
2024,controller,206
2024,copy,1
2024,coverage,3
2024,cpp,2805
2024,cpp2024,1
2024,cproject,5
2024,cql,1
2024,crdownload,1
2024,crt,7
2024,crumbsalt,1
2024,crx,1
2024,cs,6615
2024,csdl,1
2024,csh,18
2024,cshtml,379
2024,cson,1
2024,csproj,539
2024,csr,4
2024,css,7531
2024,csv,7416
2024,cts,10
2024,cuda,1
2024,cyclo,150
2024,d,368
2024,dacpac,1
2024,dag,1
2024,dart,4215
2024,das,2
2024,dasflow,2
2024,dat,57
2024,data,32
2024,dataset,1
2024,db,264
2024,db3,1
2024,dbc,2
2024,dbf,3
2024,dblite,2
2024,dbml,4
2024,dbs,3
2024,dcf,4
2024,dcproj,1
2024,dds,6
2024,debug,1
2024,def,60
2024,default,3
2024,defaults,4
2024,defconfig,1
2024,delayed,1
2024,delta,4
2024,demo,1
2024,dep,3
2024,depend,8
2024,deploy,17
2024,der,6
2024,desktop,3
2024,dev,13
2024,devcontainer,4
2024,develop,21
2024,development,7
2024,dex,8
2024,dia,19
2024,diagram,1
2024,diary,14
2024,digest,9
2024,digestcache,1
2024,dill,11
2024,directive,1
2024,dist,6
2024,djcache,4
2024,dll,692
2024,dm,10
2024,dmg,6
2024,dmi,2
2024,dmp,2
2024,doc,9
2024,dockerfile,71
2024,dockerignore,28
2024,doctree,10
2024,docx,217
2024,dotsettings,1
2024,download,1
2024,dox,1
2024,drawio,78
2024,drc,2
2024,drl,4
2024,drr,3
2024,dsc,8
2024,dsv,2
2024,dt,1
2024,dtsi,3
2024,dump,3
2024,dumpstream,3
2024,dvc,4
2024,dwlt,52
2024,dxf,5
2024,dylib,7
2024,e,2
2024,e2e,6
2024,editme,1
2024,editorconfig,124
2024,edmx,1
2024,ejs,67
2024,el,127
2024,elf,41
2024,elm,172
2024,em,1
2024,emacs,3
2024,enc,51
2024,env,333
2024,eot,22
2024,epk,1
2024,erb,430
2024,erl,2
2024,error,1
2024,eslintcache,28
2024,eslintignore,4
2024,eslintrc,4
2024,esp32c3,1
2024,esp32s2,1
2024,esproj,1
2024,ex,114
2024,example,117
2024,excalidraw,1
2024,exe,705
2024,exp,8
2024,exports,3
2024,exr,87
2024,exs,51
2024,extended,1
2024,external,1
2024,extra,1
2024,extrep,3
2024,f3d,1
2024,f90,70
2024,factories,2
2024,factorypath,1
2024,faiss,4
2024,fbs,2
2024,fbx,60
2024,fcfg,2
2024,feature,17
2024,fehbg,1
2024,file,1
2024,filter,47
2024,filters,52
2024,firebaserc,25
2024,fish,82
2024,fits,4
2024,fixed,1
2024,flags,12
2024,flake8,4
2024,flaskenv,2
2024,flat,142
2024,fls,2
2024,form,12
2024,forrth,3
2024,forth,2
2024,forthchan,31
2024,forthic,15
2024,frag,6
2024,frm,235
2024,frontend,1
2024,fs,35
2024,fsh,3
2024,fspackage,1
2024,fsproj,5
2024,ft,21
2024,fth,86
2024,ftl,52
2024,functions,2
2024,fxml,74
2024,gantt,1
2024,gateway,1
2024,gbc,3
2024,gbr,36
2024,gbrjob,2
2024,gch,5
2024,gd,300
2024,gdbinit,1
2024,gdshader,24
2024,gdshaderinc,1
2024,gem,5
2024,gemspec,7
2024,geo,3
2024,geojson,2
2024,ggs,1
2024,gif,387
2024,gitattributes,27
2024,gitconfig,85
2024,gitignore,986
2024,gitigonre,2
2024,gitmodules,36
2024,glade,1
2024,glb,14
2024,gleam,13
2024,glsl,14
2024,gltf,15
2024,gml,55
2024,gn,821
2024,gni,144
2024,go,2134
2024,godot,45
2024,gpg,20
2024,gpkg,1
2024,gql,28
2024,gradle,470
2024,graohql,1
2024,graph,1
2024,graphml,2
2024,graphql,12
2024,graphqls,5
2024,grc,4
2024,grd,69
2024,grdp,90
2024,greenfoot,1
2024,groovy,29
2024,gs,10
2024,gypi,4
2024,gz,596
2024,h,3291
2024,h5,19
2024,hal,3
2024,handlebars,117
2024,hbs,396
2024,hcl,60
2024,hdbanalyticprivilege,2
2024,hdbcalculationview,18
2024,hdbfunction,6
2024,hdbprocedure,1
2024,hdbrole,1
2024,hdbroleconfig,2
2024,hdbsynonym,5
2024,hdbtable,12
2024,hdbtabledata,1
2024,hdinamespace,3
2024,heex,1
2024,heic,3
2024,hex,5
2024,history,3
2024,hjson,4
2024,hl,2
2024,hpp,441
2024,hs,40
2024,hta,1
2024,htaccess,6
2024,htf,738
2024,htm,74
2024,html,39009
2024,html1,1
2024,http,50
2024,hx,5
2024,i,3
2024,i3,1
2024,ibd,10
2024,ico,99
2024,icon,1
2024,ics,17
2024,id,9
2024,idb,89
2024,ideavimrc,1
2024,identifier,15
2024,idf,1
2024,idl,12
2024,idsig,1
2024,idx,13
2024,ignore,1
2024,ilk,85
2024,ily,4
2024,iml,64
2024,import,2014
2024,imports,2
2024,in,78
2024,inc,19
2024,includecache,3
2024,index,94
2024,info,365
2024,ini,363
2024,init,4
2024,ino,298
2024,input,1
2024,inputactions,23
2024,inputrc,4
2024,installation,2
2024,interim,2
2024,internal,4
2024,inv,3
2024,io,1
2024,iobj,7
2024,ioc,4
2024,ipa,3
2024,ipch,28
2024,ipdb,7
2024,ipynb,1440
2024,irbrc,2
2024,iss,1
2024,itermcolors,1
2024,j2,6
2024,jar,1317
2024,java,17190
2024,javascript,1
2024,jbuilder,40
2024,jfif,30
2024,jflex,1
2024,jinja,1
2024,jinja2,2
2024,jks,2
2024,jl,9
2024,jmx,2
2024,joblib,185
2024,jou,1
2024,jpeg,719
2024,jpg,33967
2024,jq,1
2024,js,21886
2024,jscad,1
2024,json,34688
2024,json5,28
2024,jsonc,14
2024,jsonl,17
2024,jsp,269
2024,jspf,1
2024,jsx,6560
2024,jvm,1
2024,kali,8
2024,kdl,2
2024,key,14
2024,keymap,10
2024,keystore,2
2024,keystream,5
2024,khanal,1
2024,kra,3
2024,kt,2116
2024,kts,333
2024,kytos,40
2024,l,1
2024,labels,6
2024,lang,8
2024,lastbuildstate,36
2024,latte,7
2024,launch,8
2024,layout,29
2024,ldb,41
2024,ldp,2
2024,ldppreview,1
2024,less,27
2024,lessmem,1
2024,lfm,1
2024,lib,1
2024,license,11
2024,lighting,1
2024,lin,3
2024,linkfilelist,3
2024,liquid,12
2024,list,20
2024,lnk,7
2024,local,6
2024,lock,1543
2024,lockb,43
2024,lof,1
2024,log,617
2024,lottie,9
2024,lp,18
2024,lpi,3
2024,lpr,3
2024,lps,2
2024,lref,4
2024,lst,118
2024,lte,16
2024,lua,1339
2024,lualua,3
2024,luau,2
2024,luav1,4
2024,lvlps,1
2024,lvproj,2
2024,ly,53
2024,m,160
2024,m3u,20
2024,m4,23
2024,m4a,13
2024,m4v,1
2024,ma,1
2024,mac13g,1
2024,macos,1
2024,mad,5
2024,mai,25
2024,make,69
2024,manifest,29
2024,map,3148
2024,mapcapslock,15
2024,markdown,20
2024,master,12
2024,mat,179
2024,material,5
2024,mb,3
2024,mcfunction,616
2024,mch,1
2024,mcmeta,1
2024,mcreator,2
2024,md,24063
2024,md5,4
2024,mdb,28
2024,mdo,2
2024,mdx,13
2024,me,4
2024,meta,16388
2024,metadata,2
2024,metadb,3
2024,metagen,2
2024,mex,1
2024,mf,41
2024,mht,1
2024,mhtml,1
2024,mjs,1489
2024,mk,60
2024,mm,158
2024,mo,9
2024,mobileprovision,2
2024,mobirise,1
2024,mod,282
2024,module,7
2024,modulemap,4
2024,modules,2
2024,mojom,84
2024,mos,6
2024,mov,2
2024,mp3,326
2024,mp4,172
2024,mpp,1
2024,mq4,2
2024,mqh,11
2024,mqo,15
2024,msg,8
2024,msgpack,74
2024,msgpackz,1
2024,msh,3
2024,msi,3
2024,msl,1
2024,mts,8
2024,mtz,2
2024,mustache,1
2024,muttrc,1
2024,mvfrm,1
2024,mw,2
2024,mwb,7
2024,mxproject,2
2024,myd,3
2024,myi,10
2024,n2disk,2
2024,name,10
2024,nanorc,2
2024,nc,1
2024,ndf,1
2024,neomuttrc,1
2024,neon,3
2024,netrwhist,3
2024,network,1
2024,nf,2
2024,nginx,1
2024,nii,1
2024,ninja,56
2024,nix,626
2024,njk,27
2024,node,9
2024,nojekyll,217
2024,npmignore,2
2024,npmrc,2
2024,nprobe,2
2024,npy,8
2024,npz,1
2024,nscrub,1
2024,nsh,1
2024,ntopng,3
2024,nu,7
2024,nuspec,7
2024,nvimrc,1
2024,nwb,3
2024,o,867
2024,obj,9375
2024,odg,7
2024,ods,1
2024,odt,8
2024,off,4
2024,ogg,506
2024,old,160
2024,old0,21
2024,old1,15
2024,old2,17
2024,old3,17
2024,old4,14
2024,old5,13
2024,old6,14
2024,old7,19
2024,old8,13
2024,old9,15
2024,onnx,4
2024,optimization,23
2024,options,1
2024,order,1
2024,org,21
2024,orig,93
2024,origin,2
2024,original,22
2024,otf,10
2024,out,37
2024,outjob,3
2024,outputdata,1
2024,overlay,2
2024,overridecontroller,1
2024,ovpn,1
2024,p7b,2
2024,p7s,4
2024,paa,1
2024,pack,620
2024,package,1
2024,packmeta,1
2024,pagefind,3
2024,pak,2
2024,par,1
2024,param,1
2024,parquet,17
2024,parrot,8
2024,part,2
2024,pas,10
2024,patch,386
2024,path,2
2024,payment,1
2024,pb,4
2024,pbf,3
2024,pbix,19
2024,pbxproj,370
2024,pc,9
2024,pcapng,12
2024,pcbdoc,1
2024,pcblib,1
2024,pch,6
2024,pck,20
2024,pcm,381
2024,pcr,2
2024,pcss,10
2024,pdb,517
2024,pde,9
2024,pdf,1705
2024,pdn,3
2024,pdsbak,8
2024,pdsprj,5
2024,pem,78
2024,pentoo,7
2024,petl,4
2024,pfring,2
2024,pfx,1
2024,pgm,266
2024,pgn,1
2024,php,7357
2024,phtml,110
2024,physicmaterial,1
2024,pick,1
2024,pickle,90
2024,pid,2
2024,pip,1
2024,pipelines,1
2024,pk8,26
2024,pkg,12
2024,pkl,30
2024,pkt,18
2024,pkz,1
2024,pl,18
2024,playable,17
2024,plg,1
2024,plist,629
2024,plv,4
2024,png,31752
2024,po,185
2024,podspec,17
2024,policy,2
2024,pom,7
2024,por,2
2024,pot,8
2024,potfile,1
2024,powder,2
2024,pper,14
2024,ppt,1
2024,pptm,1
2024,pptx,66
2024,prb,1
2024,precompiled,3
2024,pref,2
2024,prefab,917
2024,prefs,4
2024,preset,3
2024,prettierignore,7
2024,prettierrc,19
2024,pri,19
2024,priors,12
2024,prisma,74
2024,prjpcb,1
2024,prjpcbstructure,1
2024,pro,2
2024,prob,2
2024,probe,3
2024,prod,1
2024,production,9
2024,profile,7
2024,progress,1
2024,projbuild,1
2024,project,39
2024,prompt,1
2024,prop,1
2024,properties,901
2024,property,1
2024,props,117
2024,proto,32
2024,ps1,30
2024,psd,4
2024,psqlrc,1
2024,pt,3724
2024,pth,1544
2024,pub,11
2024,pubxml,10
2024,pug,33
2024,puml,4
2024,py,19069
2024,pyc,138808
2024,pyd,1
2024,pyi,2
2024,pylintrc,4
2024,pypirc,1
2024,pyproj,3
2024,pyproject,1
2024,python,2
2024,pyw,7
2024,pyx,1
2024,pyz,9
2024,qmd,269
2024,quanty,2
2024,r,421
2024,rake,3
2024,rakumod,53
2024,rakutest,7
2024,rar,24
2024,rasi,12
2024,raw,1
2024,razor,133
2024,rb,1949
2024,rbs,1
2024,rbuildignore,1
2024,rc,60
2024,rd,51
2024,rda,1
2024,rdata,27
2024,rdf,2
2024,rds,2
2024,readme,5
2024,recipe,32
2024,red,8
2024,reds,8
2024,remmina,21
2024,rendertexture,6
2024,renvignore,1
2024,renviron,1
2024,rep,3
2024,replit,2
2024,repos,2
2024,repositories,10
2024,res,16
2024,resolved,12
2024,resource,11
2024,resources,23
2024,ress,9
2024,rest,8
2024,resx,58
2024,rhistory,23
2024,rlib,24
2024,rmarkdown,1
2024,rmd,37
2024,rmeta,41
2024,rnd,2
2024,rnote,2
2024,rnw,25
2024,robot,31
2024,ron,6
2024,rosinstall,2
2024,rp,1
2024,rpy,6
2024,rpyb,3
2024,rpyc,4
2024,rpymc,1
2024,rs,1350
2024,rsa,3
2024,rsc,30
2024,rsp,828
2024,rsp2,1
2024,rst,226
2024,rtf,15
2024,ru,2
2024,ruby,1
2024,rules,14
2024,s,79
2024,sample,15
2024,sarif,10
2024,sass,136
2024,sav,122
2024,save,15
2024,sbt,4
2024,sc,16
2024,scala,7
2024,scc,1
2024,scene,1
2024,scenewithbuildsettings,3
2024,sch,1
2024,schdoc,6
2024,schdocpreview,6
2024,schelp,187
2024,scm,15
2024,script,64
2024,scss,1835
2024,scssc,15
2024,sct,2
2024,sdf,47
2024,sdkstatcache,14
2024,secret,1
2024,selector,3
2024,seq,1
2024,sequelizerc,2
2024,ser,1
2024,service,23
2024,servicefactory,3
2024,servidor,2
2024,session,12
2024,settings,3
2024,sf,5
2024,sfdisk,1
2024,sh,1664
2024,sha1,7
2024,sha256,1
2024,shader,1
2024,shadergraph,24
2024,shellalias,4
2024,shellenv,2
2024,shield,1
2024,shortcut,96
2024,shp,3
2024,shx,3
2024,signal,3
2024,signed,1
2024,sizes,4
2024,sks,6
2024,sky,1
2024,sll,16
2024,sln,254
2024,snap,54
2024,snapshot,7
2024,snippets,1
2024,snyk,1
2024,so,54
2024,sol,1358
2024,spark,1
2024,spec,29
2024,spj,16
2024,spl,38
2024,spriteatlas,3
2024,spriteatlasv2,3
2024,sproject,1
2024,sql,858
2024,sqlite,32
2024,sqlite3,148
2024,ssdl,1
2024,star,1
2024,start,24
2024,state,1
2024,step,3
2024,stl,6
2024,store,62
2024,storekit,1
2024,storyboard,33
2024,strings,231
2024,stringsdata,48
2024,styl,3
2024,stylelintrc,1
2024,su,28
2024,sub,1
2024,sum,177
2024,suo,190
2024,svelte,792
2024,svg,4335
2024,swatches,1
2024,swf,1
2024,swift,1801
2024,swiftdeps,150
2024,swiftdoc,8
2024,swiftfilelist,8
2024,swiftinterface,3
2024,swiftmodule,11
2024,swiftsourceinfo,12
2024,swinb,1
2024,swn,1
2024,swo,7
2024,swp,77
2024,swr,1
2024,symlink,15
2024,sys,1
2024,systemd,2
2024,tar,2
2024,target,3
2024,targets,4
2024,tcl,4
2024,template,11
2024,terminal,1
2024,test,42
2024,testing,1
2024,tex,96
2024,text,3
2024,textclipping,1
2024,tf,273
2024,tfam,2
2024,tfevents,4
2024,tfstate,7
2024,tfvars,79
2024,tga,26
2024,tgz,28
2024,theme,12
2024,tif,13
2024,timestamp,1
2024,tlog,428
2024,tmp,1823
2024,tmpl,6
2024,tmw,2
2024,tmx,4
2024,toc,51
2024,token,1
2024,toml,987
2024,torch,1
2024,touchgfx,4
2024,touchok,2
2024,tped,2
2024,tpl,30
2024,tr,2
2024,traceevents,3
2024,tres,26
2024,trg,1
2024,ts,21027
2024,tsbuildinfo,22
2024,tscn,466
2024,tsml,4
2024,tsv,6
2024,tsx,11189
2024,tt,2
2024,ttf,122
2024,turtle,3
2024,twig,104
2024,tx,5
2024,txt,31874
2024,u33,1
2024,uasset,1683
2024,ubuntu,2
2024,uhtmanifest,1
2024,uhtpath,1
2024,ui,55
2024,umap,49
2024,ums,1
2024,unity,552
2024,uplugin,1
2024,upluginmanifest,1
2024,uproject,4
2024,urcap,1
2024,url,13
2024,urp,24
2024,usd,579
2024,usdz,1
2024,use,2
2024,user,21
2024,userprefs,1
2024,users,1
2024,utoc,2
2024,uuid,4
2024,uvoptx,12
2024,uvprojx,13
2024,uxf,1
2024,v,2
2024,v1,2
2024,v2,122
2024,v3,1
2024,v5v,1
2024,vala,31
2024,variables,2
2024,vasp,1135
2024,vb,15
2024,vbproj,3
2024,vbs,2
2024,vcl,1
2024,vcproj,1
2024,vcxproj,73
2024,vdproj,2
2024,vel,1
2024,vert,3
2024,vi,5
2024,vil,3
2024,vim,137
2024,vimrc,24
2024,vs,8
2024,vsh,1
2024,vsidx,297
2024,vue,2266
2024,vv,4
2024,vy,1
2024,wandb,1
2024,war,2
2024,wasm,116
2024,wat,1
2024,wav,191
2024,wdl,2
2024,web,1
2024,webm,17
2024,webmanifest,5
2024,webp,1352
2024,whitesource,6
2024,whl,27
2024,win,2
2024,wktree,7
2024,woff,1200
2024,woff2,25
2024,words,1
2024,work,1
2024,workspace,6
2024,wsdl,1
2024,wslconfig,1
2024,wsuo,19
2024,wt,46
2024,www,1
2024,wxml,39
2024,wxss,14
2024,x,50
2024,xaml,41
2024,xcactivitylog,298
2024,xcbkptlist,17
2024,xcconfig,68
2024,xccurrentversion,1
2024,xcent,2
2024,xcf,27
2024,xcfilelist,7
2024,xcprivacy,1
2024,xcscheme,73
2024,xcstrings,1
2024,xcuserstate,85
2024,xcworkspacedata,5
2024,xfl,1
2024,xhtml,85
2024,xib,4
2024,xinitrc,8
2024,xls,8
2024,xlsm,2
2024,xlsx,416
2024,xml,4842
2024,xmp,1
2024,xpm,47
2024,xpr,1
2024,xprofile,1
2024,xresources,3
2024,xsd,44
2024,xsl,3
2024,xtb,1787
2024,xy,3
2024,xz,1
2024,yaml,2978
2024,ym,2
2024,yml,5613
2024,yy,140
2024,yyp,5
2024,zcompdump,1
2024,zig,10
2024,zip,716
2024,zprofile,5
2024,zsh,119
2024,zshenv,7
2024,zshrc,209
2024,zz,2
2025,0,4
2025,1,10
2025,2,1
2025,2d,2
2025,3d,1
2025,4th,8
2025,5,3
2025,6dof,1
2025,6timer,1
2025,a,1
2025,a3m,1
2025,aarch64,5
2025,add,2
2025,adoc,30
2025,aes,1
2025,afdesign,1
2025,afphoto,1
2025,agignore,1
2025,al,18
2025,aliases,14
2025,all,1
2025,amigaos,6
2025,amigaos4,6
2025,ana,1
2025,apk,3
2025,asm,16
2025,aspx,1
2025,asset,8
2025,astro,127
2025,awk,2
2025,backup,1
2025,bak,55
2025,bash,36
2025,bashrc,43
2025,bat,4
2025,beta,2
2025,bib,5
2025,bin,8
2025,blackarch,3
2025,br,49
2025,brewfile,19
2025,browserslistrc,1
2025,bzl,1
2025,c,455
2025,cache,22
2025,car,3
2025,cc,5034
2025,cento,2
2025,cff,5
2025,cfg,28
2025,cheat,70
2025,chromium,100
2025,cjs,109
2025,class,17
2025,classpath,5
2025,client,3
2025,cls,33
2025,clsp,1
2025,cmake,23
2025,cmd,6
2025,conf,301
2025,config,3603
2025,count,4
2025,cpp,1908
2025,crt,2
2025,cs,68
2025,csproj,40
2025,css,538
2025,csv,129
2025,cts,3
2025,cursorrules,1
2025,da,1
2025,dart,148
2025,dat,1
2025,db,3
2025,def,1
2025,delta,1
2025,desktop,2
2025,dev,33
2025,devcontainer,1
2025,develop,26
2025,development,3
2025,diagnostics,1
2025,diff,1
2025,disable,3
2025,disabled,3
2025,dm,8
2025,dme,2
2025,dmi,14
2025,doc,6
2025,docker,3
2025,dockerfile,19
2025,dockerignore,7
2025,docx,12
2025,drawio,8
2025,dsc,4
2025,dtx,1
2025,dwlt,2
2025,dylib,6
2025,editorconfig,9
2025,el,55
2025,emacs,15
2025,enc,4
2025,env,31
2025,eot,1
2025,erb,130
2025,eslintignore,1
2025,ex,120
2025,example,44
2025,excalidraw,1
2025,exe,10
2025,exports,11
2025,exs,52
2025,f90,612
2025,filter,65
2025,filters,1
2025,fish,82
2025,flags,26
2025,flake8,2
2025,flaskenv,1
2025,form,3
2025,forth,5
2025,fr,1
2025,fs,14
2025,fth,118
2025,functions,2
2025,fxml,2
2025,g,70
2025,g4,51
2025,gd,13
2025,gdbinit,1
2025,gdshader,1
2025,gemspec,6
2025,gif,36
2025,gitattributes,8
2025,gitconfig,56
2025,gitignore,185
2025,gitkeep,1
2025,gitmodules,22
2025,globalconfig,1
2025,glsl,1
2025,gmredi,3
2025,gn,1670
2025,gni,305
2025,go,1137
2025,godot,4
2025,gpkg,9
2025,gradle,253
2025,graphql,1
2025,grd,74
2025,grdp,138
2025,gz,93
2025,h,3057
2025,hbs,8
2025,hcl,1
2025,help,1
2025,hex,2
2025,hint,5
2025,hpp,178
2025,htf,2
2025,htm,2
2025,html,21458
2025,hyjka,4
2025,icns,5
2025,ico,7
2025,icon,6
2025,ics,8
2025,id,1
2025,idl,11
2025,idx,4
2025,ignore,1
2025,iml,2
2025,import,10
2025,imports,1
2025,in,12
2025,include,4
2025,ini,30
2025,init,1
2025,ino,4
2025,install,2
2025,ipynb,71
2025,jar,268
2025,java,2610
2025,jl,3
2025,jpeg,20
2025,jpg,293
2025,js,4410
2025,json,10677
2025,json5,54
2025,jsonc,15
2025,jsonl,97
2025,jsp,9
2025,jsx,3448
2025,kali,3
2025,kdl,5
2025,key,3
2025,keymap,1
2025,kt,805
2025,kts,46
2025,lalrpop,3
2025,lang,3
2025,lco,2
2025,legacy,1
2025,less,1
2025,lfm,3
2025,license,6
2025,liquid,1
2025,list,5
2025,local,8
2025,lock,776
2025,lockb,1
2025,log,15
2025,lpi,8
2025,lpr,5
2025,lps,8
2025,lr,5
2025,lst,12
2025,lte,9
2025,lua,734
2025,m,3
2025,m4,25
2025,map,2038
2025,markdown,2
2025,mat,27
2025,md,7408
2025,mdc,32
2025,mdm,1
2025,mdx,6
2025,meta,4
2025,mf,16
2025,minigf,1
2025,mjs,410
2025,mk,5
2025,mm,352
2025,mod,95
2025,module,5
2025,mojom,75
2025,mp3,3
2025,mp4,3
2025,mplstyle,1
2025,mts,44
2025,myok,1
2025,n2disk,2
2025,name,1
2025,neon,2
2025,netrwhist,1
2025,new,1
2025,nft,1
2025,nightly,2
2025,nix,763
2025,njk,9
2025,npmignore,2
2025,npmrc,1
2025,nprobe,2
2025,nscrub,3
2025,ntopng,2
2025,nvim,1
2025,nw,1
2025,o,4
2025,opml,1
2025,org,20
2025,orig,131
2025,origin,1
2025,out,2
2025,pack,6
2025,parrot,3
2025,pas,15
2025,patch,798
2025,path,1
2025,pb,1
2025,pbxproj,6
2025,pc,1
2025,pdb,1
2025,pdf,11887
2025,pem,2
2025,pentoo,5
2025,pfring,2
2025,pgn,2981
2025,php,692
2025,phtml,17
2025,pk1,2
2025,pkg,1
2025,pkl,2
2025,pl,1
2025,plist,14
2025,pm,1
2025,png,1038
2025,po,26
2025,pod6,5
2025,podspec,6
2025,pot,2
2025,pp,9
2025,pper,2
2025,pptx,2
2025,pref,3
2025,prefab,10
2025,prettierignore,15
2025,prettierrc,6
2025,pro,1
2025,probe,1
2025,prod,1
2025,profile,9
2025,project,1
2025,properties,80
2025,props,1
2025,proto,13
2025,ps1,12
2025,pth,1
2025,puml,1
2025,py,3117
2025,pyc,253
2025,pyi,2
2025,pyx,2
2025,qmd,1
2025,qml,4
2025,r,34
2025,railsrc,1
2025,raku,6
2025,rakumod,76
2025,rakutest,38
2025,rasi,4
2025,rb,368
2025,rbs,2
2025,rc,15
2025,rd,4
2025,red,1
2025,release,1
2025,remmina,25
2025,repositories,1
2025,resolved,1
2025,rev,1
2025,rnc,2
2025,rockspec,1
2025,ron,1
2025,rproj,1
2025,rs,549
2025,rsc,95
2025,rst,102
2025,rules,3
2025,sample,5
2025,sass,13
2025,save,10
2025,sbt,3
2025,sc,22
2025,scd,1
2025,scfg,3
2025,schelp,22
2025,scm,6
2025,screenrc,1
2025,scss,274
2025,semgrepignore,1
2025,service,5
2025,settings,1
2025,sh,864
2025,sha1,22
2025,shl,1
2025,simulate,2
2025,sizes,22
2025,sld,1
2025,sln,1
2025,snap,27
2025,snippets,5
2025,so,4
2025,sources,1
2025,spec,13
2025,spl,2
2025,sql,125
2025,sqlite,1
2025,sqliterc,1
2025,srcinfo,1
2025,stackdump,1
2025,star,5
2025,start,12
2025,strings,393
2025,sty,3
2025,styl,9
2025,sum,53
2025,sv,13
2025,svelte,72
2025,svg,1991
2025,swift,603
2025,sym,1
2025,symlink,41
2025,syntax,3
2025,t,1
2025,tc,1
2025,template,9
2025,test,66
2025,testing,5
2025,tex,15
2025,tf,76
2025,tfvars,127
2025,tgz,4
2025,theme,11
2025,tif,6
2025,times,3
2025,tla,121
2025,tlb,1
2025,tmlanguage,1
2025,tmpl,7
2025,tmtheme,1
2025,toml,737
2025,tres,22
2025,ts,4687
2025,tsbuildinfo,12
2025,tscn,10
2025,tsconfig,1
2025,tst,6
2025,tsx,1678
2025,ttf,2
2025,twig,33
2025,txt,6199
2025,typoscript,5
2025,ui,2
2025,uid,24
2025,uvoptx,1
2025,uvprojx,1
2025,v2,1
2025,vcxproj,7
2025,versionrc,1
2025,vil,8
2025,vim,90
2025,vimrc,24
2025,vsconfig,1
2025,vto,1
2025,vue,1521
2025,wasm,44
2025,wav,2
2025,web,1
2025,webmanifest,4
2025,webp,7
2025,whl,2
2025,win,6
2025,woff,1
2025,woff2,2
2025,words,1
2025,work,1
2025,www,2
2025,wxml,18
2025,wxss,9
2025,xcuserstate,2
2025,xib,1
2025,xlf,24
2025,xls,2
2025,xlsx,23
2025,xml,670
2025,xpm,56
2025,xresources,2
2025,xsd,4
2025,xtb,2319
2025,xz,1
2025,yadmignore,2
2025,yaml,1335
2025,yapfignore,1
2025,yml,2365
2025,z01,1
2025,z02,1
2025,z03,1
2025,z04,1
2025,z05,1
2025,z06,1
2025,zip,18
2025,zprofile,6
2025,zsh,283
2025,zshenv,5
2025,zshrc,113
2025,zst,3
2026,0,1
2026,1,3
2026,4th,5
2026,5,1
2026,a3m,5
2026,aab,1
2026,ac,1
2026,add,1
2026,adoc,11
2026,aliases,4
2026,am,1
2026,anim,6
2026,asc,4
2026,asm,1
2026,asset,8
2026,astro,50
2026,bak,148
2026,baseline,1
2026,bash,1
2026,bashrc,19
2026,bat,8
2026,bib,1
2026,bin,18
2026,blackarch,1
2026,blerc,3
2026,bmp,2
2026,br,13
2026,brewfile,20
2026,c,161
2026,cache,1
2026,catalog,1
2026,cc,1340
2026,cff,1
2026,cfg,3
2026,cheat,21
2026,chezmoiignore,1
2026,chromium,7
2026,cjs,577
2026,class,56
2026,classpath,3
2026,cmake,5
2026,common,4
2026,component,1
2026,conf,141
2026,config,630
2026,controller,5
2026,cpp,197
2026,cppm,1
2026,cs,152
2026,csh,1
2026,csproj,20
2026,css,261
2026,csv,16
2026,cts,10
2026,cveignore,1
2026,dart,42
2026,db,19
2026,defaults,1
2026,dev,6
2026,diff,1
2026,diggs,1
2026,dist,1
2026,dll,45
2026,dockerfile,3
2026,dockerignore,3
2026,docx,5
2026,dsc,3
2026,dwlt,2
2026,editorconfig,1
2026,el,38
2026,env,10
2026,eot,1
2026,erb,3
2026,example,21
2026,exe,1
2026,exports,5
2026,extensions,3
2026,f90,263
2026,fasta,2
2026,feature,5
2026,filter,13
2026,firebaserc,1
2026,fish,47
2026,flags,13
2026,fs,84
2026,fth,2
2026,functions,1
2026,g4,8
2026,gemspec,4
2026,ghostty,3
2026,gif,10
2026,gitattributes,2
2026,gitconfig,20
2026,gitignore,129
2026,gitlab,1
2026,gitmodules,6
2026,global,1
2026,gn,257
2026,gni,55
2026,go,1248
2026,gotmpl,4
2026,gpx,1
2026,gradle,71
2026,grd,11
2026,grdp,33
2026,gz,21
2026,h,680
2026,hcl,2
2026,hex,1
2026,hintrc,1
2026,hpp,168
2026,htm,4
2026,html,16478
2026,icls,9
2026,ico,5
2026,ideavimrc,1
2026,idl,4
2026,iml,3
2026,in,5
2026,include,6
2026,ini,40
2026,ino,2
2026,inputactions,1
2026,ioc,1
2026,ipynb,32
2026,itermexport,1
2026,jar,24
2026,java,2111
2026,jinja,5
2026,jpeg,14
2026,jpg,1516
2026,js,1451
2026,json,3969
2026,json5,18
2026,jsonc,42
2026,jsp,1
2026,jsx,93
2026,kali,1
2026,kdl,66
2026,keystore,2
2026,kt,246
2026,kts,14
2026,kv,1
2026,lastupdated,2
2026,ld,1
2026,lighting,1
2026,linux,2
2026,list,5
2026,local,2
2026,lock,397
2026,log,1
2026,lpi,1
2026,lpr,1
2026,lps,1
2026,lsl,1
2026,lua,392
2026,m4,5
2026,macos,3
2026,map,1138
2026,mat,34
2026,md,3811
2026,md5,1
2026,mdc,9
2026,mdx,1
2026,meta,347
2026,mf,16
2026,mhtml,1
2026,minimal,1
2026,mixer,1
2026,mjs,395
2026,mk,3
2026,mm,50
2026,mod,37
2026,module,1
2026,mojom,9
2026,mov,3
2026,mp3,1
2026,mp4,19
2026,mts,49
2026,neon,1
2026,network,1
2026,nix,188
2026,number,2
2026,nuspec,1
2026,o,5
2026,ogv,2
2026,org,2
2026,orig,77
2026,otf,7
2026,packages,51
2026,parrot,1
2026,pas,7
2026,patch,558
2026,pbxproj,3
2026,pdf,70
2026,pentoo,2
2026,pgn,850
2026,php,1236
2026,phpt,9
2026,physicsmaterial2d,2
2026,piml,3
2026,pkgs,20
2026,plist,7
2026,plymouth,3
2026,png,401
2026,podspec,1
2026,pom,2
2026,pp,4
2026,pper,5
2026,prefab,24
2026,prefs,1
2026,prettierignore,3
2026,prisma,1
2026,pro,2
2026,profile,6
2026,projbuild,4
2026,project,4
2026,properties,69
2026,props,1
2026,proto,5
2026,ps1,72
2026,py,2102
2026,pyc,83
2026,pyi,1
2026,r,14
2026,rasi,12
2026,rb,201
2026,rc,1
2026,rdata,12
2026,rej,1
2026,repositories,3
2026,required,1
2026,rmd,3
2026,rs,522
2026,rst,14
2026,s,5
2026,sas7bdat,1
2026,sav,1
2026,sc,3
2026,scala,15
2026,schelp,1
2026,scm,5
2026,script,2
2026,scss,267
2026,service,26
2026,sh,601
2026,sha1,16
2026,shortcuts,1
2026,simulate,2
2026,slnx,2
2026,snap,19
2026,snippets,3
2026,spacemacs,1
2026,spec,4
2026,spl,1
2026,sql,78
2026,start,6
2026,sum,20
2026,svg,365
2026,swcrc,1
2026,swift,73
2026,symlink,4
2026,tape,1
2026,template,4
2026,test,54
2026,testbak,1
2026,tex,8
2026,tf,25
2026,tfvars,83
2026,tgz,2
2026,theme,4
2026,timer,2
2026,tmpl,4
2026,toml,508
2026,tools,1
2026,tpl,8
2026,trivyignore,1
2026,ts,1449
2026,tsbuildinfo,6
2026,tsx,267
2026,ttf,1
2026,txt,1680
2026,unity,10
2026,vim,39
2026,vimrc,1
2026,vscodeignore,1
2026,vue,27
2026,wasm,12
2026,wav,2
2026,webm,2
2026,webp,66
2026,winget,12
2026,woff,1
2026,wsl,2
2026,wslconfig,1
2026,wxml,32
2026,wxss,20
2026,xcompose,1
2026,xcscheme,2
2026,xcuserstate,1
2026,xcworkspacedata,1
2026,xlsx,16
2026,xml,368
2026,xsl,1
2026,yaml,991
2026,yml,992
2026,yuck,2
2026,zip,8
2026,zprofile,3
2026,zsh,225
2026,zshenv,2
2026,zshrc,60
